2026-09-22 00:02:42 [XNIO-1 task-2] ERROR o.d.c.w.h.GlobalExceptionHandler - 请求地址'/mp/int/sample' 发生 JSON 解析异常: Unexpected character (',' (code 44)): expected a valid value (JSON String, Number, Array, Object or token 'null', 'true' or 'false')
 at [Source: REDACTED (`StreamReadFeature.INCLUDE_SOURCE_IN_LOCATION` disabled); line: 1, column: 7]
2026-09-22 00:02:46 [XNIO-1 task-2] ERROR o.d.c.w.h.GlobalExceptionHandler - 请求地址'/mp/int/sample' 发生 JSON 解析异常: Unexpected character (',' (code 44)): expected a valid value (JSON String, Number, Array, Object or token 'null', 'true' or 'false')
 at [Source: REDACTED (`StreamReadFeature.INCLUDE_SOURCE_IN_LOCATION` disabled); line: 1, column: 7]
2026-09-22 00:02:46 [XNIO-1 task-2] ERROR o.d.c.w.h.GlobalExceptionHandler - 缺少样本 id
2026-09-22 00:10:14 [XNIO-1 task-2] ERROR o.d.c.s.h.SaTokenExceptionHandler - 请求地址'/mp/int/sample/list',角色权限校验失败'无此角色：lqg_internal'
2026-09-22 00:10:37 [XNIO-1 task-2] ERROR o.d.c.w.h.GlobalExceptionHandler - 请求地址'/mp/int/sample' 发生 JSON 解析异常: Unexpected character (',' (code 44)): expected a valid value (JSON String, Number, Array, Object or token 'null', 'true' or 'false')
 at [Source: REDACTED (`StreamReadFeature.INCLUDE_SOURCE_IN_LOCATION` disabled); line: 1, column: 7]
2026-09-22 00:14:46 [XNIO-1 task-3] ERROR o.d.c.w.h.GlobalExceptionHandler - 请求地址'/mp/int/sample' 发生 JSON 解析异常: Unexpected character (',' (code 44)): expected a valid value (JSON String, Number, Array, Object or token 'null', 'true' or 'false')
 at [Source: REDACTED (`StreamReadFeature.INCLUDE_SOURCE_IN_LOCATION` disabled); line: 1, column: 7]
2026-09-22 00:18:22 [XNIO-1 task-2] ERROR o.d.c.w.h.GlobalExceptionHandler - 请求地址'/mp/int/sample' 发生 JSON 解析异常: Unexpected character (',' (code 44)): expected a valid value (JSON String, Number, Array, Object or token 'null', 'true' or 'false')
 at [Source: REDACTED (`StreamReadFeature.INCLUDE_SOURCE_IN_LOCATION` disabled); line: 1, column: 7]
2026-09-22 00:23:52 [XNIO-1 task-2] ERROR o.d.c.w.h.GlobalExceptionHandler - 样本不存在
2026-09-22 00:23:52 [XNIO-1 task-2] ERROR o.d.c.w.h.GlobalExceptionHandler - 样本不存在
2026-09-22 00:23:52 [XNIO-1 task-2] ERROR o.d.c.w.h.GlobalExceptionHandler - 样本不存在
2026-09-22 00:23:52 [XNIO-1 task-2] ERROR o.d.c.w.h.GlobalExceptionHandler - 请求地址'/mp/ext/home'不存在.
2026-09-22 00:23:52 [XNIO-1 task-2] ERROR o.d.c.s.h.SaTokenExceptionHandler - 请求地址'/lqg/sample/list',权限码校验失败'无此权限：lqg:sample:list'
2026-09-22 00:23:52 [XNIO-1 task-2] ERROR o.d.c.s.h.SaTokenExceptionHandler - 请求地址'/mp/int/sample/list',角色权限校验失败'无此角色：lqg_internal'
2026-09-22 00:23:52 [XNIO-1 task-2] ERROR o.d.c.s.h.SaTokenExceptionHandler - 请求地址'/mp/ext/sample/list',角色权限校验失败'无此角色：lqg_external'
2026-09-22 00:23:57 [XNIO-1 task-2] ERROR o.d.c.w.h.GlobalExceptionHandler - 样本不存在
2026-09-22 00:23:57 [XNIO-1 task-2] ERROR o.d.c.w.h.GlobalExceptionHandler - 样本不存在
2026-09-22 00:24:02 [XNIO-1 task-2] ERROR o.d.c.w.h.GlobalExceptionHandler - 样本不存在
2026-09-22 00:24:43 [XNIO-1 task-2] ERROR o.d.c.w.h.GlobalExceptionHandler - 样本不存在
2026-09-22 00:24:43 [XNIO-1 task-2] ERROR o.d.c.w.h.GlobalExceptionHandler - 这条记录是「类器官」类样本，不能从「组织」的入口修改
2026-09-22 00:24:43 [XNIO-1 task-2] ERROR o.d.c.w.h.GlobalExceptionHandler - 请求地址'/mp/ext/organoid/'不存在.
2026-09-22 00:25:02 [XNIO-1 task-2] ERROR o.d.c.w.h.GlobalExceptionHandler - 内部编号「T-hli01」已存在，请换一个
2026-09-22 00:25:02 [XNIO-1 task-2] ERROR o.d.c.w.h.GlobalExceptionHandler - 「类器官」类样本缺少必填项：类器官类型
2026-09-22 00:27:46 [XNIO-1 task-2] ERROR o.d.c.w.h.GlobalExceptionHandler - 只能修改重提本人提交的样本（同组的样本可以看，但不能改）
2026-09-22 00:28:17 [XNIO-1 task-2] ERROR o.d.c.s.h.SaTokenExceptionHandler - 请求地址'/lqg/sys/ping',认证失败'未能读取到有效 token',无法访问系统资源
2026-09-22 00:28:18 [XNIO-1 task-2] ERROR o.d.c.w.h.GlobalExceptionHandler - 只能修改重提本人提交的样本
2026-09-22 00:30:20 [XNIO-1 task-2] ERROR o.d.c.s.h.SaTokenExceptionHandler - 请求地址'/lqg/sys/ping',认证失败'未能读取到有效 token',无法访问系统资源
2026-09-22 00:30:29 [XNIO-1 task-2] ERROR o.d.c.w.h.GlobalExceptionHandler - 样本不存在
2026-09-22 00:30:29 [XNIO-1 task-2] ERROR o.d.c.w.h.GlobalExceptionHandler - 只能修改重提本人提交的样本（同组的样本可以看，但不能改）
2026-09-22 00:38:10 [XNIO-1 task-6] ERROR o.d.c.s.h.SaTokenExceptionHandler - 请求地址'/lqg/sample/list',认证失败'客户端ID与Token不匹配：eyJhbGciOiJIUzI1NiIsInR5cCI6IkpXVCJ9.eyJsb2dpblR5cGUiOiJsb2dpbiIsImxvZ2luSWQiOiJzeXNfdXNlcjo5MDAwMDAwMTAwIiwicm5TdHIiOiJvZVlIcG9xN3NCZUpDNWNWbnFPMlVwOW1KODRvVGFJZSIsImNsaWVudGlkIjoiZTVjZDdlNDg5MWJmOTVkMWQxOTIwNmNlMjRhN2IzMmUiLCJ0ZW5hbnRJZCI6IjAwMDAwMCIsInVzZXJJZCI6OTAwMDAwMDEwMCwidXNlck5hbWUiOiJscWdhZG1pbiJ9.1gnafGqZt8QJtRDOv8yIYGzLvsq2caJhKIkeV-K_P5U',无法访问系统资源
2026-09-22 00:40:05 [XNIO-1 task-6] ERROR o.d.c.s.h.SaTokenExceptionHandler - 请求地址'/system/dict/data/type/sample_kind',认证失败'未能读取到有效 token',无法访问系统资源
2026-09-22 00:40:05 [XNIO-1 task-6] ERROR o.d.c.s.h.SaTokenExceptionHandler - 请求地址'/system/dict/data/type/lqg_sample_kind',认证失败'未能读取到有效 token',无法访问系统资源
2026-09-22 00:55:43 [XNIO-1 task-2] ERROR o.d.c.s.h.SaTokenExceptionHandler - 请求地址'/lqg/sys/ping',认证失败'未能读取到有效 token',无法访问系统资源
2026-09-22 00:56:15 [XNIO-1 task-2] ERROR o.d.c.w.h.GlobalExceptionHandler - 样本不存在
2026-09-22 00:56:16 [XNIO-1 task-2] ERROR o.d.c.w.h.GlobalExceptionHandler - 样本不存在
2026-09-22 00:56:16 [XNIO-1 task-2] ERROR o.d.c.w.h.GlobalExceptionHandler - 样本不存在
2026-09-22 00:56:16 [XNIO-1 task-2] ERROR o.d.c.w.h.GlobalExceptionHandler - 样本不存在
2026-09-22 00:56:32 [XNIO-1 task-2] ERROR o.d.c.w.h.GlobalExceptionHandler - 请求地址'/mp/ext/sample/9000001002',发生未知异常.
org.springframework.dao.DataIntegrityViolationException: 
### Error updating database.  Cause: org.postgresql.util.PSQLException: ERROR: value too long for type character(1)
### The error may exist in org/dromara/lqg/sample/mapper/SampleMapper.java (best guess)
### The error may involve org.dromara.lqg.sample.mapper.SampleMapper.update-Inline
### The error occurred while setting parameters
### SQL: UPDATE t_lqg_sample  SET update_by=?,update_time=?,source_unit_id=?,source_unit_name=?,remark=?,tissue_type=?,donor_name=?,gender=?,age=?,hospital_no=?,has_pathology=?   WHERE del_flag='0'     AND (id = ?)
### Cause: org.postgresql.util.PSQLException: ERROR: value too long for type character(1)
; ERROR: value too long for type character(1)
	at org.springframework.jdbc.support.SQLStateSQLExceptionTranslator.doTranslate(SQLStateSQLExceptionTranslator.java:140)
	at org.springframework.jdbc.support.AbstractFallbackSQLExceptionTranslator.translate(AbstractFallbackSQLExceptionTranslator.java:107)
	at org.springframework.jdbc.support.AbstractFallbackSQLExceptionTranslator.translate(AbstractFallbackSQLExceptionTranslator.java:116)
	at org.springframework.jdbc.support.AbstractFallbackSQLExceptionTranslator.translate(AbstractFallbackSQLExceptionTranslator.java:116)
	at org.mybatis.spring.MyBatisExceptionTranslator.translateExceptionIfPossible(MyBatisExceptionTranslator.java:95)
	at org.mybatis.spring.SqlSessionTemplate$SqlSessionInterceptor.invoke(SqlSessionTemplate.java:347)
	at jdk.proxy2/jdk.proxy2.$Proxy155.update(Unknown Source)
	at org.mybatis.spring.SqlSessionTemplate.update(SqlSessionTemplate.java:234)
	at com.baomidou.mybatisplus.core.override.MybatisMapperMethod.execute(MybatisMapperMethod.java:64)
	at com.baomidou.mybatisplus.core.override.MybatisMapperProxy$PlainMethodInvoker.invoke(MybatisMapperProxy.java:156)
	at com.baomidou.mybatisplus.core.override.MybatisMapperProxy.invoke(MybatisMapperProxy.java:93)
	at jdk.proxy2/jdk.proxy2.$Proxy210.update(Unknown Source)
	at org.dromara.lqg.sample.verify.SampleVerifyService.lambda$resubmitByExternal$1(SampleVerifyService.java:190)
	at org.dromara.common.mybatis.helper.DataPermissionHelper.ignore(DataPermissionHelper.java:170)
	at org.dromara.lqg.sample.verify.SampleVerifyService.resubmitByExternal(SampleVerifyService.java:139)
	at java.base/jdk.internal.reflect.DirectMethodHandleAccessor.invoke(DirectMethodHandleAccessor.java:103)
	at java.base/java.lang.reflect.Method.invoke(Method.java:580)
	at org.springframework.aop.support.AopUtils.invokeJoinpointUsingReflection(AopUtils.java:360)
	at org.springframework.aop.framework.ReflectiveMethodInvocation.invokeJoinpoint(ReflectiveMethodInvocation.java:196)
	at org.springframework.aop.framework.ReflectiveMethodInvocation.proceed(ReflectiveMethodInvocation.java:163)
	at org.springframework.transaction.interceptor.TransactionAspectSupport.invokeWithinTransaction(TransactionAspectSupport.java:380)
	at org.springframework.transaction.interceptor.TransactionInterceptor.invoke(TransactionInterceptor.java:119)
	at org.springframework.aop.framework.ReflectiveMethodInvocation.proceed(ReflectiveMethodInvocation.java:184)
	at org.springframework.aop.framework.CglibAopProxy$DynamicAdvisedInterceptor.intercept(CglibAopProxy.java:728)
	at org.dromara.lqg.sample.verify.SampleVerifyService$$SpringCGLIB$$0.resubmitByExternal(<generated>)
	at org.dromara.lqg.sample.service.ExtSampleSubmitService.resubmitExternal(ExtSampleSubmitService.java:136)
	at org.dromara.lqg.sample.service.ExtSampleSubmitService.resubmitTissue(ExtSampleSubmitService.java:161)
	at java.base/jdk.internal.reflect.DirectMethodHandleAccessor.invoke(DirectMethodHandleAccessor.java:103)
	at java.base/java.lang.reflect.Method.invoke(Method.java:580)
	at org.springframework.aop.support.AopUtils.invokeJoinpointUsingReflection(AopUtils.java:360)
	at org.springframework.aop.framework.ReflectiveMethodInvocation.invokeJoinpoint(ReflectiveMethodInvocation.java:196)
	at org.springframework.aop.framework.ReflectiveMethodInvocation.proceed(ReflectiveMethodInvocation.java:163)
	at org.springframework.transaction.interceptor.TransactionAspectSupport.invokeWithinTransaction(TransactionAspectSupport.java:380)
	at org.springframework.transaction.interceptor.TransactionInterceptor.invoke(TransactionInterceptor.java:119)
	at org.springframework.aop.framework.ReflectiveMethodInvocation.proceed(ReflectiveMethodInvocation.java:184)
	at org.springframework.aop.framework.CglibAopProxy$DynamicAdvisedInterceptor.intercept(CglibAopProxy.java:728)
	at org.dromara.lqg.sample.service.ExtSampleSubmitService$$SpringCGLIB$$0.resubmitTissue(<generated>)
	at org.dromara.lqg.ext.controller.ExtSampleController.resubmit(ExtSampleController.java:93)
	at java.base/jdk.internal.reflect.DirectMethodHandleAccessor.invoke(DirectMethodHandleAccessor.java:103)
	at java.base/java.lang.reflect.Method.invoke(Method.java:580)
	at org.springframework.web.method.support.InvocableHandlerMethod.doInvoke(InvocableHandlerMethod.java:258)
	at org.springframework.web.method.support.InvocableHandlerMethod.invokeForRequest(InvocableHandlerMethod.java:191)
	at org.springframework.web.servlet.mvc.method.annotation.ServletInvocableHandlerMethod.invokeAndHandle(ServletInvocableHandlerMethod.java:118)
	at org.springframework.web.servlet.mvc.method.annotation.RequestMappingHandlerAdapter.invokeHandlerMethod(RequestMappingHandlerAdapter.java:991)
	at org.springframework.web.servlet.mvc.method.annotation.RequestMappingHandlerAdapter.handleInternal(RequestMappingHandlerAdapter.java:896)
	at org.springframework.web.servlet.mvc.method.AbstractHandlerMethodAdapter.handle(AbstractHandlerMethodAdapter.java:87)
	at org.springframework.web.servlet.DispatcherServlet.doDispatch(DispatcherServlet.java:1089)
	at org.springframework.web.servlet.DispatcherServlet.doService(DispatcherServlet.java:979)
	at org.springframework.web.servlet.FrameworkServlet.processRequest(FrameworkServlet.java:1014)
	at org.springframework.web.servlet.FrameworkServlet.doPut(FrameworkServlet.java:925)
	at jakarta.servlet.http.HttpServlet.service(HttpServlet.java:550)
	at org.springframework.web.servlet.FrameworkServlet.service(FrameworkServlet.java:885)
	at jakarta.servlet.http.HttpServlet.service(HttpServlet.java:614)
	at io.undertow.servlet.handlers.ServletHandler.handleRequest(ServletHandler.java:74)
	at io.undertow.servlet.handlers.FilterHandler$FilterChainImpl.doFilter(FilterHandler.java:129)
	at org.springframework.web.filter.CorsFilter.doFilterInternal(CorsFilter.java:91)
	at org.springframework.web.filter.OncePerRequestFilter.doFilter(OncePerRequestFilter.java:116)
	at io.undertow.servlet.core.ManagedFilter.doFilter(ManagedFilter.java:67)
	at io.undertow.servlet.handlers.FilterHandler$FilterChainImpl.doFilter(FilterHandler.java:131)
	at org.dromara.common.web.filter.RepeatableFilter.doFilter(RepeatableFilter.java:32)
	at io.undertow.servlet.core.ManagedFilter.doFilter(ManagedFilter.java:67)
	at io.undertow.servlet.handlers.FilterHandler$FilterChainImpl.doFilter(FilterHandler.java:131)
	at cn.dev33.satoken.filter.SaServletFilter.doFilter(SaServletFilter.java:143)
	at io.undertow.servlet.core.ManagedFilter.doFilter(ManagedFilter.java:67)
	at io.undertow.servlet.handlers.FilterHandler$FilterChainImpl.doFilter(FilterHandler.java:131)
	at cn.dev33.satoken.filter.SaFirewallCheckFilterForJakartaServlet.doFilter(SaFirewallCheckFilterForJakartaServlet.java:69)
	at io.undertow.servlet.core.ManagedFilter.doFilter(ManagedFilter.java:67)
	at io.undertow.servlet.handlers.FilterHandler$FilterChainImpl.doFilter(FilterHandler.java:131)
	at cn.dev33.satoken.filter.SaTokenCorsFilterForJakartaServlet.doFilter(SaTokenCorsFilterForJakartaServlet.java:52)
	at io.undertow.servlet.core.ManagedFilter.doFilter(ManagedFilter.java:67)
	at io.undertow.servlet.handlers.FilterHandler$FilterChainImpl.doFilter(FilterHandler.java:131)
	at cn.dev33.satoken.filter.SaTokenContextFilterForJakartaServlet.doFilter(SaTokenContextFilterForJakartaServlet.java:40)
	at io.undertow.servlet.core.ManagedFilter.doFilter(ManagedFilter.java:67)
	at io.undertow.servlet.handlers.FilterHandler$FilterChainImpl.doFilter(FilterHandler.java:131)
	at org.springframework.web.filter.RequestContextFilter.doFilterInternal(RequestContextFilter.java:100)
	at org.springframework.web.filter.OncePerRequestFilter.doFilter(OncePerRequestFilter.java:116)
	at io.undertow.servlet.core.ManagedFilter.doFilter(ManagedFilter.java:67)
	at io.undertow.servlet.handlers.FilterHandler$FilterChainImpl.doFilter(FilterHandler.java:131)
	at org.springframework.web.filter.FormContentFilter.doFilterInternal(FormContentFilter.java:93)
	at org.springframework.web.filter.OncePerRequestFilter.doFilter(OncePerRequestFilter.java:116)
	at io.undertow.servlet.core.ManagedFilter.doFilter(ManagedFilter.java:67)
	at io.undertow.servlet.handlers.FilterHandler$FilterChainImpl.doFilter(FilterHandler.java:131)
	at org.dromara.common.web.filter.XssFilter.doFilter(XssFilter.java:42)
	at io.undertow.servlet.core.ManagedFilter.doFilter(ManagedFilter.java:67)
	at io.undertow.servlet.handlers.FilterHandler$FilterChainImpl.doFilter(FilterHandler.java:131)
	at org.springframework.web.filter.ServerHttpObservationFilter.doFilterInternal(ServerHttpObservationFilter.java:110)
	at org.springframework.web.filter.OncePerRequestFilter.doFilter(OncePerRequestFilter.java:116)
	at io.undertow.servlet.core.ManagedFilter.doFilter(ManagedFilter.java:67)
	at io.undertow.servlet.handlers.FilterHandler$FilterChainImpl.doFilter(FilterHandler.java:131)
	at org.springframework.web.filter.CharacterEncodingFilter.doFilterInternal(CharacterEncodingFilter.java:201)
	at org.springframework.web.filter.OncePerRequestFilter.doFilter(OncePerRequestFilter.java:116)
	at io.undertow.servlet.core.ManagedFilter.doFilter(ManagedFilter.java:67)
	at io.undertow.servlet.handlers.FilterHandler$FilterChainImpl.doFilter(FilterHandler.java:131)
	at io.undertow.servlet.handlers.FilterHandler.handleRequest(FilterHandler.java:84)
	at io.undertow.servlet.handlers.security.ServletSecurityRoleHandler.handleRequest(ServletSecurityRoleHandler.java:62)
	at io.undertow.servlet.handlers.ServletChain$1.handleRequest(ServletChain.java:68)
	at io.undertow.servlet.handlers.ServletDispatchingHandler.handleRequest(ServletDispatchingHandler.java:36)
	at io.undertow.servlet.handlers.RedirectDirHandler.handleRequest(RedirectDirHandler.java:68)
	at io.undertow.servlet.handlers.security.SSLInformationAssociationHandler.handleRequest(SSLInformationAssociationHandler.java:117)
	at io.undertow.servlet.handlers.security.ServletAuthenticationCallHandler.handleRequest(ServletAuthenticationCallHandler.java:57)
	at io.undertow.server.handlers.PredicateHandler.handleRequest(PredicateHandler.java:43)
	at io.undertow.security.handlers.AbstractConfidentialityHandler.handleRequest(AbstractConfidentialityHandler.java:46)
	at io.undertow.servlet.handlers.security.ServletConfidentialityConstraintHandler.handleRequest(ServletConfidentialityConstraintHandler.java:64)
	at io.undertow.security.handlers.AuthenticationMechanismsHandler.handleRequest(AuthenticationMechanismsHandler.java:60)
	at io.undertow.servlet.handlers.security.CachedAuthenticatedSessionHandler.handleRequest(CachedAuthenticatedSessionHandler.java:75)
	at io.undertow.security.handlers.AbstractSecurityContextAssociationHandler.handleRequest(AbstractSecurityContextAssociationHandler.java:43)
	at io.undertow.server.handlers.PredicateHandler.handleRequest(PredicateHandler.java:43)
	at io.undertow.servlet.handlers.SendErrorPageHandler.handleRequest(SendErrorPageHandler.java:52)
	at io.undertow.server.handlers.PredicateHandler.handleRequest(PredicateHandler.java:43)
	at io.undertow.servlet.handlers.ServletInitialHandler.handleFirstRequest(ServletInitialHandler.java:271)
	at io.undertow.servlet.handlers.ServletInitialHandler$1.call(ServletInitialHandler.java:130)
	at io.undertow.servlet.handlers.ServletInitialHandler$1.call(ServletInitialHandler.java:127)
	at io.undertow.servlet.core.ServletRequestContextThreadSetupAction$1.call(ServletRequestContextThreadSetupAction.java:48)
	at io.undertow.servlet.core.ContextClassLoaderSetupAction$1.call(ContextClassLoaderSetupAction.java:43)
	at io.undertow.servlet.handlers.ServletInitialHandler.dispatchRequest(ServletInitialHandler.java:251)
	at io.undertow.servlet.handlers.ServletInitialHandler.lambda$new$1(ServletInitialHandler.java:99)
	at io.undertow.server.Connectors.executeRootHandler(Connectors.java:418)
	at io.undertow.server.HttpServerExchange$1.run(HttpServerExchange.java:938)
	at org.jboss.threads.ContextHandler$1.runWith(ContextHandler.java:18)
	at org.jboss.threads.EnhancedQueueExecutor$Task.doRunWith(EnhancedQueueExecutor.java:2691)
	at org.jboss.threads.EnhancedQueueExecutor$Task.run(EnhancedQueueExecutor.java:2670)
	at org.jboss.threads.EnhancedQueueExecutor$ThreadBody.run(EnhancedQueueExecutor.java:1615)
	at org.xnio.XnioWorker$WorkerThreadFactory$1$1.run(XnioWorker.java:1282)
	at java.base/java.lang.Thread.run(Thread.java:1583)
Caused by: org.postgresql.util.PSQLException: ERROR: value too long for type character(1)
	at org.postgresql.core.v3.QueryExecutorImpl.receiveErrorResponse(QueryExecutorImpl.java:2846)
	at org.postgresql.core.v3.QueryExecutorImpl.processResults(QueryExecutorImpl.java:2531)
	at org.postgresql.core.v3.QueryExecutorImpl.execute(QueryExecutorImpl.java:429)
	at org.postgresql.jdbc.PgStatement.executeInternal(PgStatement.java:526)
	at org.postgresql.jdbc.PgStatement.execute(PgStatement.java:436)
	at org.postgresql.jdbc.PgPreparedStatement.executeWithFlags(PgPreparedStatement.java:196)
	at org.postgresql.jdbc.PgPreparedStatement.execute(PgPreparedStatement.java:182)
	at com.zaxxer.hikari.pool.ProxyPreparedStatement.execute(ProxyPreparedStatement.java:44)
	at com.zaxxer.hikari.pool.HikariProxyPreparedStatement.execute(HikariProxyPreparedStatement.java)
	at com.p6spy.engine.wrapper.PreparedStatementWrapper.execute(PreparedStatementWrapper.java:362)
	at org.apache.ibatis.executor.statement.PreparedStatementHandler.update(PreparedStatementHandler.java:48)
	at org.apache.ibatis.executor.statement.RoutingStatementHandler.update(RoutingStatementHandler.java:75)
	at java.base/jdk.internal.reflect.DirectMethodHandleAccessor.invoke(DirectMethodHandleAccessor.java:103)
	at java.base/java.lang.reflect.Method.invoke(Method.java:580)
	at org.apache.ibatis.plugin.Plugin.invoke(Plugin.java:61)
	at jdk.proxy2/jdk.proxy2.$Proxy238.update(Unknown Source)
	at org.apache.ibatis.executor.SimpleExecutor.doUpdate(SimpleExecutor.java:50)
	at org.apache.ibatis.executor.BaseExecutor.update(BaseExecutor.java:117)
	at org.apache.ibatis.executor.CachingExecutor.update(CachingExecutor.java:76)
	at java.base/jdk.internal.reflect.DirectMethodHandleAccessor.invoke(DirectMethodHandleAccessor.java:103)
	at java.base/java.lang.reflect.Method.invoke(Method.java:580)
	at org.apache.ibatis.plugin.Invocation.proceed(Invocation.java:61)
	at com.baomidou.mybatisplus.extension.plugins.MybatisPlusInterceptor.intercept(MybatisPlusInterceptor.java:106)
	at org.apache.ibatis.plugin.Plugin.invoke(Plugin.java:59)
	at jdk.proxy2/jdk.proxy2.$Proxy236.update(Unknown Source)
	at org.apache.ibatis.session.defaults.DefaultSqlSession.update(DefaultSqlSession.java:197)
	at java.base/jdk.internal.reflect.DirectMethodHandleAccessor.invoke(DirectMethodHandleAccessor.java:103)
	at java.base/java.lang.reflect.Method.invoke(Method.java:580)
	at org.mybatis.spring.SqlSessionTemplate$SqlSessionInterceptor.invoke(SqlSessionTemplate.java:333)
	... 118 common frames omitted
2026-09-22 00:56:32 [XNIO-1 task-2] ERROR o.d.c.w.h.GlobalExceptionHandler - 只能修改重提本人提交的样本（同组的样本可以看，但不能改）
2026-09-22 00:56:32 [XNIO-1 task-2] ERROR o.d.c.w.h.GlobalExceptionHandler - 只能修改重提本人提交的样本（同组的样本可以看，但不能改）
2026-09-22 00:56:32 [XNIO-1 task-2] ERROR o.d.c.w.h.GlobalExceptionHandler - 样本当前状态不允许外部修改重提（只有待核验、无效的样本可以）
2026-09-22 00:56:45 [XNIO-1 task-2] ERROR o.d.c.w.h.GlobalExceptionHandler - 请求地址'/mp/ext/sample/9000001002',发生未知异常.
org.springframework.dao.DataIntegrityViolationException: 
### Error updating database.  Cause: org.postgresql.util.PSQLException: ERROR: null value in column "source_unit_name" of relation "t_lqg_sample" violates not-null constraint
  Detail: Failing row contains (9000001002, SJ90000002, tissue, external, 9000000111, pending, null, null, null, null, null, TcVJXrqPUYwPPs4JJt6NRg==, female, 45, W4l4jgCLEjzVNWXDivOY5g==, 胆管组织, null, Y, null, null, null, null, null, null, null, L3夹带探针, null, 9000000111, 2026-09-22 00:00:01, 9000000111, 2026-09-22 00:56:46, 0).
### The error may exist in org/dromara/lqg/sample/mapper/SampleMapper.java (best guess)
### The error may involve org.dromara.lqg.sample.mapper.SampleMapper.update-Inline
### The error occurred while setting parameters
### SQL: UPDATE t_lqg_sample  SET update_by=?,update_time=?,source_unit_id=?,source_unit_name=?,remark=?,tissue_type=?,donor_name=?,gender=?,age=?,hospital_no=?,has_pathology=?   WHERE del_flag='0'     AND (id = ?)
### Cause: org.postgresql.util.PSQLException: ERROR: null value in column "source_unit_name" of relation "t_lqg_sample" violates not-null constraint
  Detail: Failing row contains (9000001002, SJ90000002, tissue, external, 9000000111, pending, null, null, null, null, null, TcVJXrqPUYwPPs4JJt6NRg==, female, 45, W4l4jgCLEjzVNWXDivOY5g==, 胆管组织, null, Y, null, null, null, null, null, null, null, L3夹带探针, null, 9000000111, 2026-09-22 00:00:01, 9000000111, 2026-09-22 00:56:46, 0).
; ERROR: null value in column "source_unit_name" of relation "t_lqg_sample" violates not-null constraint
  Detail: Failing row contains (9000001002, SJ90000002, tissue, external, 9000000111, pending, null, null, null, null, null, TcVJXrqPUYwPPs4JJt6NRg==, female, 45, W4l4jgCLEjzVNWXDivOY5g==, 胆管组织, null, Y, null, null, null, null, null, null, null, L3夹带探针, null, 9000000111, 2026-09-22 00:00:01, 9000000111, 2026-09-22 00:56:46, 0).
	at org.springframework.jdbc.support.SQLErrorCodeSQLExceptionTranslator.doTranslate(SQLErrorCodeSQLExceptionTranslator.java:258)
	at org.springframework.jdbc.support.AbstractFallbackSQLExceptionTranslator.translate(AbstractFallbackSQLExceptionTranslator.java:107)
	at org.mybatis.spring.MyBatisExceptionTranslator.translateExceptionIfPossible(MyBatisExceptionTranslator.java:95)
	at org.mybatis.spring.SqlSessionTemplate$SqlSessionInterceptor.invoke(SqlSessionTemplate.java:347)
	at jdk.proxy2/jdk.proxy2.$Proxy155.update(Unknown Source)
	at org.mybatis.spring.SqlSessionTemplate.update(SqlSessionTemplate.java:234)
	at com.baomidou.mybatisplus.core.override.MybatisMapperMethod.execute(MybatisMapperMethod.java:64)
	at com.baomidou.mybatisplus.core.override.MybatisMapperProxy$PlainMethodInvoker.invoke(MybatisMapperProxy.java:156)
	at com.baomidou.mybatisplus.core.override.MybatisMapperProxy.invoke(MybatisMapperProxy.java:93)
	at jdk.proxy2/jdk.proxy2.$Proxy210.update(Unknown Source)
	at org.dromara.lqg.sample.verify.SampleVerifyService.lambda$resubmitByExternal$1(SampleVerifyService.java:190)
	at org.dromara.common.mybatis.helper.DataPermissionHelper.ignore(DataPermissionHelper.java:170)
	at org.dromara.lqg.sample.verify.SampleVerifyService.resubmitByExternal(SampleVerifyService.java:139)
	at java.base/jdk.internal.reflect.DirectMethodHandleAccessor.invoke(DirectMethodHandleAccessor.java:103)
	at java.base/java.lang.reflect.Method.invoke(Method.java:580)
	at org.springframework.aop.support.AopUtils.invokeJoinpointUsingReflection(AopUtils.java:360)
	at org.springframework.aop.framework.ReflectiveMethodInvocation.invokeJoinpoint(ReflectiveMethodInvocation.java:196)
	at org.springframework.aop.framework.ReflectiveMethodInvocation.proceed(ReflectiveMethodInvocation.java:163)
	at org.springframework.transaction.interceptor.TransactionAspectSupport.invokeWithinTransaction(TransactionAspectSupport.java:380)
	at org.springframework.transaction.interceptor.TransactionInterceptor.invoke(TransactionInterceptor.java:119)
	at org.springframework.aop.framework.ReflectiveMethodInvocation.proceed(ReflectiveMethodInvocation.java:184)
	at org.springframework.aop.framework.CglibAopProxy$DynamicAdvisedInterceptor.intercept(CglibAopProxy.java:728)
	at org.dromara.lqg.sample.verify.SampleVerifyService$$SpringCGLIB$$0.resubmitByExternal(<generated>)
	at org.dromara.lqg.sample.service.ExtSampleSubmitService.resubmitExternal(ExtSampleSubmitService.java:136)
	at org.dromara.lqg.sample.service.ExtSampleSubmitService.resubmitTissue(ExtSampleSubmitService.java:161)
	at java.base/jdk.internal.reflect.DirectMethodHandleAccessor.invoke(DirectMethodHandleAccessor.java:103)
	at java.base/java.lang.reflect.Method.invoke(Method.java:580)
	at org.springframework.aop.support.AopUtils.invokeJoinpointUsingReflection(AopUtils.java:360)
	at org.springframework.aop.framework.ReflectiveMethodInvocation.invokeJoinpoint(ReflectiveMethodInvocation.java:196)
	at org.springframework.aop.framework.ReflectiveMethodInvocation.proceed(ReflectiveMethodInvocation.java:163)
	at org.springframework.transaction.interceptor.TransactionAspectSupport.invokeWithinTransaction(TransactionAspectSupport.java:380)
	at org.springframework.transaction.interceptor.TransactionInterceptor.invoke(TransactionInterceptor.java:119)
	at org.springframework.aop.framework.ReflectiveMethodInvocation.proceed(ReflectiveMethodInvocation.java:184)
	at org.springframework.aop.framework.CglibAopProxy$DynamicAdvisedInterceptor.intercept(CglibAopProxy.java:728)
	at org.dromara.lqg.sample.service.ExtSampleSubmitService$$SpringCGLIB$$0.resubmitTissue(<generated>)
	at org.dromara.lqg.ext.controller.ExtSampleController.resubmit(ExtSampleController.java:93)
	at java.base/jdk.internal.reflect.DirectMethodHandleAccessor.invoke(DirectMethodHandleAccessor.java:103)
	at java.base/java.lang.reflect.Method.invoke(Method.java:580)
	at org.springframework.web.method.support.InvocableHandlerMethod.doInvoke(InvocableHandlerMethod.java:258)
	at org.springframework.web.method.support.InvocableHandlerMethod.invokeForRequest(InvocableHandlerMethod.java:191)
	at org.springframework.web.servlet.mvc.method.annotation.ServletInvocableHandlerMethod.invokeAndHandle(ServletInvocableHandlerMethod.java:118)
	at org.springframework.web.servlet.mvc.method.annotation.RequestMappingHandlerAdapter.invokeHandlerMethod(RequestMappingHandlerAdapter.java:991)
	at org.springframework.web.servlet.mvc.method.annotation.RequestMappingHandlerAdapter.handleInternal(RequestMappingHandlerAdapter.java:896)
	at org.springframework.web.servlet.mvc.method.AbstractHandlerMethodAdapter.handle(AbstractHandlerMethodAdapter.java:87)
	at org.springframework.web.servlet.DispatcherServlet.doDispatch(DispatcherServlet.java:1089)
	at org.springframework.web.servlet.DispatcherServlet.doService(DispatcherServlet.java:979)
	at org.springframework.web.servlet.FrameworkServlet.processRequest(FrameworkServlet.java:1014)
	at org.springframework.web.servlet.FrameworkServlet.doPut(FrameworkServlet.java:925)
	at jakarta.servlet.http.HttpServlet.service(HttpServlet.java:550)
	at org.springframework.web.servlet.FrameworkServlet.service(FrameworkServlet.java:885)
	at jakarta.servlet.http.HttpServlet.service(HttpServlet.java:614)
	at io.undertow.servlet.handlers.ServletHandler.handleRequest(ServletHandler.java:74)
	at io.undertow.servlet.handlers.FilterHandler$FilterChainImpl.doFilter(FilterHandler.java:129)
	at org.springframework.web.filter.CorsFilter.doFilterInternal(CorsFilter.java:91)
	at org.springframework.web.filter.OncePerRequestFilter.doFilter(OncePerRequestFilter.java:116)
	at io.undertow.servlet.core.ManagedFilter.doFilter(ManagedFilter.java:67)
	at io.undertow.servlet.handlers.FilterHandler$FilterChainImpl.doFilter(FilterHandler.java:131)
	at org.dromara.common.web.filter.RepeatableFilter.doFilter(RepeatableFilter.java:32)
	at io.undertow.servlet.core.ManagedFilter.doFilter(ManagedFilter.java:67)
	at io.undertow.servlet.handlers.FilterHandler$FilterChainImpl.doFilter(FilterHandler.java:131)
	at cn.dev33.satoken.filter.SaServletFilter.doFilter(SaServletFilter.java:143)
	at io.undertow.servlet.core.ManagedFilter.doFilter(ManagedFilter.java:67)
	at io.undertow.servlet.handlers.FilterHandler$FilterChainImpl.doFilter(FilterHandler.java:131)
	at cn.dev33.satoken.filter.SaFirewallCheckFilterForJakartaServlet.doFilter(SaFirewallCheckFilterForJakartaServlet.java:69)
	at io.undertow.servlet.core.ManagedFilter.doFilter(ManagedFilter.java:67)
	at io.undertow.servlet.handlers.FilterHandler$FilterChainImpl.doFilter(FilterHandler.java:131)
	at cn.dev33.satoken.filter.SaTokenCorsFilterForJakartaServlet.doFilter(SaTokenCorsFilterForJakartaServlet.java:52)
	at io.undertow.servlet.core.ManagedFilter.doFilter(ManagedFilter.java:67)
	at io.undertow.servlet.handlers.FilterHandler$FilterChainImpl.doFilter(FilterHandler.java:131)
	at cn.dev33.satoken.filter.SaTokenContextFilterForJakartaServlet.doFilter(SaTokenContextFilterForJakartaServlet.java:40)
	at io.undertow.servlet.core.ManagedFilter.doFilter(ManagedFilter.java:67)
	at io.undertow.servlet.handlers.FilterHandler$FilterChainImpl.doFilter(FilterHandler.java:131)
	at org.springframework.web.filter.RequestContextFilter.doFilterInternal(RequestContextFilter.java:100)
	at org.springframework.web.filter.OncePerRequestFilter.doFilter(OncePerRequestFilter.java:116)
	at io.undertow.servlet.core.ManagedFilter.doFilter(ManagedFilter.java:67)
	at io.undertow.servlet.handlers.FilterHandler$FilterChainImpl.doFilter(FilterHandler.java:131)
	at org.springframework.web.filter.FormContentFilter.doFilterInternal(FormContentFilter.java:93)
	at org.springframework.web.filter.OncePerRequestFilter.doFilter(OncePerRequestFilter.java:116)
	at io.undertow.servlet.core.ManagedFilter.doFilter(ManagedFilter.java:67)
	at io.undertow.servlet.handlers.FilterHandler$FilterChainImpl.doFilter(FilterHandler.java:131)
	at org.dromara.common.web.filter.XssFilter.doFilter(XssFilter.java:42)
	at io.undertow.servlet.core.ManagedFilter.doFilter(ManagedFilter.java:67)
	at io.undertow.servlet.handlers.FilterHandler$FilterChainImpl.doFilter(FilterHandler.java:131)
	at org.springframework.web.filter.ServerHttpObservationFilter.doFilterInternal(ServerHttpObservationFilter.java:110)
	at org.springframework.web.filter.OncePerRequestFilter.doFilter(OncePerRequestFilter.java:116)
	at io.undertow.servlet.core.ManagedFilter.doFilter(ManagedFilter.java:67)
	at io.undertow.servlet.handlers.FilterHandler$FilterChainImpl.doFilter(FilterHandler.java:131)
	at org.springframework.web.filter.CharacterEncodingFilter.doFilterInternal(CharacterEncodingFilter.java:201)
	at org.springframework.web.filter.OncePerRequestFilter.doFilter(OncePerRequestFilter.java:116)
	at io.undertow.servlet.core.ManagedFilter.doFilter(ManagedFilter.java:67)
	at io.undertow.servlet.handlers.FilterHandler$FilterChainImpl.doFilter(FilterHandler.java:131)
	at io.undertow.servlet.handlers.FilterHandler.handleRequest(FilterHandler.java:84)
	at io.undertow.servlet.handlers.security.ServletSecurityRoleHandler.handleRequest(ServletSecurityRoleHandler.java:62)
	at io.undertow.servlet.handlers.ServletChain$1.handleRequest(ServletChain.java:68)
	at io.undertow.servlet.handlers.ServletDispatchingHandler.handleRequest(ServletDispatchingHandler.java:36)
	at io.undertow.servlet.handlers.RedirectDirHandler.handleRequest(RedirectDirHandler.java:68)
	at io.undertow.servlet.handlers.security.SSLInformationAssociationHandler.handleRequest(SSLInformationAssociationHandler.java:117)
	at io.undertow.servlet.handlers.security.ServletAuthenticationCallHandler.handleRequest(ServletAuthenticationCallHandler.java:57)
	at io.undertow.server.handlers.PredicateHandler.handleRequest(PredicateHandler.java:43)
	at io.undertow.security.handlers.AbstractConfidentialityHandler.handleRequest(AbstractConfidentialityHandler.java:46)
	at io.undertow.servlet.handlers.security.ServletConfidentialityConstraintHandler.handleRequest(ServletConfidentialityConstraintHandler.java:64)
	at io.undertow.security.handlers.AuthenticationMechanismsHandler.handleRequest(AuthenticationMechanismsHandler.java:60)
	at io.undertow.servlet.handlers.security.CachedAuthenticatedSessionHandler.handleRequest(CachedAuthenticatedSessionHandler.java:75)
	at io.undertow.security.handlers.AbstractSecurityContextAssociationHandler.handleRequest(AbstractSecurityContextAssociationHandler.java:43)
	at io.undertow.server.handlers.PredicateHandler.handleRequest(PredicateHandler.java:43)
	at io.undertow.servlet.handlers.SendErrorPageHandler.handleRequest(SendErrorPageHandler.java:52)
	at io.undertow.server.handlers.PredicateHandler.handleRequest(PredicateHandler.java:43)
	at io.undertow.servlet.handlers.ServletInitialHandler.handleFirstRequest(ServletInitialHandler.java:271)
	at io.undertow.servlet.handlers.ServletInitialHandler$1.call(ServletInitialHandler.java:130)
	at io.undertow.servlet.handlers.ServletInitialHandler$1.call(ServletInitialHandler.java:127)
	at io.undertow.servlet.core.ServletRequestContextThreadSetupAction$1.call(ServletRequestContextThreadSetupAction.java:48)
	at io.undertow.servlet.core.ContextClassLoaderSetupAction$1.call(ContextClassLoaderSetupAction.java:43)
	at io.undertow.servlet.handlers.ServletInitialHandler.dispatchRequest(ServletInitialHandler.java:251)
	at io.undertow.servlet.handlers.ServletInitialHandler.lambda$new$1(ServletInitialHandler.java:99)
	at io.undertow.server.Connectors.executeRootHandler(Connectors.java:418)
	at io.undertow.server.HttpServerExchange$1.run(HttpServerExchange.java:938)
	at org.jboss.threads.ContextHandler$1.runWith(ContextHandler.java:18)
	at org.jboss.threads.EnhancedQueueExecutor$Task.doRunWith(EnhancedQueueExecutor.java:2691)
	at org.jboss.threads.EnhancedQueueExecutor$Task.run(EnhancedQueueExecutor.java:2670)
	at org.jboss.threads.EnhancedQueueExecutor$ThreadBody.run(EnhancedQueueExecutor.java:1615)
	at org.xnio.XnioWorker$WorkerThreadFactory$1$1.run(XnioWorker.java:1282)
	at java.base/java.lang.Thread.run(Thread.java:1583)
Caused by: org.postgresql.util.PSQLException: ERROR: null value in column "source_unit_name" of relation "t_lqg_sample" violates not-null constraint
  Detail: Failing row contains (9000001002, SJ90000002, tissue, external, 9000000111, pending, null, null, null, null, null, TcVJXrqPUYwPPs4JJt6NRg==, female, 45, W4l4jgCLEjzVNWXDivOY5g==, 胆管组织, null, Y, null, null, null, null, null, null, null, L3夹带探针, null, 9000000111, 2026-09-22 00:00:01, 9000000111, 2026-09-22 00:56:46, 0).
	at org.postgresql.core.v3.QueryExecutorImpl.receiveErrorResponse(QueryExecutorImpl.java:2846)
	at org.postgresql.core.v3.QueryExecutorImpl.processResults(QueryExecutorImpl.java:2531)
	at org.postgresql.core.v3.QueryExecutorImpl.execute(QueryExecutorImpl.java:429)
	at org.postgresql.jdbc.PgStatement.executeInternal(PgStatement.java:526)
	at org.postgresql.jdbc.PgStatement.execute(PgStatement.java:436)
	at org.postgresql.jdbc.PgPreparedStatement.executeWithFlags(PgPreparedStatement.java:196)
	at org.postgresql.jdbc.PgPreparedStatement.execute(PgPreparedStatement.java:182)
	at com.zaxxer.hikari.pool.ProxyPreparedStatement.execute(ProxyPreparedStatement.java:44)
	at com.zaxxer.hikari.pool.HikariProxyPreparedStatement.execute(HikariProxyPreparedStatement.java)
	at com.p6spy.engine.wrapper.PreparedStatementWrapper.execute(PreparedStatementWrapper.java:362)
	at org.apache.ibatis.executor.statement.PreparedStatementHandler.update(PreparedStatementHandler.java:48)
	at org.apache.ibatis.executor.statement.RoutingStatementHandler.update(RoutingStatementHandler.java:75)
	at java.base/jdk.internal.reflect.DirectMethodHandleAccessor.invoke(DirectMethodHandleAccessor.java:103)
	at java.base/java.lang.reflect.Method.invoke(Method.java:580)
	at org.apache.ibatis.plugin.Plugin.invoke(Plugin.java:61)
	at jdk.proxy2/jdk.proxy2.$Proxy238.update(Unknown Source)
	at org.apache.ibatis.executor.SimpleExecutor.doUpdate(SimpleExecutor.java:50)
	at org.apache.ibatis.executor.BaseExecutor.update(BaseExecutor.java:117)
	at org.apache.ibatis.executor.CachingExecutor.update(CachingExecutor.java:76)
	at java.base/jdk.internal.reflect.DirectMethodHandleAccessor.invoke(DirectMethodHandleAccessor.java:103)
	at java.base/java.lang.reflect.Method.invoke(Method.java:580)
	at org.apache.ibatis.plugin.Invocation.proceed(Invocation.java:61)
	at com.baomidou.mybatisplus.extension.plugins.MybatisPlusInterceptor.intercept(MybatisPlusInterceptor.java:106)
	at org.apache.ibatis.plugin.Plugin.invoke(Plugin.java:59)
	at jdk.proxy2/jdk.proxy2.$Proxy236.update(Unknown Source)
	at org.apache.ibatis.session.defaults.DefaultSqlSession.update(DefaultSqlSession.java:197)
	at java.base/jdk.internal.reflect.DirectMethodHandleAccessor.invoke(DirectMethodHandleAccessor.java:103)
	at java.base/java.lang.reflect.Method.invoke(Method.java:580)
	at org.mybatis.spring.SqlSessionTemplate$SqlSessionInterceptor.invoke(SqlSessionTemplate.java:333)
	... 118 common frames omitted
2026-09-22 00:57:09 [XNIO-1 task-2] ERROR o.d.c.w.h.GlobalExceptionHandler - 待核验与无效的样本只能在网页工作台核验或改判，小程序里不能改
2026-09-22 00:57:09 [XNIO-1 task-2] ERROR o.d.c.w.h.GlobalExceptionHandler - 待核验与无效的样本只能在网页工作台核验或改判，小程序里不能改
2026-09-22 00:57:27 [XNIO-1 task-2] ERROR o.d.c.s.h.SaTokenExceptionHandler - 请求地址'/lqg/sample/list',权限码校验失败'无此权限：lqg:sample:list'
2026-09-22 00:57:27 [XNIO-1 task-2] ERROR o.d.c.s.h.SaTokenExceptionHandler - 请求地址'/lqg/sample/9000001001/verify',权限码校验失败'无此权限：lqg:sample:verify'
2026-09-22 00:57:27 [XNIO-1 task-2] ERROR o.d.c.s.h.SaTokenExceptionHandler - 请求地址'/mp/int/sample/list',角色权限校验失败'无此角色：lqg_internal'
2026-09-22 00:57:27 [XNIO-1 task-2] ERROR o.d.c.s.h.SaTokenExceptionHandler - 请求地址'/mp/ext/sample/list',角色权限校验失败'无此角色：lqg_external'
2026-09-22 00:57:27 [XNIO-1 task-2] ERROR o.d.c.s.h.SaTokenExceptionHandler - 请求地址'/mp/ext/organoid',角色权限校验失败'无此角色：lqg_external'
2026-09-22 00:57:38 [XNIO-1 task-2] ERROR o.d.c.w.h.GlobalExceptionHandler - 判有效必须同时给收样日期与内部编号，缺少：内部编号
2026-09-22 00:57:38 [XNIO-1 task-2] ERROR o.d.c.w.h.GlobalExceptionHandler - 内部编号「T-hli01」已存在，请换一个
2026-09-22 00:57:38 [XNIO-1 task-2] ERROR o.d.c.w.h.GlobalExceptionHandler - 判无效必须写原因
2026-09-22 00:57:38 [XNIO-1 task-2] ERROR o.d.c.w.h.GlobalExceptionHandler - 判有效必须同时给收样日期与内部编号，缺少：收样日期
2026-09-22 00:59:08 [XNIO-1 task-2] ERROR o.d.c.w.h.GlobalExceptionHandler - 请求地址'/mp/ext/organoid',发生未知异常.
org.springframework.dao.DataIntegrityViolationException: 
### Error updating database.  Cause: org.postgresql.util.PSQLException: ERROR: null value in column "source_unit_name" of relation "t_lqg_sample" violates not-null constraint
  Detail: Failing row contains (2102080197657481217, SJ00000032, organoid, external, 9000000113, pending, null, null, null, null, null, null, null, null, null, null, L3类器官探针, null, null, null, null, null, null, null, null, L3夹带探针, null, 9000000113, 2026-09-22 00:59:09, 9000000113, 2026-09-22 00:59:09, 0).
### The error may exist in org/dromara/lqg/sample/mapper/SampleMapper.java (best guess)
### The error may involve org.dromara.lqg.sample.mapper.SampleMapper.insert-Inline
### The error occurred while setting parameters
### SQL: INSERT INTO t_lqg_sample  ( id, submit_no, sample_kind, submit_source, submitter_id, verify_status,           organoid_type,         remark,  create_dept, create_by, create_time, update_by, update_time )  VALUES (  ?, ?, ?, ?, ?, ?,           ?,         ?,  ?, ?, ?, ?, ?  )
### Cause: org.postgresql.util.PSQLException: ERROR: null value in column "source_unit_name" of relation "t_lqg_sample" violates not-null constraint
  Detail: Failing row contains (2102080197657481217, SJ00000032, organoid, external, 9000000113, pending, null, null, null, null, null, null, null, null, null, null, L3类器官探针, null, null, null, null, null, null, null, null, L3夹带探针, null, 9000000113, 2026-09-22 00:59:09, 9000000113, 2026-09-22 00:59:09, 0).
; ERROR: null value in column "source_unit_name" of relation "t_lqg_sample" violates not-null constraint
  Detail: Failing row contains (2102080197657481217, SJ00000032, organoid, external, 9000000113, pending, null, null, null, null, null, null, null, null, null, null, L3类器官探针, null, null, null, null, null, null, null, null, L3夹带探针, null, 9000000113, 2026-09-22 00:59:09, 9000000113, 2026-09-22 00:59:09, 0).
	at org.springframework.jdbc.support.SQLErrorCodeSQLExceptionTranslator.doTranslate(SQLErrorCodeSQLExceptionTranslator.java:258)
	at org.springframework.jdbc.support.AbstractFallbackSQLExceptionTranslator.translate(AbstractFallbackSQLExceptionTranslator.java:107)
	at org.mybatis.spring.MyBatisExceptionTranslator.translateExceptionIfPossible(MyBatisExceptionTranslator.java:95)
	at org.mybatis.spring.SqlSessionTemplate$SqlSessionInterceptor.invoke(SqlSessionTemplate.java:347)
	at jdk.proxy2/jdk.proxy2.$Proxy155.insert(Unknown Source)
	at org.mybatis.spring.SqlSessionTemplate.insert(SqlSessionTemplate.java:224)
	at com.baomidou.mybatisplus.core.override.MybatisMapperMethod.execute(MybatisMapperMethod.java:59)
	at com.baomidou.mybatisplus.core.override.MybatisMapperProxy$PlainMethodInvoker.invoke(MybatisMapperProxy.java:156)
	at com.baomidou.mybatisplus.core.override.MybatisMapperProxy.invoke(MybatisMapperProxy.java:93)
	at jdk.proxy2/jdk.proxy2.$Proxy210.insert(Unknown Source)
	at org.dromara.lqg.sample.service.ExtSampleSubmitService.lambda$insertExternalOrganoid$2(ExtSampleSubmitService.java:231)
	at org.dromara.common.mybatis.helper.DataPermissionHelper.ignore(DataPermissionHelper.java:170)
	at org.dromara.lqg.sample.service.ExtSampleSubmitService.insertExternalOrganoid(ExtSampleSubmitService.java:220)
	at org.dromara.lqg.sample.service.ExtSampleSubmitService.submitOrganoid(ExtSampleSubmitService.java:95)
	at java.base/jdk.internal.reflect.DirectMethodHandleAccessor.invoke(DirectMethodHandleAccessor.java:103)
	at java.base/java.lang.reflect.Method.invoke(Method.java:580)
	at org.springframework.aop.support.AopUtils.invokeJoinpointUsingReflection(AopUtils.java:360)
	at org.springframework.aop.framework.ReflectiveMethodInvocation.invokeJoinpoint(ReflectiveMethodInvocation.java:196)
	at org.springframework.aop.framework.ReflectiveMethodInvocation.proceed(ReflectiveMethodInvocation.java:163)
	at org.springframework.transaction.interceptor.TransactionAspectSupport.invokeWithinTransaction(TransactionAspectSupport.java:380)
	at org.springframework.transaction.interceptor.TransactionInterceptor.invoke(TransactionInterceptor.java:119)
	at org.springframework.aop.framework.ReflectiveMethodInvocation.proceed(ReflectiveMethodInvocation.java:184)
	at org.springframework.aop.framework.CglibAopProxy$DynamicAdvisedInterceptor.intercept(CglibAopProxy.java:728)
	at org.dromara.lqg.sample.service.ExtSampleSubmitService$$SpringCGLIB$$0.submitOrganoid(<generated>)
	at org.dromara.lqg.ext.controller.ExtOrganoidController.submit(ExtOrganoidController.java:48)
	at java.base/jdk.internal.reflect.DirectMethodHandleAccessor.invoke(DirectMethodHandleAccessor.java:103)
	at java.base/java.lang.reflect.Method.invoke(Method.java:580)
	at org.springframework.web.method.support.InvocableHandlerMethod.doInvoke(InvocableHandlerMethod.java:258)
	at org.springframework.web.method.support.InvocableHandlerMethod.invokeForRequest(InvocableHandlerMethod.java:191)
	at org.springframework.web.servlet.mvc.method.annotation.ServletInvocableHandlerMethod.invokeAndHandle(ServletInvocableHandlerMethod.java:118)
	at org.springframework.web.servlet.mvc.method.annotation.RequestMappingHandlerAdapter.invokeHandlerMethod(RequestMappingHandlerAdapter.java:991)
	at org.springframework.web.servlet.mvc.method.annotation.RequestMappingHandlerAdapter.handleInternal(RequestMappingHandlerAdapter.java:896)
	at org.springframework.web.servlet.mvc.method.AbstractHandlerMethodAdapter.handle(AbstractHandlerMethodAdapter.java:87)
	at org.springframework.web.servlet.DispatcherServlet.doDispatch(DispatcherServlet.java:1089)
	at org.springframework.web.servlet.DispatcherServlet.doService(DispatcherServlet.java:979)
	at org.springframework.web.servlet.FrameworkServlet.processRequest(FrameworkServlet.java:1014)
	at org.springframework.web.servlet.FrameworkServlet.doPost(FrameworkServlet.java:914)
	at jakarta.servlet.http.HttpServlet.service(HttpServlet.java:547)
	at org.springframework.web.servlet.FrameworkServlet.service(FrameworkServlet.java:885)
	at jakarta.servlet.http.HttpServlet.service(HttpServlet.java:614)
	at io.undertow.servlet.handlers.ServletHandler.handleRequest(ServletHandler.java:74)
	at io.undertow.servlet.handlers.FilterHandler$FilterChainImpl.doFilter(FilterHandler.java:129)
	at org.springframework.web.filter.CorsFilter.doFilterInternal(CorsFilter.java:91)
	at org.springframework.web.filter.OncePerRequestFilter.doFilter(OncePerRequestFilter.java:116)
	at io.undertow.servlet.core.ManagedFilter.doFilter(ManagedFilter.java:67)
	at io.undertow.servlet.handlers.FilterHandler$FilterChainImpl.doFilter(FilterHandler.java:131)
	at org.dromara.common.web.filter.RepeatableFilter.doFilter(RepeatableFilter.java:32)
	at io.undertow.servlet.core.ManagedFilter.doFilter(ManagedFilter.java:67)
	at io.undertow.servlet.handlers.FilterHandler$FilterChainImpl.doFilter(FilterHandler.java:131)
	at cn.dev33.satoken.filter.SaServletFilter.doFilter(SaServletFilter.java:143)
	at io.undertow.servlet.core.ManagedFilter.doFilter(ManagedFilter.java:67)
	at io.undertow.servlet.handlers.FilterHandler$FilterChainImpl.doFilter(FilterHandler.java:131)
	at cn.dev33.satoken.filter.SaFirewallCheckFilterForJakartaServlet.doFilter(SaFirewallCheckFilterForJakartaServlet.java:69)
	at io.undertow.servlet.core.ManagedFilter.doFilter(ManagedFilter.java:67)
	at io.undertow.servlet.handlers.FilterHandler$FilterChainImpl.doFilter(FilterHandler.java:131)
	at cn.dev33.satoken.filter.SaTokenCorsFilterForJakartaServlet.doFilter(SaTokenCorsFilterForJakartaServlet.java:52)
	at io.undertow.servlet.core.ManagedFilter.doFilter(ManagedFilter.java:67)
	at io.undertow.servlet.handlers.FilterHandler$FilterChainImpl.doFilter(FilterHandler.java:131)
	at cn.dev33.satoken.filter.SaTokenContextFilterForJakartaServlet.doFilter(SaTokenContextFilterForJakartaServlet.java:40)
	at io.undertow.servlet.core.ManagedFilter.doFilter(ManagedFilter.java:67)
	at io.undertow.servlet.handlers.FilterHandler$FilterChainImpl.doFilter(FilterHandler.java:131)
	at org.springframework.web.filter.RequestContextFilter.doFilterInternal(RequestContextFilter.java:100)
	at org.springframework.web.filter.OncePerRequestFilter.doFilter(OncePerRequestFilter.java:116)
	at io.undertow.servlet.core.ManagedFilter.doFilter(ManagedFilter.java:67)
	at io.undertow.servlet.handlers.FilterHandler$FilterChainImpl.doFilter(FilterHandler.java:131)
	at org.springframework.web.filter.FormContentFilter.doFilterInternal(FormContentFilter.java:93)
	at org.springframework.web.filter.OncePerRequestFilter.doFilter(OncePerRequestFilter.java:116)
	at io.undertow.servlet.core.ManagedFilter.doFilter(ManagedFilter.java:67)
	at io.undertow.servlet.handlers.FilterHandler$FilterChainImpl.doFilter(FilterHandler.java:131)
	at org.dromara.common.web.filter.XssFilter.doFilter(XssFilter.java:42)
	at io.undertow.servlet.core.ManagedFilter.doFilter(ManagedFilter.java:67)
	at io.undertow.servlet.handlers.FilterHandler$FilterChainImpl.doFilter(FilterHandler.java:131)
	at org.springframework.web.filter.ServerHttpObservationFilter.doFilterInternal(ServerHttpObservationFilter.java:110)
	at org.springframework.web.filter.OncePerRequestFilter.doFilter(OncePerRequestFilter.java:116)
	at io.undertow.servlet.core.ManagedFilter.doFilter(ManagedFilter.java:67)
	at io.undertow.servlet.handlers.FilterHandler$FilterChainImpl.doFilter(FilterHandler.java:131)
	at org.springframework.web.filter.CharacterEncodingFilter.doFilterInternal(CharacterEncodingFilter.java:201)
	at org.springframework.web.filter.OncePerRequestFilter.doFilter(OncePerRequestFilter.java:116)
	at io.undertow.servlet.core.ManagedFilter.doFilter(ManagedFilter.java:67)
	at io.undertow.servlet.handlers.FilterHandler$FilterChainImpl.doFilter(FilterHandler.java:131)
	at io.undertow.servlet.handlers.FilterHandler.handleRequest(FilterHandler.java:84)
	at io.undertow.servlet.handlers.security.ServletSecurityRoleHandler.handleRequest(ServletSecurityRoleHandler.java:62)
	at io.undertow.servlet.handlers.ServletChain$1.handleRequest(ServletChain.java:68)
	at io.undertow.servlet.handlers.ServletDispatchingHandler.handleRequest(ServletDispatchingHandler.java:36)
	at io.undertow.servlet.handlers.RedirectDirHandler.handleRequest(RedirectDirHandler.java:68)
	at io.undertow.servlet.handlers.security.SSLInformationAssociationHandler.handleRequest(SSLInformationAssociationHandler.java:117)
	at io.undertow.servlet.handlers.security.ServletAuthenticationCallHandler.handleRequest(ServletAuthenticationCallHandler.java:57)
	at io.undertow.server.handlers.PredicateHandler.handleRequest(PredicateHandler.java:43)
	at io.undertow.security.handlers.AbstractConfidentialityHandler.handleRequest(AbstractConfidentialityHandler.java:46)
	at io.undertow.servlet.handlers.security.ServletConfidentialityConstraintHandler.handleRequest(ServletConfidentialityConstraintHandler.java:64)
	at io.undertow.security.handlers.AuthenticationMechanismsHandler.handleRequest(AuthenticationMechanismsHandler.java:60)
	at io.undertow.servlet.handlers.security.CachedAuthenticatedSessionHandler.handleRequest(CachedAuthenticatedSessionHandler.java:75)
	at io.undertow.security.handlers.AbstractSecurityContextAssociationHandler.handleRequest(AbstractSecurityContextAssociationHandler.java:43)
	at io.undertow.server.handlers.PredicateHandler.handleRequest(PredicateHandler.java:43)
	at io.undertow.servlet.handlers.SendErrorPageHandler.handleRequest(SendErrorPageHandler.java:52)
	at io.undertow.server.handlers.PredicateHandler.handleRequest(PredicateHandler.java:43)
	at io.undertow.servlet.handlers.ServletInitialHandler.handleFirstRequest(ServletInitialHandler.java:271)
	at io.undertow.servlet.handlers.ServletInitialHandler$1.call(ServletInitialHandler.java:130)
	at io.undertow.servlet.handlers.ServletInitialHandler$1.call(ServletInitialHandler.java:127)
	at io.undertow.servlet.core.ServletRequestContextThreadSetupAction$1.call(ServletRequestContextThreadSetupAction.java:48)
	at io.undertow.servlet.core.ContextClassLoaderSetupAction$1.call(ContextClassLoaderSetupAction.java:43)
	at io.undertow.servlet.handlers.ServletInitialHandler.dispatchRequest(ServletInitialHandler.java:251)
	at io.undertow.servlet.handlers.ServletInitialHandler.lambda$new$1(ServletInitialHandler.java:99)
	at io.undertow.server.Connectors.executeRootHandler(Connectors.java:418)
	at io.undertow.server.HttpServerExchange$1.run(HttpServerExchange.java:938)
	at org.jboss.threads.ContextHandler$1.runWith(ContextHandler.java:18)
	at org.jboss.threads.EnhancedQueueExecutor$Task.doRunWith(EnhancedQueueExecutor.java:2691)
	at org.jboss.threads.EnhancedQueueExecutor$Task.run(EnhancedQueueExecutor.java:2670)
	at org.jboss.threads.EnhancedQueueExecutor$ThreadBody.run(EnhancedQueueExecutor.java:1615)
	at org.xnio.XnioWorker$WorkerThreadFactory$1$1.run(XnioWorker.java:1282)
	at java.base/java.lang.Thread.run(Thread.java:1583)
Caused by: org.postgresql.util.PSQLException: ERROR: null value in column "source_unit_name" of relation "t_lqg_sample" violates not-null constraint
  Detail: Failing row contains (2102080197657481217, SJ00000032, organoid, external, 9000000113, pending, null, null, null, null, null, null, null, null, null, null, L3类器官探针, null, null, null, null, null, null, null, null, L3夹带探针, null, 9000000113, 2026-09-22 00:59:09, 9000000113, 2026-09-22 00:59:09, 0).
	at org.postgresql.core.v3.QueryExecutorImpl.receiveErrorResponse(QueryExecutorImpl.java:2846)
	at org.postgresql.core.v3.QueryExecutorImpl.processResults(QueryExecutorImpl.java:2531)
	at org.postgresql.core.v3.QueryExecutorImpl.execute(QueryExecutorImpl.java:429)
	at org.postgresql.jdbc.PgStatement.executeInternal(PgStatement.java:526)
	at org.postgresql.jdbc.PgStatement.execute(PgStatement.java:436)
	at org.postgresql.jdbc.PgPreparedStatement.executeWithFlags(PgPreparedStatement.java:196)
	at org.postgresql.jdbc.PgPreparedStatement.execute(PgPreparedStatement.java:182)
	at com.zaxxer.hikari.pool.ProxyPreparedStatement.execute(ProxyPreparedStatement.java:44)
	at com.zaxxer.hikari.pool.HikariProxyPreparedStatement.execute(HikariProxyPreparedStatement.java)
	at com.p6spy.engine.wrapper.PreparedStatementWrapper.execute(PreparedStatementWrapper.java:362)
	at org.apache.ibatis.executor.statement.PreparedStatementHandler.update(PreparedStatementHandler.java:48)
	at org.apache.ibatis.executor.statement.RoutingStatementHandler.update(RoutingStatementHandler.java:75)
	at java.base/jdk.internal.reflect.DirectMethodHandleAccessor.invoke(DirectMethodHandleAccessor.java:103)
	at java.base/java.lang.reflect.Method.invoke(Method.java:580)
	at org.apache.ibatis.plugin.Plugin.invoke(Plugin.java:61)
	at jdk.proxy2/jdk.proxy2.$Proxy238.update(Unknown Source)
	at org.apache.ibatis.executor.SimpleExecutor.doUpdate(SimpleExecutor.java:50)
	at org.apache.ibatis.executor.BaseExecutor.update(BaseExecutor.java:117)
	at org.apache.ibatis.executor.CachingExecutor.update(CachingExecutor.java:76)
	at java.base/jdk.internal.reflect.DirectMethodHandleAccessor.invoke(DirectMethodHandleAccessor.java:103)
	at java.base/java.lang.reflect.Method.invoke(Method.java:580)
	at org.apache.ibatis.plugin.Invocation.proceed(Invocation.java:61)
	at com.baomidou.mybatisplus.extension.plugins.MybatisPlusInterceptor.intercept(MybatisPlusInterceptor.java:106)
	at org.apache.ibatis.plugin.Plugin.invoke(Plugin.java:59)
	at jdk.proxy2/jdk.proxy2.$Proxy236.update(Unknown Source)
	at org.apache.ibatis.session.defaults.DefaultSqlSession.update(DefaultSqlSession.java:197)
	at org.apache.ibatis.session.defaults.DefaultSqlSession.insert(DefaultSqlSession.java:184)
	at java.base/jdk.internal.reflect.DirectMethodHandleAccessor.invoke(DirectMethodHandleAccessor.java:103)
	at java.base/java.lang.reflect.Method.invoke(Method.java:580)
	at org.mybatis.spring.SqlSessionTemplate$SqlSessionInterceptor.invoke(SqlSessionTemplate.java:333)
	... 107 common frames omitted
2026-09-22 01:05:33 [XNIO-1 task-2] ERROR o.d.c.s.h.SaTokenExceptionHandler - 请求地址'/mp/ext/sample/list',角色权限校验失败'无此角色：lqg_external'
2026-09-22 01:06:50 [XNIO-1 task-5] ERROR o.d.c.s.h.SaTokenExceptionHandler - 请求地址'/system/dict/data/type/sample_kind',认证失败'未能读取到有效 token',无法访问系统资源
2026-09-22 01:06:50 [XNIO-1 task-5] ERROR o.d.c.s.h.SaTokenExceptionHandler - 请求地址'/system/dict/data/type/lqg_sample_kind',认证失败'未能读取到有效 token',无法访问系统资源
2026-09-22 01:08:38 [XNIO-1 task-5] ERROR o.d.c.s.h.SaTokenExceptionHandler - 请求地址'/system/dict/data/type/sample_kind',认证失败'未能读取到有效 token',无法访问系统资源
2026-09-22 01:08:38 [XNIO-1 task-5] ERROR o.d.c.s.h.SaTokenExceptionHandler - 请求地址'/system/dict/data/type/lqg_sample_kind',认证失败'未能读取到有效 token',无法访问系统资源
2026-09-22 01:09:01 [XNIO-1 task-5] ERROR o.d.c.s.h.SaTokenExceptionHandler - 请求地址'/system/dict/data/type/lqg_sample_kind',认证失败'未能读取到有效 token',无法访问系统资源
2026-09-22 01:09:50 [XNIO-1 task-2] ERROR o.d.c.s.h.SaTokenExceptionHandler - 请求地址'/system/dict/data/type/sample_kind',认证失败'客户端ID与Token不匹配：eyJhbGciOiJIUzI1NiIsInR5cCI6IkpXVCJ9.eyJsb2dpblR5cGUiOiJsb2dpbiIsImxvZ2luSWQiOiJzeXNfdXNlcjo5MDAwMDAwMTAwIiwicm5TdHIiOiJnbnFMQUFJRTVwU2VTOEJUU1FTb2FBRlloMERhVFpuMyIsImNsaWVudGlkIjoiZTVjZDdlNDg5MWJmOTVkMWQxOTIwNmNlMjRhN2IzMmUiLCJ0ZW5hbnRJZCI6IjAwMDAwMCIsInVzZXJJZCI6OTAwMDAwMDEwMCwidXNlck5hbWUiOiJscWdhZG1pbiJ9.CcklFeCNVqEIIr8_ApIoMqmrQuQzACEMgMYwm_fOK34',无法访问系统资源
2026-09-22 01:09:50 [XNIO-1 task-2] ERROR o.d.c.s.h.SaTokenExceptionHandler - 请求地址'/system/dict/data/type/lqg_sample_kind',认证失败'客户端ID与Token不匹配：eyJhbGciOiJIUzI1NiIsInR5cCI6IkpXVCJ9.eyJsb2dpblR5cGUiOiJsb2dpbiIsImxvZ2luSWQiOiJzeXNfdXNlcjo5MDAwMDAwMTAwIiwicm5TdHIiOiJnbnFMQUFJRTVwU2VTOEJUU1FTb2FBRlloMERhVFpuMyIsImNsaWVudGlkIjoiZTVjZDdlNDg5MWJmOTVkMWQxOTIwNmNlMjRhN2IzMmUiLCJ0ZW5hbnRJZCI6IjAwMDAwMCIsInVzZXJJZCI6OTAwMDAwMDEwMCwidXNlck5hbWUiOiJscWdhZG1pbiJ9.CcklFeCNVqEIIr8_ApIoMqmrQuQzACEMgMYwm_fOK34',无法访问系统资源
2026-09-22 01:13:28 [XNIO-1 task-4] ERROR o.d.c.s.h.SaTokenExceptionHandler - 请求地址'/mp/int/sample/list',角色权限校验失败'无此角色：lqg_internal'
2026-09-22 01:13:29 [XNIO-1 task-4] ERROR o.d.c.w.h.GlobalExceptionHandler - 待核验与无效的样本只能在网页工作台核验或改判，小程序里不能改
2026-09-22 01:13:37 [XNIO-1 task-4] ERROR o.d.c.w.h.GlobalExceptionHandler - 请求地址'/mp/int/sample' 发生 JSON 解析异常: Unexpected character (',' (code 44)): expected a valid value (JSON String, Number, Array, Object or token 'null', 'true' or 'false')
 at [Source: REDACTED (`StreamReadFeature.INCLUDE_SOURCE_IN_LOCATION` disabled); line: 1, column: 7]
2026-09-22 01:13:56 [XNIO-1 task-4] ERROR o.d.c.w.h.GlobalExceptionHandler - 判有效必须同时给收样日期与内部编号，缺少：内部编号
2026-09-22 01:13:56 [XNIO-1 task-4] ERROR o.d.c.w.h.GlobalExceptionHandler - 内部编号「T-hli01」已存在，请换一个
2026-09-22 01:13:56 [XNIO-1 task-4] ERROR o.d.c.w.h.GlobalExceptionHandler - 判无效必须写原因
2026-09-22 01:21:33 [XNIO-1 task-2] ERROR o.d.c.w.h.GlobalExceptionHandler - 样本不存在
2026-09-22 01:21:33 [XNIO-1 task-2] ERROR o.d.c.w.h.GlobalExceptionHandler - 样本不存在
2026-09-22 01:27:17 [XNIO-1 task-2] ERROR o.d.c.s.h.SaTokenExceptionHandler - 请求地址'/lqg/sys/ping',认证失败'未能读取到有效 token',无法访问系统资源
2026-09-22 01:58:11 [XNIO-1 task-7] ERROR o.d.c.w.h.GlobalExceptionHandler - 内部编号「T-r2w01」已存在，请换一个
2026-09-22 02:03:56 [XNIO-1 task-2] ERROR o.d.c.w.h.GlobalExceptionHandler - 样本不存在
2026-09-22 02:03:56 [XNIO-1 task-2] ERROR o.d.c.w.h.GlobalExceptionHandler - 样本不存在
2026-09-22 02:04:00 [XNIO-1 task-2] ERROR o.d.c.w.h.GlobalExceptionHandler - 样本不存在
2026-09-22 02:04:00 [XNIO-1 task-2] ERROR o.d.c.w.h.GlobalExceptionHandler - 样本不存在
2026-09-22 02:04:17 [XNIO-1 task-2] ERROR o.d.c.w.h.GlobalExceptionHandler - 只能修改重提本人提交的样本（同组的样本可以看，但不能改）
2026-09-22 02:04:17 [XNIO-1 task-2] ERROR o.d.c.w.h.GlobalExceptionHandler - 样本当前状态不允许外部修改重提（只有待核验、无效的样本可以）
2026-09-22 02:04:26 [XNIO-1 task-2] ERROR o.d.c.w.h.GlobalExceptionHandler - 待核验与无效的样本只能在网页工作台核验或改判，小程序里不能改
2026-09-22 02:04:26 [XNIO-1 task-2] ERROR o.d.c.w.h.GlobalExceptionHandler - 待核验与无效的样本只能在网页工作台核验或改判，小程序里不能改
2026-09-22 02:04:34 [XNIO-1 task-2] ERROR o.d.c.s.h.SaTokenExceptionHandler - 请求地址'/lqg/sample/list',权限码校验失败'无此权限：lqg:sample:list'
2026-09-22 02:04:35 [XNIO-1 task-2] ERROR o.d.c.s.h.SaTokenExceptionHandler - 请求地址'/lqg/sample/9000001002/verify',权限码校验失败'无此权限：lqg:sample:verify'
2026-09-22 02:04:35 [XNIO-1 task-2] ERROR o.d.c.s.h.SaTokenExceptionHandler - 请求地址'/mp/int/sample/list',角色权限校验失败'无此角色：lqg_internal'
2026-09-22 02:04:35 [XNIO-1 task-2] ERROR o.d.c.s.h.SaTokenExceptionHandler - 请求地址'/mp/ext/sample/list',角色权限校验失败'无此角色：lqg_external'
2026-09-22 02:04:35 [XNIO-1 task-2] ERROR o.d.c.s.h.SaTokenExceptionHandler - 请求地址'/mp/ext/organoid',角色权限校验失败'无此角色：lqg_external'
2026-09-22 02:04:39 [XNIO-1 task-2] ERROR o.d.c.w.h.GlobalExceptionHandler - 判有效必须同时给收样日期与内部编号，缺少：内部编号
2026-09-22 02:04:39 [XNIO-1 task-2] ERROR o.d.c.w.h.GlobalExceptionHandler - 判有效必须同时给收样日期与内部编号，缺少：收样日期
2026-09-22 02:04:39 [XNIO-1 task-2] ERROR o.d.c.w.h.GlobalExceptionHandler - 内部编号「T-hli01」已存在，请换一个
2026-09-22 02:04:39 [XNIO-1 task-2] ERROR o.d.c.w.h.GlobalExceptionHandler - 判无效必须写原因
2026-09-22 02:05:12 [XNIO-1 task-2] ERROR o.d.c.w.h.GlobalExceptionHandler - 参数校验异常
2026-09-22 02:05:12 [XNIO-1 task-2] ERROR o.d.c.w.h.GlobalExceptionHandler - 请求地址'/mp/ext/organoid/list',不支持'GET'请求
2026-09-22 02:05:12 [XNIO-1 task-2] ERROR o.d.c.w.h.GlobalExceptionHandler - 请求地址'/mp/ext/embed/list'不存在.
2026-09-22 02:05:51 [XNIO-1 task-2] ERROR o.d.c.w.h.GlobalExceptionHandler - 样本当前状态不允许外部修改重提（只有待核验、无效的样本可以）
2026-09-22 02:05:51 [XNIO-1 task-2] ERROR o.d.c.w.h.GlobalExceptionHandler - 请求地址'/mp/ext/organoid',发生未知异常.
org.springframework.dao.DataIntegrityViolationException: 
### Error updating database.  Cause: org.postgresql.util.PSQLException: ERROR: null value in column "source_unit_name" of relation "t_lqg_sample" violates not-null constraint
  Detail: Failing row contains (2102096986307043330, SJ00000055, organoid, external, 9000000111, pending, null, null, null, null, null, null, null, null, null, null, L3R2探针B, null, null, null, null, null, null, null, null, L3R2探针B, null, 9000000111, 2026-09-22 02:05:51, 9000000111, 2026-09-22 02:05:51, 0).
### The error may exist in org/dromara/lqg/sample/mapper/SampleMapper.java (best guess)
### The error may involve org.dromara.lqg.sample.mapper.SampleMapper.insert-Inline
### The error occurred while setting parameters
### SQL: INSERT INTO t_lqg_sample  ( id, submit_no, sample_kind, submit_source, submitter_id, verify_status,           organoid_type,         remark,  create_dept, create_by, create_time, update_by, update_time )  VALUES (  ?, ?, ?, ?, ?, ?,           ?,         ?,  ?, ?, ?, ?, ?  )
### Cause: org.postgresql.util.PSQLException: ERROR: null value in column "source_unit_name" of relation "t_lqg_sample" violates not-null constraint
  Detail: Failing row contains (2102096986307043330, SJ00000055, organoid, external, 9000000111, pending, null, null, null, null, null, null, null, null, null, null, L3R2探针B, null, null, null, null, null, null, null, null, L3R2探针B, null, 9000000111, 2026-09-22 02:05:51, 9000000111, 2026-09-22 02:05:51, 0).
; ERROR: null value in column "source_unit_name" of relation "t_lqg_sample" violates not-null constraint
  Detail: Failing row contains (2102096986307043330, SJ00000055, organoid, external, 9000000111, pending, null, null, null, null, null, null, null, null, null, null, L3R2探针B, null, null, null, null, null, null, null, null, L3R2探针B, null, 9000000111, 2026-09-22 02:05:51, 9000000111, 2026-09-22 02:05:51, 0).
	at org.springframework.jdbc.support.SQLErrorCodeSQLExceptionTranslator.doTranslate(SQLErrorCodeSQLExceptionTranslator.java:258)
	at org.springframework.jdbc.support.AbstractFallbackSQLExceptionTranslator.translate(AbstractFallbackSQLExceptionTranslator.java:107)
	at org.mybatis.spring.MyBatisExceptionTranslator.translateExceptionIfPossible(MyBatisExceptionTranslator.java:95)
	at org.mybatis.spring.SqlSessionTemplate$SqlSessionInterceptor.invoke(SqlSessionTemplate.java:347)
	at jdk.proxy2/jdk.proxy2.$Proxy155.insert(Unknown Source)
	at org.mybatis.spring.SqlSessionTemplate.insert(SqlSessionTemplate.java:224)
	at com.baomidou.mybatisplus.core.override.MybatisMapperMethod.execute(MybatisMapperMethod.java:59)
	at com.baomidou.mybatisplus.core.override.MybatisMapperProxy$PlainMethodInvoker.invoke(MybatisMapperProxy.java:156)
	at com.baomidou.mybatisplus.core.override.MybatisMapperProxy.invoke(MybatisMapperProxy.java:93)
	at jdk.proxy2/jdk.proxy2.$Proxy210.insert(Unknown Source)
	at org.dromara.lqg.sample.service.ExtSampleSubmitService.lambda$insertExternalOrganoid$2(ExtSampleSubmitService.java:231)
	at org.dromara.common.mybatis.helper.DataPermissionHelper.ignore(DataPermissionHelper.java:170)
	at org.dromara.lqg.sample.service.ExtSampleSubmitService.insertExternalOrganoid(ExtSampleSubmitService.java:220)
	at org.dromara.lqg.sample.service.ExtSampleSubmitService.submitOrganoid(ExtSampleSubmitService.java:95)
	at java.base/jdk.internal.reflect.DirectMethodHandleAccessor.invoke(DirectMethodHandleAccessor.java:103)
	at java.base/java.lang.reflect.Method.invoke(Method.java:580)
	at org.springframework.aop.support.AopUtils.invokeJoinpointUsingReflection(AopUtils.java:360)
	at org.springframework.aop.framework.ReflectiveMethodInvocation.invokeJoinpoint(ReflectiveMethodInvocation.java:196)
	at org.springframework.aop.framework.ReflectiveMethodInvocation.proceed(ReflectiveMethodInvocation.java:163)
	at org.springframework.transaction.interceptor.TransactionAspectSupport.invokeWithinTransaction(TransactionAspectSupport.java:380)
	at org.springframework.transaction.interceptor.TransactionInterceptor.invoke(TransactionInterceptor.java:119)
	at org.springframework.aop.framework.ReflectiveMethodInvocation.proceed(ReflectiveMethodInvocation.java:184)
	at org.springframework.aop.framework.CglibAopProxy$DynamicAdvisedInterceptor.intercept(CglibAopProxy.java:728)
	at org.dromara.lqg.sample.service.ExtSampleSubmitService$$SpringCGLIB$$0.submitOrganoid(<generated>)
	at org.dromara.lqg.ext.controller.ExtOrganoidController.submit(ExtOrganoidController.java:48)
	at java.base/jdk.internal.reflect.DirectMethodHandleAccessor.invoke(DirectMethodHandleAccessor.java:103)
	at java.base/java.lang.reflect.Method.invoke(Method.java:580)
	at org.springframework.web.method.support.InvocableHandlerMethod.doInvoke(InvocableHandlerMethod.java:258)
	at org.springframework.web.method.support.InvocableHandlerMethod.invokeForRequest(InvocableHandlerMethod.java:191)
	at org.springframework.web.servlet.mvc.method.annotation.ServletInvocableHandlerMethod.invokeAndHandle(ServletInvocableHandlerMethod.java:118)
	at org.springframework.web.servlet.mvc.method.annotation.RequestMappingHandlerAdapter.invokeHandlerMethod(RequestMappingHandlerAdapter.java:991)
	at org.springframework.web.servlet.mvc.method.annotation.RequestMappingHandlerAdapter.handleInternal(RequestMappingHandlerAdapter.java:896)
	at org.springframework.web.servlet.mvc.method.AbstractHandlerMethodAdapter.handle(AbstractHandlerMethodAdapter.java:87)
	at org.springframework.web.servlet.DispatcherServlet.doDispatch(DispatcherServlet.java:1089)
	at org.springframework.web.servlet.DispatcherServlet.doService(DispatcherServlet.java:979)
	at org.springframework.web.servlet.FrameworkServlet.processRequest(FrameworkServlet.java:1014)
	at org.springframework.web.servlet.FrameworkServlet.doPost(FrameworkServlet.java:914)
	at jakarta.servlet.http.HttpServlet.service(HttpServlet.java:547)
	at org.springframework.web.servlet.FrameworkServlet.service(FrameworkServlet.java:885)
	at jakarta.servlet.http.HttpServlet.service(HttpServlet.java:614)
	at io.undertow.servlet.handlers.ServletHandler.handleRequest(ServletHandler.java:74)
	at io.undertow.servlet.handlers.FilterHandler$FilterChainImpl.doFilter(FilterHandler.java:129)
	at org.springframework.web.filter.CorsFilter.doFilterInternal(CorsFilter.java:91)
	at org.springframework.web.filter.OncePerRequestFilter.doFilter(OncePerRequestFilter.java:116)
	at io.undertow.servlet.core.ManagedFilter.doFilter(ManagedFilter.java:67)
	at io.undertow.servlet.handlers.FilterHandler$FilterChainImpl.doFilter(FilterHandler.java:131)
	at org.dromara.common.web.filter.RepeatableFilter.doFilter(RepeatableFilter.java:32)
	at io.undertow.servlet.core.ManagedFilter.doFilter(ManagedFilter.java:67)
	at io.undertow.servlet.handlers.FilterHandler$FilterChainImpl.doFilter(FilterHandler.java:131)
	at cn.dev33.satoken.filter.SaServletFilter.doFilter(SaServletFilter.java:143)
	at io.undertow.servlet.core.ManagedFilter.doFilter(ManagedFilter.java:67)
	at io.undertow.servlet.handlers.FilterHandler$FilterChainImpl.doFilter(FilterHandler.java:131)
	at cn.dev33.satoken.filter.SaFirewallCheckFilterForJakartaServlet.doFilter(SaFirewallCheckFilterForJakartaServlet.java:69)
	at io.undertow.servlet.core.ManagedFilter.doFilter(ManagedFilter.java:67)
	at io.undertow.servlet.handlers.FilterHandler$FilterChainImpl.doFilter(FilterHandler.java:131)
	at cn.dev33.satoken.filter.SaTokenCorsFilterForJakartaServlet.doFilter(SaTokenCorsFilterForJakartaServlet.java:52)
	at io.undertow.servlet.core.ManagedFilter.doFilter(ManagedFilter.java:67)
	at io.undertow.servlet.handlers.FilterHandler$FilterChainImpl.doFilter(FilterHandler.java:131)
	at cn.dev33.satoken.filter.SaTokenContextFilterForJakartaServlet.doFilter(SaTokenContextFilterForJakartaServlet.java:40)
	at io.undertow.servlet.core.ManagedFilter.doFilter(ManagedFilter.java:67)
	at io.undertow.servlet.handlers.FilterHandler$FilterChainImpl.doFilter(FilterHandler.java:131)
	at org.springframework.web.filter.RequestContextFilter.doFilterInternal(RequestContextFilter.java:100)
	at org.springframework.web.filter.OncePerRequestFilter.doFilter(OncePerRequestFilter.java:116)
	at io.undertow.servlet.core.ManagedFilter.doFilter(ManagedFilter.java:67)
	at io.undertow.servlet.handlers.FilterHandler$FilterChainImpl.doFilter(FilterHandler.java:131)
	at org.springframework.web.filter.FormContentFilter.doFilterInternal(FormContentFilter.java:93)
	at org.springframework.web.filter.OncePerRequestFilter.doFilter(OncePerRequestFilter.java:116)
	at io.undertow.servlet.core.ManagedFilter.doFilter(ManagedFilter.java:67)
	at io.undertow.servlet.handlers.FilterHandler$FilterChainImpl.doFilter(FilterHandler.java:131)
	at org.dromara.common.web.filter.XssFilter.doFilter(XssFilter.java:42)
	at io.undertow.servlet.core.ManagedFilter.doFilter(ManagedFilter.java:67)
	at io.undertow.servlet.handlers.FilterHandler$FilterChainImpl.doFilter(FilterHandler.java:131)
	at org.springframework.web.filter.ServerHttpObservationFilter.doFilterInternal(ServerHttpObservationFilter.java:110)
	at org.springframework.web.filter.OncePerRequestFilter.doFilter(OncePerRequestFilter.java:116)
	at io.undertow.servlet.core.ManagedFilter.doFilter(ManagedFilter.java:67)
	at io.undertow.servlet.handlers.FilterHandler$FilterChainImpl.doFilter(FilterHandler.java:131)
	at org.springframework.web.filter.CharacterEncodingFilter.doFilterInternal(CharacterEncodingFilter.java:201)
	at org.springframework.web.filter.OncePerRequestFilter.doFilter(OncePerRequestFilter.java:116)
	at io.undertow.servlet.core.ManagedFilter.doFilter(ManagedFilter.java:67)
	at io.undertow.servlet.handlers.FilterHandler$FilterChainImpl.doFilter(FilterHandler.java:131)
	at io.undertow.servlet.handlers.FilterHandler.handleRequest(FilterHandler.java:84)
	at io.undertow.servlet.handlers.security.ServletSecurityRoleHandler.handleRequest(ServletSecurityRoleHandler.java:62)
	at io.undertow.servlet.handlers.ServletChain$1.handleRequest(ServletChain.java:68)
	at io.undertow.servlet.handlers.ServletDispatchingHandler.handleRequest(ServletDispatchingHandler.java:36)
	at io.undertow.servlet.handlers.RedirectDirHandler.handleRequest(RedirectDirHandler.java:68)
	at io.undertow.servlet.handlers.security.SSLInformationAssociationHandler.handleRequest(SSLInformationAssociationHandler.java:117)
	at io.undertow.servlet.handlers.security.ServletAuthenticationCallHandler.handleRequest(ServletAuthenticationCallHandler.java:57)
	at io.undertow.server.handlers.PredicateHandler.handleRequest(PredicateHandler.java:43)
	at io.undertow.security.handlers.AbstractConfidentialityHandler.handleRequest(AbstractConfidentialityHandler.java:46)
	at io.undertow.servlet.handlers.security.ServletConfidentialityConstraintHandler.handleRequest(ServletConfidentialityConstraintHandler.java:64)
	at io.undertow.security.handlers.AuthenticationMechanismsHandler.handleRequest(AuthenticationMechanismsHandler.java:60)
	at io.undertow.servlet.handlers.security.CachedAuthenticatedSessionHandler.handleRequest(CachedAuthenticatedSessionHandler.java:75)
	at io.undertow.security.handlers.AbstractSecurityContextAssociationHandler.handleRequest(AbstractSecurityContextAssociationHandler.java:43)
	at io.undertow.server.handlers.PredicateHandler.handleRequest(PredicateHandler.java:43)
	at io.undertow.servlet.handlers.SendErrorPageHandler.handleRequest(SendErrorPageHandler.java:52)
	at io.undertow.server.handlers.PredicateHandler.handleRequest(PredicateHandler.java:43)
	at io.undertow.servlet.handlers.ServletInitialHandler.handleFirstRequest(ServletInitialHandler.java:271)
	at io.undertow.servlet.handlers.ServletInitialHandler$1.call(ServletInitialHandler.java:130)
	at io.undertow.servlet.handlers.ServletInitialHandler$1.call(ServletInitialHandler.java:127)
	at io.undertow.servlet.core.ServletRequestContextThreadSetupAction$1.call(ServletRequestContextThreadSetupAction.java:48)
	at io.undertow.servlet.core.ContextClassLoaderSetupAction$1.call(ContextClassLoaderSetupAction.java:43)
	at io.undertow.servlet.handlers.ServletInitialHandler.dispatchRequest(ServletInitialHandler.java:251)
	at io.undertow.servlet.handlers.ServletInitialHandler.lambda$new$1(ServletInitialHandler.java:99)
	at io.undertow.server.Connectors.executeRootHandler(Connectors.java:418)
	at io.undertow.server.HttpServerExchange$1.run(HttpServerExchange.java:938)
	at org.jboss.threads.ContextHandler$1.runWith(ContextHandler.java:18)
	at org.jboss.threads.EnhancedQueueExecutor$Task.doRunWith(EnhancedQueueExecutor.java:2691)
	at org.jboss.threads.EnhancedQueueExecutor$Task.run(EnhancedQueueExecutor.java:2670)
	at org.jboss.threads.EnhancedQueueExecutor$ThreadBody.run(EnhancedQueueExecutor.java:1615)
	at org.xnio.XnioWorker$WorkerThreadFactory$1$1.run(XnioWorker.java:1282)
	at java.base/java.lang.Thread.run(Thread.java:1583)
Caused by: org.postgresql.util.PSQLException: ERROR: null value in column "source_unit_name" of relation "t_lqg_sample" violates not-null constraint
  Detail: Failing row contains (2102096986307043330, SJ00000055, organoid, external, 9000000111, pending, null, null, null, null, null, null, null, null, null, null, L3R2探针B, null, null, null, null, null, null, null, null, L3R2探针B, null, 9000000111, 2026-09-22 02:05:51, 9000000111, 2026-09-22 02:05:51, 0).
	at org.postgresql.core.v3.QueryExecutorImpl.receiveErrorResponse(QueryExecutorImpl.java:2846)
	at org.postgresql.core.v3.QueryExecutorImpl.processResults(QueryExecutorImpl.java:2531)
	at org.postgresql.core.v3.QueryExecutorImpl.execute(QueryExecutorImpl.java:429)
	at org.postgresql.jdbc.PgStatement.executeInternal(PgStatement.java:526)
	at org.postgresql.jdbc.PgStatement.execute(PgStatement.java:436)
	at org.postgresql.jdbc.PgPreparedStatement.executeWithFlags(PgPreparedStatement.java:196)
	at org.postgresql.jdbc.PgPreparedStatement.execute(PgPreparedStatement.java:182)
	at com.zaxxer.hikari.pool.ProxyPreparedStatement.execute(ProxyPreparedStatement.java:44)
	at com.zaxxer.hikari.pool.HikariProxyPreparedStatement.execute(HikariProxyPreparedStatement.java)
	at com.p6spy.engine.wrapper.PreparedStatementWrapper.execute(PreparedStatementWrapper.java:362)
	at org.apache.ibatis.executor.statement.PreparedStatementHandler.update(PreparedStatementHandler.java:48)
	at org.apache.ibatis.executor.statement.RoutingStatementHandler.update(RoutingStatementHandler.java:75)
	at java.base/jdk.internal.reflect.DirectMethodHandleAccessor.invoke(DirectMethodHandleAccessor.java:103)
	at java.base/java.lang.reflect.Method.invoke(Method.java:580)
	at org.apache.ibatis.plugin.Plugin.invoke(Plugin.java:61)
	at jdk.proxy2/jdk.proxy2.$Proxy238.update(Unknown Source)
	at org.apache.ibatis.executor.SimpleExecutor.doUpdate(SimpleExecutor.java:50)
	at org.apache.ibatis.executor.BaseExecutor.update(BaseExecutor.java:117)
	at org.apache.ibatis.executor.CachingExecutor.update(CachingExecutor.java:76)
	at java.base/jdk.internal.reflect.DirectMethodHandleAccessor.invoke(DirectMethodHandleAccessor.java:103)
	at java.base/java.lang.reflect.Method.invoke(Method.java:580)
	at org.apache.ibatis.plugin.Invocation.proceed(Invocation.java:61)
	at com.baomidou.mybatisplus.extension.plugins.MybatisPlusInterceptor.intercept(MybatisPlusInterceptor.java:106)
	at org.apache.ibatis.plugin.Plugin.invoke(Plugin.java:59)
	at jdk.proxy2/jdk.proxy2.$Proxy236.update(Unknown Source)
	at org.apache.ibatis.session.defaults.DefaultSqlSession.update(DefaultSqlSession.java:197)
	at org.apache.ibatis.session.defaults.DefaultSqlSession.insert(DefaultSqlSession.java:184)
	at java.base/jdk.internal.reflect.DirectMethodHandleAccessor.invoke(DirectMethodHandleAccessor.java:103)
	at java.base/java.lang.reflect.Method.invoke(Method.java:580)
	at org.mybatis.spring.SqlSessionTemplate$SqlSessionInterceptor.invoke(SqlSessionTemplate.java:333)
	... 107 common frames omitted
2026-09-22 02:05:55 [XNIO-1 task-2] ERROR o.d.c.w.h.GlobalExceptionHandler - 请求地址'/mp/ext/sample/2102097004980084737',发生未知异常.
org.springframework.dao.DataIntegrityViolationException: 
### Error updating database.  Cause: org.postgresql.util.PSQLException: ERROR: value too long for type character(1)
### The error may exist in org/dromara/lqg/sample/mapper/SampleMapper.java (best guess)
### The error may involve org.dromara.lqg.sample.mapper.SampleMapper.update-Inline
### The error occurred while setting parameters
### SQL: UPDATE t_lqg_sample  SET update_by=?,update_time=?,source_unit_id=?,source_unit_name=?,remark=?,tissue_type=?,donor_name=?,gender=?,age=?,hospital_no=?,has_pathology=?   WHERE del_flag='0'     AND (id = ?)
### Cause: org.postgresql.util.PSQLException: ERROR: value too long for type character(1)
; ERROR: value too long for type character(1)
	at org.springframework.jdbc.support.SQLStateSQLExceptionTranslator.doTranslate(SQLStateSQLExceptionTranslator.java:140)
	at org.springframework.jdbc.support.AbstractFallbackSQLExceptionTranslator.translate(AbstractFallbackSQLExceptionTranslator.java:107)
	at org.springframework.jdbc.support.AbstractFallbackSQLExceptionTranslator.translate(AbstractFallbackSQLExceptionTranslator.java:116)
	at org.springframework.jdbc.support.AbstractFallbackSQLExceptionTranslator.translate(AbstractFallbackSQLExceptionTranslator.java:116)
	at org.mybatis.spring.MyBatisExceptionTranslator.translateExceptionIfPossible(MyBatisExceptionTranslator.java:95)
	at org.mybatis.spring.SqlSessionTemplate$SqlSessionInterceptor.invoke(SqlSessionTemplate.java:347)
	at jdk.proxy2/jdk.proxy2.$Proxy155.update(Unknown Source)
	at org.mybatis.spring.SqlSessionTemplate.update(SqlSessionTemplate.java:234)
	at com.baomidou.mybatisplus.core.override.MybatisMapperMethod.execute(MybatisMapperMethod.java:64)
	at com.baomidou.mybatisplus.core.override.MybatisMapperProxy$PlainMethodInvoker.invoke(MybatisMapperProxy.java:156)
	at com.baomidou.mybatisplus.core.override.MybatisMapperProxy.invoke(MybatisMapperProxy.java:93)
	at jdk.proxy2/jdk.proxy2.$Proxy210.update(Unknown Source)
	at org.dromara.lqg.sample.verify.SampleVerifyService.lambda$resubmitByExternal$1(SampleVerifyService.java:190)
	at org.dromara.common.mybatis.helper.DataPermissionHelper.ignore(DataPermissionHelper.java:170)
	at org.dromara.lqg.sample.verify.SampleVerifyService.resubmitByExternal(SampleVerifyService.java:139)
	at java.base/jdk.internal.reflect.DirectMethodHandleAccessor.invoke(DirectMethodHandleAccessor.java:103)
	at java.base/java.lang.reflect.Method.invoke(Method.java:580)
	at org.springframework.aop.support.AopUtils.invokeJoinpointUsingReflection(AopUtils.java:360)
	at org.springframework.aop.framework.ReflectiveMethodInvocation.invokeJoinpoint(ReflectiveMethodInvocation.java:196)
	at org.springframework.aop.framework.ReflectiveMethodInvocation.proceed(ReflectiveMethodInvocation.java:163)
	at org.springframework.transaction.interceptor.TransactionAspectSupport.invokeWithinTransaction(TransactionAspectSupport.java:380)
	at org.springframework.transaction.interceptor.TransactionInterceptor.invoke(TransactionInterceptor.java:119)
	at org.springframework.aop.framework.ReflectiveMethodInvocation.proceed(ReflectiveMethodInvocation.java:184)
	at org.springframework.aop.framework.CglibAopProxy$DynamicAdvisedInterceptor.intercept(CglibAopProxy.java:728)
	at org.dromara.lqg.sample.verify.SampleVerifyService$$SpringCGLIB$$0.resubmitByExternal(<generated>)
	at org.dromara.lqg.sample.service.ExtSampleSubmitService.resubmitExternal(ExtSampleSubmitService.java:136)
	at org.dromara.lqg.sample.service.ExtSampleSubmitService.resubmitTissue(ExtSampleSubmitService.java:161)
	at java.base/jdk.internal.reflect.DirectMethodHandleAccessor.invoke(DirectMethodHandleAccessor.java:103)
	at java.base/java.lang.reflect.Method.invoke(Method.java:580)
	at org.springframework.aop.support.AopUtils.invokeJoinpointUsingReflection(AopUtils.java:360)
	at org.springframework.aop.framework.ReflectiveMethodInvocation.invokeJoinpoint(ReflectiveMethodInvocation.java:196)
	at org.springframework.aop.framework.ReflectiveMethodInvocation.proceed(ReflectiveMethodInvocation.java:163)
	at org.springframework.transaction.interceptor.TransactionAspectSupport.invokeWithinTransaction(TransactionAspectSupport.java:380)
	at org.springframework.transaction.interceptor.TransactionInterceptor.invoke(TransactionInterceptor.java:119)
	at org.springframework.aop.framework.ReflectiveMethodInvocation.proceed(ReflectiveMethodInvocation.java:184)
	at org.springframework.aop.framework.CglibAopProxy$DynamicAdvisedInterceptor.intercept(CglibAopProxy.java:728)
	at org.dromara.lqg.sample.service.ExtSampleSubmitService$$SpringCGLIB$$0.resubmitTissue(<generated>)
	at org.dromara.lqg.ext.controller.ExtSampleController.resubmit(ExtSampleController.java:93)
	at java.base/jdk.internal.reflect.DirectMethodHandleAccessor.invoke(DirectMethodHandleAccessor.java:103)
	at java.base/java.lang.reflect.Method.invoke(Method.java:580)
	at org.springframework.web.method.support.InvocableHandlerMethod.doInvoke(InvocableHandlerMethod.java:258)
	at org.springframework.web.method.support.InvocableHandlerMethod.invokeForRequest(InvocableHandlerMethod.java:191)
	at org.springframework.web.servlet.mvc.method.annotation.ServletInvocableHandlerMethod.invokeAndHandle(ServletInvocableHandlerMethod.java:118)
	at org.springframework.web.servlet.mvc.method.annotation.RequestMappingHandlerAdapter.invokeHandlerMethod(RequestMappingHandlerAdapter.java:991)
	at org.springframework.web.servlet.mvc.method.annotation.RequestMappingHandlerAdapter.handleInternal(RequestMappingHandlerAdapter.java:896)
	at org.springframework.web.servlet.mvc.method.AbstractHandlerMethodAdapter.handle(AbstractHandlerMethodAdapter.java:87)
	at org.springframework.web.servlet.DispatcherServlet.doDispatch(DispatcherServlet.java:1089)
	at org.springframework.web.servlet.DispatcherServlet.doService(DispatcherServlet.java:979)
	at org.springframework.web.servlet.FrameworkServlet.processRequest(FrameworkServlet.java:1014)
	at org.springframework.web.servlet.FrameworkServlet.doPut(FrameworkServlet.java:925)
	at jakarta.servlet.http.HttpServlet.service(HttpServlet.java:550)
	at org.springframework.web.servlet.FrameworkServlet.service(FrameworkServlet.java:885)
	at jakarta.servlet.http.HttpServlet.service(HttpServlet.java:614)
	at io.undertow.servlet.handlers.ServletHandler.handleRequest(ServletHandler.java:74)
	at io.undertow.servlet.handlers.FilterHandler$FilterChainImpl.doFilter(FilterHandler.java:129)
	at org.springframework.web.filter.CorsFilter.doFilterInternal(CorsFilter.java:91)
	at org.springframework.web.filter.OncePerRequestFilter.doFilter(OncePerRequestFilter.java:116)
	at io.undertow.servlet.core.ManagedFilter.doFilter(ManagedFilter.java:67)
	at io.undertow.servlet.handlers.FilterHandler$FilterChainImpl.doFilter(FilterHandler.java:131)
	at org.dromara.common.web.filter.RepeatableFilter.doFilter(RepeatableFilter.java:32)
	at io.undertow.servlet.core.ManagedFilter.doFilter(ManagedFilter.java:67)
	at io.undertow.servlet.handlers.FilterHandler$FilterChainImpl.doFilter(FilterHandler.java:131)
	at cn.dev33.satoken.filter.SaServletFilter.doFilter(SaServletFilter.java:143)
	at io.undertow.servlet.core.ManagedFilter.doFilter(ManagedFilter.java:67)
	at io.undertow.servlet.handlers.FilterHandler$FilterChainImpl.doFilter(FilterHandler.java:131)
	at cn.dev33.satoken.filter.SaFirewallCheckFilterForJakartaServlet.doFilter(SaFirewallCheckFilterForJakartaServlet.java:69)
	at io.undertow.servlet.core.ManagedFilter.doFilter(ManagedFilter.java:67)
	at io.undertow.servlet.handlers.FilterHandler$FilterChainImpl.doFilter(FilterHandler.java:131)
	at cn.dev33.satoken.filter.SaTokenCorsFilterForJakartaServlet.doFilter(SaTokenCorsFilterForJakartaServlet.java:52)
	at io.undertow.servlet.core.ManagedFilter.doFilter(ManagedFilter.java:67)
	at io.undertow.servlet.handlers.FilterHandler$FilterChainImpl.doFilter(FilterHandler.java:131)
	at cn.dev33.satoken.filter.SaTokenContextFilterForJakartaServlet.doFilter(SaTokenContextFilterForJakartaServlet.java:40)
	at io.undertow.servlet.core.ManagedFilter.doFilter(ManagedFilter.java:67)
	at io.undertow.servlet.handlers.FilterHandler$FilterChainImpl.doFilter(FilterHandler.java:131)
	at org.springframework.web.filter.RequestContextFilter.doFilterInternal(RequestContextFilter.java:100)
	at org.springframework.web.filter.OncePerRequestFilter.doFilter(OncePerRequestFilter.java:116)
	at io.undertow.servlet.core.ManagedFilter.doFilter(ManagedFilter.java:67)
	at io.undertow.servlet.handlers.FilterHandler$FilterChainImpl.doFilter(FilterHandler.java:131)
	at org.springframework.web.filter.FormContentFilter.doFilterInternal(FormContentFilter.java:93)
	at org.springframework.web.filter.OncePerRequestFilter.doFilter(OncePerRequestFilter.java:116)
	at io.undertow.servlet.core.ManagedFilter.doFilter(ManagedFilter.java:67)
	at io.undertow.servlet.handlers.FilterHandler$FilterChainImpl.doFilter(FilterHandler.java:131)
	at org.dromara.common.web.filter.XssFilter.doFilter(XssFilter.java:42)
	at io.undertow.servlet.core.ManagedFilter.doFilter(ManagedFilter.java:67)
	at io.undertow.servlet.handlers.FilterHandler$FilterChainImpl.doFilter(FilterHandler.java:131)
	at org.springframework.web.filter.ServerHttpObservationFilter.doFilterInternal(ServerHttpObservationFilter.java:110)
	at org.springframework.web.filter.OncePerRequestFilter.doFilter(OncePerRequestFilter.java:116)
	at io.undertow.servlet.core.ManagedFilter.doFilter(ManagedFilter.java:67)
	at io.undertow.servlet.handlers.FilterHandler$FilterChainImpl.doFilter(FilterHandler.java:131)
	at org.springframework.web.filter.CharacterEncodingFilter.doFilterInternal(CharacterEncodingFilter.java:201)
	at org.springframework.web.filter.OncePerRequestFilter.doFilter(OncePerRequestFilter.java:116)
	at io.undertow.servlet.core.ManagedFilter.doFilter(ManagedFilter.java:67)
	at io.undertow.servlet.handlers.FilterHandler$FilterChainImpl.doFilter(FilterHandler.java:131)
	at io.undertow.servlet.handlers.FilterHandler.handleRequest(FilterHandler.java:84)
	at io.undertow.servlet.handlers.security.ServletSecurityRoleHandler.handleRequest(ServletSecurityRoleHandler.java:62)
	at io.undertow.servlet.handlers.ServletChain$1.handleRequest(ServletChain.java:68)
	at io.undertow.servlet.handlers.ServletDispatchingHandler.handleRequest(ServletDispatchingHandler.java:36)
	at io.undertow.servlet.handlers.RedirectDirHandler.handleRequest(RedirectDirHandler.java:68)
	at io.undertow.servlet.handlers.security.SSLInformationAssociationHandler.handleRequest(SSLInformationAssociationHandler.java:117)
	at io.undertow.servlet.handlers.security.ServletAuthenticationCallHandler.handleRequest(ServletAuthenticationCallHandler.java:57)
	at io.undertow.server.handlers.PredicateHandler.handleRequest(PredicateHandler.java:43)
	at io.undertow.security.handlers.AbstractConfidentialityHandler.handleRequest(AbstractConfidentialityHandler.java:46)
	at io.undertow.servlet.handlers.security.ServletConfidentialityConstraintHandler.handleRequest(ServletConfidentialityConstraintHandler.java:64)
	at io.undertow.security.handlers.AuthenticationMechanismsHandler.handleRequest(AuthenticationMechanismsHandler.java:60)
	at io.undertow.servlet.handlers.security.CachedAuthenticatedSessionHandler.handleRequest(CachedAuthenticatedSessionHandler.java:75)
	at io.undertow.security.handlers.AbstractSecurityContextAssociationHandler.handleRequest(AbstractSecurityContextAssociationHandler.java:43)
	at io.undertow.server.handlers.PredicateHandler.handleRequest(PredicateHandler.java:43)
	at io.undertow.servlet.handlers.SendErrorPageHandler.handleRequest(SendErrorPageHandler.java:52)
	at io.undertow.server.handlers.PredicateHandler.handleRequest(PredicateHandler.java:43)
	at io.undertow.servlet.handlers.ServletInitialHandler.handleFirstRequest(ServletInitialHandler.java:271)
	at io.undertow.servlet.handlers.ServletInitialHandler$1.call(ServletInitialHandler.java:130)
	at io.undertow.servlet.handlers.ServletInitialHandler$1.call(ServletInitialHandler.java:127)
	at io.undertow.servlet.core.ServletRequestContextThreadSetupAction$1.call(ServletRequestContextThreadSetupAction.java:48)
	at io.undertow.servlet.core.ContextClassLoaderSetupAction$1.call(ContextClassLoaderSetupAction.java:43)
	at io.undertow.servlet.handlers.ServletInitialHandler.dispatchRequest(ServletInitialHandler.java:251)
	at io.undertow.servlet.handlers.ServletInitialHandler.lambda$new$1(ServletInitialHandler.java:99)
	at io.undertow.server.Connectors.executeRootHandler(Connectors.java:418)
	at io.undertow.server.HttpServerExchange$1.run(HttpServerExchange.java:938)
	at org.jboss.threads.ContextHandler$1.runWith(ContextHandler.java:18)
	at org.jboss.threads.EnhancedQueueExecutor$Task.doRunWith(EnhancedQueueExecutor.java:2691)
	at org.jboss.threads.EnhancedQueueExecutor$Task.run(EnhancedQueueExecutor.java:2670)
	at org.jboss.threads.EnhancedQueueExecutor$ThreadBody.run(EnhancedQueueExecutor.java:1615)
	at org.xnio.XnioWorker$WorkerThreadFactory$1$1.run(XnioWorker.java:1282)
	at java.base/java.lang.Thread.run(Thread.java:1583)
Caused by: org.postgresql.util.PSQLException: ERROR: value too long for type character(1)
	at org.postgresql.core.v3.QueryExecutorImpl.receiveErrorResponse(QueryExecutorImpl.java:2846)
	at org.postgresql.core.v3.QueryExecutorImpl.processResults(QueryExecutorImpl.java:2531)
	at org.postgresql.core.v3.QueryExecutorImpl.execute(QueryExecutorImpl.java:429)
	at org.postgresql.jdbc.PgStatement.executeInternal(PgStatement.java:526)
	at org.postgresql.jdbc.PgStatement.execute(PgStatement.java:436)
	at org.postgresql.jdbc.PgPreparedStatement.executeWithFlags(PgPreparedStatement.java:196)
	at org.postgresql.jdbc.PgPreparedStatement.execute(PgPreparedStatement.java:182)
	at com.zaxxer.hikari.pool.ProxyPreparedStatement.execute(ProxyPreparedStatement.java:44)
	at com.zaxxer.hikari.pool.HikariProxyPreparedStatement.execute(HikariProxyPreparedStatement.java)
	at com.p6spy.engine.wrapper.PreparedStatementWrapper.execute(PreparedStatementWrapper.java:362)
	at org.apache.ibatis.executor.statement.PreparedStatementHandler.update(PreparedStatementHandler.java:48)
	at org.apache.ibatis.executor.statement.RoutingStatementHandler.update(RoutingStatementHandler.java:75)
	at java.base/jdk.internal.reflect.DirectMethodHandleAccessor.invoke(DirectMethodHandleAccessor.java:103)
	at java.base/java.lang.reflect.Method.invoke(Method.java:580)
	at org.apache.ibatis.plugin.Plugin.invoke(Plugin.java:61)
	at jdk.proxy2/jdk.proxy2.$Proxy238.update(Unknown Source)
	at org.apache.ibatis.executor.SimpleExecutor.doUpdate(SimpleExecutor.java:50)
	at org.apache.ibatis.executor.BaseExecutor.update(BaseExecutor.java:117)
	at org.apache.ibatis.executor.CachingExecutor.update(CachingExecutor.java:76)
	at java.base/jdk.internal.reflect.DirectMethodHandleAccessor.invoke(DirectMethodHandleAccessor.java:103)
	at java.base/java.lang.reflect.Method.invoke(Method.java:580)
	at org.apache.ibatis.plugin.Invocation.proceed(Invocation.java:61)
	at com.baomidou.mybatisplus.extension.plugins.MybatisPlusInterceptor.intercept(MybatisPlusInterceptor.java:106)
	at org.apache.ibatis.plugin.Plugin.invoke(Plugin.java:59)
	at jdk.proxy2/jdk.proxy2.$Proxy236.update(Unknown Source)
	at org.apache.ibatis.session.defaults.DefaultSqlSession.update(DefaultSqlSession.java:197)
	at java.base/jdk.internal.reflect.DirectMethodHandleAccessor.invoke(DirectMethodHandleAccessor.java:103)
	at java.base/java.lang.reflect.Method.invoke(Method.java:580)
	at org.mybatis.spring.SqlSessionTemplate$SqlSessionInterceptor.invoke(SqlSessionTemplate.java:333)
	... 118 common frames omitted
2026-09-22 02:06:09 [XNIO-1 task-2] ERROR o.d.c.w.h.GlobalExceptionHandler - 只能修改重提本人提交的样本（同组的样本可以看，但不能改）
2026-09-22 06:20:16 [XNIO-1 task-2] ERROR o.d.c.w.h.GlobalExceptionHandler - 样本不存在
2026-09-22 06:20:16 [XNIO-1 task-2] ERROR o.d.c.w.h.GlobalExceptionHandler - 样本不存在
2026-09-22 06:21:43 [XNIO-1 task-2] ERROR o.d.c.w.h.GlobalExceptionHandler - 样本不存在
2026-09-22 06:21:43 [XNIO-1 task-2] ERROR o.d.c.w.h.GlobalExceptionHandler - 样本不存在
2026-09-22 06:21:43 [XNIO-1 task-2] ERROR o.d.c.w.h.GlobalExceptionHandler - 样本不存在
2026-09-22 06:21:43 [XNIO-1 task-2] ERROR o.d.c.w.h.GlobalExceptionHandler - 样本不存在
2026-09-22 06:21:43 [XNIO-1 task-2] ERROR o.d.c.w.h.GlobalExceptionHandler - 样本不存在
2026-09-22 06:21:43 [XNIO-1 task-2] ERROR o.d.c.w.h.GlobalExceptionHandler - 样本不存在
2026-09-22 06:21:44 [XNIO-1 task-2] ERROR o.d.c.w.h.GlobalExceptionHandler - 样本不存在
2026-09-22 06:21:44 [XNIO-1 task-2] ERROR o.d.c.w.h.GlobalExceptionHandler - 样本不存在
2026-09-22 06:21:44 [XNIO-1 task-2] ERROR o.d.c.w.h.GlobalExceptionHandler - 样本不存在
2026-09-22 06:21:44 [XNIO-1 task-2] ERROR o.d.c.w.h.GlobalExceptionHandler - 样本不存在
2026-09-22 06:21:44 [XNIO-1 task-2] ERROR o.d.c.w.h.GlobalExceptionHandler - 样本不存在
2026-09-22 06:21:44 [XNIO-1 task-2] ERROR o.d.c.w.h.GlobalExceptionHandler - 样本不存在
2026-09-22 06:21:44 [XNIO-1 task-2] ERROR o.d.c.w.h.GlobalExceptionHandler - 样本不存在
2026-09-22 06:21:44 [XNIO-1 task-2] ERROR o.d.c.w.h.GlobalExceptionHandler - 样本不存在
2026-09-22 06:21:44 [XNIO-1 task-2] ERROR o.d.c.w.h.GlobalExceptionHandler - 样本不存在
2026-09-22 06:21:44 [XNIO-1 task-2] ERROR o.d.c.w.h.GlobalExceptionHandler - 样本不存在
2026-09-22 06:21:44 [XNIO-1 task-2] ERROR o.d.c.w.h.GlobalExceptionHandler - 样本不存在
2026-09-22 06:21:44 [XNIO-1 task-2] ERROR o.d.c.w.h.GlobalExceptionHandler - 样本不存在
2026-09-22 06:21:44 [XNIO-1 task-2] ERROR o.d.c.w.h.GlobalExceptionHandler - 样本不存在
2026-09-22 06:21:44 [XNIO-1 task-2] ERROR o.d.c.w.h.GlobalExceptionHandler - 样本不存在
2026-09-22 06:21:44 [XNIO-1 task-2] ERROR o.d.c.w.h.GlobalExceptionHandler - 样本不存在
2026-09-22 06:21:44 [XNIO-1 task-2] ERROR o.d.c.w.h.GlobalExceptionHandler - 样本不存在
2026-09-22 06:21:44 [XNIO-1 task-2] ERROR o.d.c.w.h.GlobalExceptionHandler - 样本不存在
2026-09-22 06:21:44 [XNIO-1 task-2] ERROR o.d.c.w.h.GlobalExceptionHandler - 样本不存在
2026-09-22 06:21:44 [XNIO-1 task-2] ERROR o.d.c.w.h.GlobalExceptionHandler - 样本不存在
2026-09-22 06:21:44 [XNIO-1 task-2] ERROR o.d.c.w.h.GlobalExceptionHandler - 样本不存在
2026-09-22 06:21:45 [XNIO-1 task-2] ERROR o.d.c.w.h.GlobalExceptionHandler - 样本不存在
2026-09-22 06:21:45 [XNIO-1 task-2] ERROR o.d.c.w.h.GlobalExceptionHandler - 样本不存在
2026-09-22 06:21:45 [XNIO-1 task-2] ERROR o.d.c.w.h.GlobalExceptionHandler - 样本不存在
2026-09-22 06:21:45 [XNIO-1 task-2] ERROR o.d.c.w.h.GlobalExceptionHandler - 样本不存在
2026-09-22 06:21:45 [XNIO-1 task-2] ERROR o.d.c.w.h.GlobalExceptionHandler - 样本不存在
2026-09-22 06:21:45 [XNIO-1 task-2] ERROR o.d.c.w.h.GlobalExceptionHandler - 样本不存在
2026-09-22 06:21:45 [XNIO-1 task-2] ERROR o.d.c.w.h.GlobalExceptionHandler - 样本不存在
2026-09-22 06:21:45 [XNIO-1 task-2] ERROR o.d.c.w.h.GlobalExceptionHandler - 样本不存在
2026-09-22 06:21:45 [XNIO-1 task-2] ERROR o.d.c.w.h.GlobalExceptionHandler - 样本不存在
2026-09-22 06:21:45 [XNIO-1 task-2] ERROR o.d.c.w.h.GlobalExceptionHandler - 样本不存在
2026-09-22 06:21:45 [XNIO-1 task-2] ERROR o.d.c.w.h.GlobalExceptionHandler - 样本不存在
2026-09-22 06:21:45 [XNIO-1 task-2] ERROR o.d.c.w.h.GlobalExceptionHandler - 样本不存在
2026-09-22 06:21:45 [XNIO-1 task-2] ERROR o.d.c.w.h.GlobalExceptionHandler - 样本不存在
2026-09-22 06:21:45 [XNIO-1 task-2] ERROR o.d.c.w.h.GlobalExceptionHandler - 样本不存在
2026-09-22 06:21:45 [XNIO-1 task-2] ERROR o.d.c.w.h.GlobalExceptionHandler - 样本不存在
2026-09-22 06:21:45 [XNIO-1 task-2] ERROR o.d.c.w.h.GlobalExceptionHandler - 样本不存在
2026-09-22 06:21:45 [XNIO-1 task-2] ERROR o.d.c.w.h.GlobalExceptionHandler - 样本不存在
2026-09-22 06:21:45 [XNIO-1 task-2] ERROR o.d.c.w.h.GlobalExceptionHandler - 样本不存在
2026-09-22 06:21:45 [XNIO-1 task-2] ERROR o.d.c.w.h.GlobalExceptionHandler - 样本不存在
2026-09-22 06:21:45 [XNIO-1 task-2] ERROR o.d.c.w.h.GlobalExceptionHandler - 样本不存在
2026-09-22 06:21:45 [XNIO-1 task-2] ERROR o.d.c.w.h.GlobalExceptionHandler - 样本不存在
2026-09-22 06:21:45 [XNIO-1 task-2] ERROR o.d.c.w.h.GlobalExceptionHandler - 样本不存在
2026-09-22 06:21:45 [XNIO-1 task-2] ERROR o.d.c.w.h.GlobalExceptionHandler - 样本不存在
2026-09-22 06:21:45 [XNIO-1 task-2] ERROR o.d.c.w.h.GlobalExceptionHandler - 样本不存在
2026-09-22 06:21:57 [XNIO-1 task-2] ERROR o.d.c.w.h.GlobalExceptionHandler - 样本不存在
2026-09-22 06:21:57 [XNIO-1 task-2] ERROR o.d.c.w.h.GlobalExceptionHandler - 样本不存在
2026-09-22 06:22:21 [XNIO-1 task-2] ERROR o.d.c.w.h.GlobalExceptionHandler - 样本不存在
2026-09-22 06:22:21 [XNIO-1 task-2] ERROR o.d.c.w.h.GlobalExceptionHandler - 样本不存在
2026-09-22 06:22:21 [XNIO-1 task-2] ERROR o.d.c.w.h.GlobalExceptionHandler - 请求地址'/mp/ext/home'不存在.
2026-09-22 06:22:21 [XNIO-1 task-2] ERROR o.d.c.s.h.SaTokenExceptionHandler - 请求地址'/lqg/sample/list',权限码校验失败'无此权限：lqg:sample:list'
2026-09-22 06:22:22 [XNIO-1 task-2] ERROR o.d.c.s.h.SaTokenExceptionHandler - 请求地址'/mp/int/sample/list',角色权限校验失败'无此角色：lqg_internal'
2026-09-22 06:22:22 [XNIO-1 task-2] ERROR o.d.c.s.h.SaTokenExceptionHandler - 请求地址'/mp/ext/sample/list',角色权限校验失败'无此角色：lqg_external'
2026-09-22 06:23:53 [XNIO-1 task-2] ERROR o.d.c.w.h.GlobalExceptionHandler - 只能修改重提本人提交的样本（同组的样本可以看，但不能改）
2026-09-22 06:23:53 [XNIO-1 task-2] ERROR o.d.c.w.h.GlobalExceptionHandler - 样本当前状态不允许外部修改重提（只有待核验、无效的样本可以）
2026-09-22 06:23:54 [XNIO-1 task-2] ERROR o.d.c.w.h.GlobalExceptionHandler - 样本不存在
2026-09-22 06:23:55 [XNIO-1 task-2] ERROR o.d.c.w.h.GlobalExceptionHandler - 这条记录是「类器官」类样本，不能从「组织」的入口修改
2026-09-22 06:39:19 [XNIO-1 task-2] ERROR o.d.c.w.h.GlobalExceptionHandler - 样本不存在
2026-09-22 06:39:19 [XNIO-1 task-2] ERROR o.d.c.w.h.GlobalExceptionHandler - 样本不存在
2026-09-22 06:39:56 [XNIO-1 task-2] ERROR o.d.c.w.h.GlobalExceptionHandler - 只能修改重提本人提交的样本（同组的样本可以看，但不能改）
2026-09-22 06:39:57 [XNIO-1 task-2] ERROR o.d.c.w.h.GlobalExceptionHandler - 样本当前状态不允许外部修改重提（只有待核验、无效的样本可以）
2026-09-22 06:39:57 [XNIO-1 task-2] ERROR o.d.c.w.h.GlobalExceptionHandler - 只能修改重提本人提交的样本（同组的样本可以看，但不能改）
2026-09-22 06:40:37 [XNIO-1 task-2] ERROR o.d.c.w.h.GlobalExceptionHandler - 待核验与无效的样本只能在网页工作台核验或改判，小程序里不能改
2026-09-22 06:40:37 [XNIO-1 task-2] ERROR o.d.c.w.h.GlobalExceptionHandler - 待核验与无效的样本只能在网页工作台核验或改判，小程序里不能改
2026-09-22 06:40:47 [XNIO-1 task-2] ERROR o.d.c.s.h.SaTokenExceptionHandler - 请求地址'/lqg/sample/list',权限码校验失败'无此权限：lqg:sample:list'
2026-09-22 06:40:47 [XNIO-1 task-2] ERROR o.d.c.s.h.SaTokenExceptionHandler - 请求地址'/lqg/sample/9000001002/verify',权限码校验失败'无此权限：lqg:sample:verify'
2026-09-22 06:40:47 [XNIO-1 task-2] ERROR o.d.c.w.h.GlobalExceptionHandler - 请求地址'/lqg/cryo/batch/list'不存在.
2026-09-22 06:40:47 [XNIO-1 task-2] ERROR o.d.c.s.h.SaTokenExceptionHandler - 请求地址'/mp/int/sample/list',角色权限校验失败'无此角色：lqg_internal'
2026-09-22 06:40:48 [XNIO-1 task-2] ERROR o.d.c.s.h.SaTokenExceptionHandler - 请求地址'/mp/int/sample/9000001001',角色权限校验失败'无此角色：lqg_internal'
2026-09-22 06:40:48 [XNIO-1 task-2] ERROR o.d.c.s.h.SaTokenExceptionHandler - 请求地址'/mp/int/sample',角色权限校验失败'无此角色：lqg_internal'
2026-09-22 06:40:48 [XNIO-1 task-2] ERROR o.d.c.s.h.SaTokenExceptionHandler - 请求地址'/mp/ext/sample/list',角色权限校验失败'无此角色：lqg_external'
2026-09-22 06:40:48 [XNIO-1 task-2] ERROR o.d.c.s.h.SaTokenExceptionHandler - 请求地址'/mp/ext/sample/9000001001',角色权限校验失败'无此角色：lqg_external'
2026-09-22 06:40:48 [XNIO-1 task-2] ERROR o.d.c.s.h.SaTokenExceptionHandler - 请求地址'/mp/ext/organoid',角色权限校验失败'无此角色：lqg_external'
2026-09-22 06:40:48 [XNIO-1 task-2] ERROR o.d.c.s.h.SaTokenExceptionHandler - 请求地址'/mp/ext/sample/list',角色权限校验失败'无此角色：lqg_external'
2026-09-22 06:40:48 [XNIO-1 task-2] ERROR o.d.c.w.h.GlobalExceptionHandler - 请求地址'/mp/ext/sample/list' 发生 JSON 解析异常: Unexpected character ('-' (code 45)) in numeric value: expected digit (0-9) to follow minus sign, for valid numeric value
 at [Source: REDACTED (`StreamReadFeature.INCLUDE_SOURCE_IN_LOCATION` disabled); line: 1, column: 2]
2026-09-22 06:40:48 [XNIO-1 task-2] ERROR o.d.c.w.h.GlobalExceptionHandler - 请求地址'/mp/int/sample/list' 发生 JSON 解析异常: Unexpected character ('-' (code 45)) in numeric value: expected digit (0-9) to follow minus sign, for valid numeric value
 at [Source: REDACTED (`StreamReadFeature.INCLUDE_SOURCE_IN_LOCATION` disabled); line: 1, column: 2]
2026-09-22 06:40:48 [XNIO-1 task-2] ERROR o.d.c.w.h.GlobalExceptionHandler - 请求地址'/lqg/sample/list' 发生 JSON 解析异常: Unexpected character ('-' (code 45)) in numeric value: expected digit (0-9) to follow minus sign, for valid numeric value
 at [Source: REDACTED (`StreamReadFeature.INCLUDE_SOURCE_IN_LOCATION` disabled); line: 1, column: 2]
2026-09-22 06:40:48 [XNIO-1 task-2] ERROR o.d.c.s.h.SaTokenExceptionHandler - 请求地址'/lqg/sample/list',权限码校验失败'无此权限：lqg:sample:list'
2026-09-22 06:40:48 [XNIO-1 task-2] ERROR o.d.c.s.h.SaTokenExceptionHandler - 请求地址'/mp/int/sample/list',角色权限校验失败'无此角色：lqg_internal'
2026-09-22 06:40:48 [XNIO-1 task-2] ERROR o.d.c.s.h.SaTokenExceptionHandler - 请求地址'/mp/ext/sample/list',角色权限校验失败'无此角色：lqg_external'
2026-09-22 06:40:58 [XNIO-1 task-2] ERROR o.d.c.s.h.SaTokenExceptionHandler - 请求地址'/lqg/sample/list',权限码校验失败'无此权限：lqg:sample:list'
2026-09-22 06:40:58 [XNIO-1 task-2] ERROR o.d.c.s.h.SaTokenExceptionHandler - 请求地址'/lqg/sample/9000001002/verify',权限码校验失败'无此权限：lqg:sample:verify'
2026-09-22 06:40:58 [XNIO-1 task-2] ERROR o.d.c.s.h.SaTokenExceptionHandler - 请求地址'/mp/int/sample/list',角色权限校验失败'无此角色：lqg_internal'
2026-09-22 06:40:58 [XNIO-1 task-2] ERROR o.d.c.s.h.SaTokenExceptionHandler - 请求地址'/mp/int/sample/9000001001',角色权限校验失败'无此角色：lqg_internal'
2026-09-22 06:40:58 [XNIO-1 task-2] ERROR o.d.c.s.h.SaTokenExceptionHandler - 请求地址'/mp/int/sample',角色权限校验失败'无此角色：lqg_internal'
2026-09-22 06:40:58 [XNIO-1 task-2] ERROR o.d.c.s.h.SaTokenExceptionHandler - 请求地址'/mp/ext/sample/list',角色权限校验失败'无此角色：lqg_external'
2026-09-22 06:40:58 [XNIO-1 task-2] ERROR o.d.c.s.h.SaTokenExceptionHandler - 请求地址'/mp/ext/sample/9000001001',角色权限校验失败'无此角色：lqg_external'
2026-09-22 06:40:58 [XNIO-1 task-2] ERROR o.d.c.s.h.SaTokenExceptionHandler - 请求地址'/mp/ext/organoid',角色权限校验失败'无此角色：lqg_external'
2026-09-22 06:40:58 [XNIO-1 task-2] ERROR o.d.c.s.h.SaTokenExceptionHandler - 请求地址'/mp/ext/sample/list',角色权限校验失败'无此角色：lqg_external'
2026-09-22 06:41:08 [XNIO-1 task-2] ERROR o.d.c.w.h.GlobalExceptionHandler - 判有效必须同时给收样日期与内部编号，缺少：内部编号
2026-09-22 06:41:09 [XNIO-1 task-2] ERROR o.d.c.w.h.GlobalExceptionHandler - 判有效必须同时给收样日期与内部编号，缺少：收样日期
2026-09-22 06:41:09 [XNIO-1 task-2] ERROR o.d.c.w.h.GlobalExceptionHandler - 内部编号「T-hli01」已存在，请换一个
2026-09-22 06:41:09 [XNIO-1 task-2] ERROR o.d.c.w.h.GlobalExceptionHandler - 判无效必须写原因
2026-09-22 06:42:37 [XNIO-1 task-2] ERROR o.d.c.w.h.GlobalExceptionHandler - 请求地址'/mp/ext/organoid',发生未知异常.
org.springframework.dao.DataIntegrityViolationException: 
### Error updating database.  Cause: org.postgresql.util.PSQLException: ERROR: null value in column "source_unit_name" of relation "t_lqg_sample" violates not-null constraint
  Detail: Failing row contains (2102166638072709122, SJ00000070, organoid, external, 9000000111, pending, null, null, null, null, null, null, null, null, null, null, L3R3探针B, null, null, null, null, null, null, null, null, L3R3探针B, null, 9000000111, 2026-09-22 06:42:38, 9000000111, 2026-09-22 06:42:38, 0).
### The error may exist in org/dromara/lqg/sample/mapper/SampleMapper.java (best guess)
### The error may involve org.dromara.lqg.sample.mapper.SampleMapper.insert-Inline
### The error occurred while setting parameters
### SQL: INSERT INTO t_lqg_sample  ( id, submit_no, sample_kind, submit_source, submitter_id, verify_status,           organoid_type,         remark,  create_dept, create_by, create_time, update_by, update_time )  VALUES (  ?, ?, ?, ?, ?, ?,           ?,         ?,  ?, ?, ?, ?, ?  )
### Cause: org.postgresql.util.PSQLException: ERROR: null value in column "source_unit_name" of relation "t_lqg_sample" violates not-null constraint
  Detail: Failing row contains (2102166638072709122, SJ00000070, organoid, external, 9000000111, pending, null, null, null, null, null, null, null, null, null, null, L3R3探针B, null, null, null, null, null, null, null, null, L3R3探针B, null, 9000000111, 2026-09-22 06:42:38, 9000000111, 2026-09-22 06:42:38, 0).
; ERROR: null value in column "source_unit_name" of relation "t_lqg_sample" violates not-null constraint
  Detail: Failing row contains (2102166638072709122, SJ00000070, organoid, external, 9000000111, pending, null, null, null, null, null, null, null, null, null, null, L3R3探针B, null, null, null, null, null, null, null, null, L3R3探针B, null, 9000000111, 2026-09-22 06:42:38, 9000000111, 2026-09-22 06:42:38, 0).
	at org.springframework.jdbc.support.SQLErrorCodeSQLExceptionTranslator.doTranslate(SQLErrorCodeSQLExceptionTranslator.java:258)
	at org.springframework.jdbc.support.AbstractFallbackSQLExceptionTranslator.translate(AbstractFallbackSQLExceptionTranslator.java:107)
	at org.mybatis.spring.MyBatisExceptionTranslator.translateExceptionIfPossible(MyBatisExceptionTranslator.java:95)
	at org.mybatis.spring.SqlSessionTemplate$SqlSessionInterceptor.invoke(SqlSessionTemplate.java:347)
	at jdk.proxy2/jdk.proxy2.$Proxy155.insert(Unknown Source)
	at org.mybatis.spring.SqlSessionTemplate.insert(SqlSessionTemplate.java:224)
	at com.baomidou.mybatisplus.core.override.MybatisMapperMethod.execute(MybatisMapperMethod.java:59)
	at com.baomidou.mybatisplus.core.override.MybatisMapperProxy$PlainMethodInvoker.invoke(MybatisMapperProxy.java:156)
	at com.baomidou.mybatisplus.core.override.MybatisMapperProxy.invoke(MybatisMapperProxy.java:93)
	at jdk.proxy2/jdk.proxy2.$Proxy210.insert(Unknown Source)
	at org.dromara.lqg.sample.service.ExtSampleSubmitService.lambda$insertExternalOrganoid$2(ExtSampleSubmitService.java:231)
	at org.dromara.common.mybatis.helper.DataPermissionHelper.ignore(DataPermissionHelper.java:170)
	at org.dromara.lqg.sample.service.ExtSampleSubmitService.insertExternalOrganoid(ExtSampleSubmitService.java:220)
	at org.dromara.lqg.sample.service.ExtSampleSubmitService.submitOrganoid(ExtSampleSubmitService.java:95)
	at java.base/jdk.internal.reflect.DirectMethodHandleAccessor.invoke(DirectMethodHandleAccessor.java:103)
	at java.base/java.lang.reflect.Method.invoke(Method.java:580)
	at org.springframework.aop.support.AopUtils.invokeJoinpointUsingReflection(AopUtils.java:360)
	at org.springframework.aop.framework.ReflectiveMethodInvocation.invokeJoinpoint(ReflectiveMethodInvocation.java:196)
	at org.springframework.aop.framework.ReflectiveMethodInvocation.proceed(ReflectiveMethodInvocation.java:163)
	at org.springframework.transaction.interceptor.TransactionAspectSupport.invokeWithinTransaction(TransactionAspectSupport.java:380)
	at org.springframework.transaction.interceptor.TransactionInterceptor.invoke(TransactionInterceptor.java:119)
	at org.springframework.aop.framework.ReflectiveMethodInvocation.proceed(ReflectiveMethodInvocation.java:184)
	at org.springframework.aop.framework.CglibAopProxy$DynamicAdvisedInterceptor.intercept(CglibAopProxy.java:728)
	at org.dromara.lqg.sample.service.ExtSampleSubmitService$$SpringCGLIB$$0.submitOrganoid(<generated>)
	at org.dromara.lqg.ext.controller.ExtOrganoidController.submit(ExtOrganoidController.java:48)
	at java.base/jdk.internal.reflect.DirectMethodHandleAccessor.invoke(DirectMethodHandleAccessor.java:103)
	at java.base/java.lang.reflect.Method.invoke(Method.java:580)
	at org.springframework.web.method.support.InvocableHandlerMethod.doInvoke(InvocableHandlerMethod.java:258)
	at org.springframework.web.method.support.InvocableHandlerMethod.invokeForRequest(InvocableHandlerMethod.java:191)
	at org.springframework.web.servlet.mvc.method.annotation.ServletInvocableHandlerMethod.invokeAndHandle(ServletInvocableHandlerMethod.java:118)
	at org.springframework.web.servlet.mvc.method.annotation.RequestMappingHandlerAdapter.invokeHandlerMethod(RequestMappingHandlerAdapter.java:991)
	at org.springframework.web.servlet.mvc.method.annotation.RequestMappingHandlerAdapter.handleInternal(RequestMappingHandlerAdapter.java:896)
	at org.springframework.web.servlet.mvc.method.AbstractHandlerMethodAdapter.handle(AbstractHandlerMethodAdapter.java:87)
	at org.springframework.web.servlet.DispatcherServlet.doDispatch(DispatcherServlet.java:1089)
	at org.springframework.web.servlet.DispatcherServlet.doService(DispatcherServlet.java:979)
	at org.springframework.web.servlet.FrameworkServlet.processRequest(FrameworkServlet.java:1014)
	at org.springframework.web.servlet.FrameworkServlet.doPost(FrameworkServlet.java:914)
	at jakarta.servlet.http.HttpServlet.service(HttpServlet.java:547)
	at org.springframework.web.servlet.FrameworkServlet.service(FrameworkServlet.java:885)
	at jakarta.servlet.http.HttpServlet.service(HttpServlet.java:614)
	at io.undertow.servlet.handlers.ServletHandler.handleRequest(ServletHandler.java:74)
	at io.undertow.servlet.handlers.FilterHandler$FilterChainImpl.doFilter(FilterHandler.java:129)
	at org.springframework.web.filter.CorsFilter.doFilterInternal(CorsFilter.java:91)
	at org.springframework.web.filter.OncePerRequestFilter.doFilter(OncePerRequestFilter.java:116)
	at io.undertow.servlet.core.ManagedFilter.doFilter(ManagedFilter.java:67)
	at io.undertow.servlet.handlers.FilterHandler$FilterChainImpl.doFilter(FilterHandler.java:131)
	at org.dromara.common.web.filter.RepeatableFilter.doFilter(RepeatableFilter.java:32)
	at io.undertow.servlet.core.ManagedFilter.doFilter(ManagedFilter.java:67)
	at io.undertow.servlet.handlers.FilterHandler$FilterChainImpl.doFilter(FilterHandler.java:131)
	at cn.dev33.satoken.filter.SaServletFilter.doFilter(SaServletFilter.java:143)
	at io.undertow.servlet.core.ManagedFilter.doFilter(ManagedFilter.java:67)
	at io.undertow.servlet.handlers.FilterHandler$FilterChainImpl.doFilter(FilterHandler.java:131)
	at cn.dev33.satoken.filter.SaFirewallCheckFilterForJakartaServlet.doFilter(SaFirewallCheckFilterForJakartaServlet.java:69)
	at io.undertow.servlet.core.ManagedFilter.doFilter(ManagedFilter.java:67)
	at io.undertow.servlet.handlers.FilterHandler$FilterChainImpl.doFilter(FilterHandler.java:131)
	at cn.dev33.satoken.filter.SaTokenCorsFilterForJakartaServlet.doFilter(SaTokenCorsFilterForJakartaServlet.java:52)
	at io.undertow.servlet.core.ManagedFilter.doFilter(ManagedFilter.java:67)
	at io.undertow.servlet.handlers.FilterHandler$FilterChainImpl.doFilter(FilterHandler.java:131)
	at cn.dev33.satoken.filter.SaTokenContextFilterForJakartaServlet.doFilter(SaTokenContextFilterForJakartaServlet.java:40)
	at io.undertow.servlet.core.ManagedFilter.doFilter(ManagedFilter.java:67)
	at io.undertow.servlet.handlers.FilterHandler$FilterChainImpl.doFilter(FilterHandler.java:131)
	at org.springframework.web.filter.RequestContextFilter.doFilterInternal(RequestContextFilter.java:100)
	at org.springframework.web.filter.OncePerRequestFilter.doFilter(OncePerRequestFilter.java:116)
	at io.undertow.servlet.core.ManagedFilter.doFilter(ManagedFilter.java:67)
	at io.undertow.servlet.handlers.FilterHandler$FilterChainImpl.doFilter(FilterHandler.java:131)
	at org.springframework.web.filter.FormContentFilter.doFilterInternal(FormContentFilter.java:93)
	at org.springframework.web.filter.OncePerRequestFilter.doFilter(OncePerRequestFilter.java:116)
	at io.undertow.servlet.core.ManagedFilter.doFilter(ManagedFilter.java:67)
	at io.undertow.servlet.handlers.FilterHandler$FilterChainImpl.doFilter(FilterHandler.java:131)
	at org.dromara.common.web.filter.XssFilter.doFilter(XssFilter.java:42)
	at io.undertow.servlet.core.ManagedFilter.doFilter(ManagedFilter.java:67)
	at io.undertow.servlet.handlers.FilterHandler$FilterChainImpl.doFilter(FilterHandler.java:131)
	at org.springframework.web.filter.ServerHttpObservationFilter.doFilterInternal(ServerHttpObservationFilter.java:110)
	at org.springframework.web.filter.OncePerRequestFilter.doFilter(OncePerRequestFilter.java:116)
	at io.undertow.servlet.core.ManagedFilter.doFilter(ManagedFilter.java:67)
	at io.undertow.servlet.handlers.FilterHandler$FilterChainImpl.doFilter(FilterHandler.java:131)
	at org.springframework.web.filter.CharacterEncodingFilter.doFilterInternal(CharacterEncodingFilter.java:201)
	at org.springframework.web.filter.OncePerRequestFilter.doFilter(OncePerRequestFilter.java:116)
	at io.undertow.servlet.core.ManagedFilter.doFilter(ManagedFilter.java:67)
	at io.undertow.servlet.handlers.FilterHandler$FilterChainImpl.doFilter(FilterHandler.java:131)
	at io.undertow.servlet.handlers.FilterHandler.handleRequest(FilterHandler.java:84)
	at io.undertow.servlet.handlers.security.ServletSecurityRoleHandler.handleRequest(ServletSecurityRoleHandler.java:62)
	at io.undertow.servlet.handlers.ServletChain$1.handleRequest(ServletChain.java:68)
	at io.undertow.servlet.handlers.ServletDispatchingHandler.handleRequest(ServletDispatchingHandler.java:36)
	at io.undertow.servlet.handlers.RedirectDirHandler.handleRequest(RedirectDirHandler.java:68)
	at io.undertow.servlet.handlers.security.SSLInformationAssociationHandler.handleRequest(SSLInformationAssociationHandler.java:117)
	at io.undertow.servlet.handlers.security.ServletAuthenticationCallHandler.handleRequest(ServletAuthenticationCallHandler.java:57)
	at io.undertow.server.handlers.PredicateHandler.handleRequest(PredicateHandler.java:43)
	at io.undertow.security.handlers.AbstractConfidentialityHandler.handleRequest(AbstractConfidentialityHandler.java:46)
	at io.undertow.servlet.handlers.security.ServletConfidentialityConstraintHandler.handleRequest(ServletConfidentialityConstraintHandler.java:64)
	at io.undertow.security.handlers.AuthenticationMechanismsHandler.handleRequest(AuthenticationMechanismsHandler.java:60)
	at io.undertow.servlet.handlers.security.CachedAuthenticatedSessionHandler.handleRequest(CachedAuthenticatedSessionHandler.java:75)
	at io.undertow.security.handlers.AbstractSecurityContextAssociationHandler.handleRequest(AbstractSecurityContextAssociationHandler.java:43)
	at io.undertow.server.handlers.PredicateHandler.handleRequest(PredicateHandler.java:43)
	at io.undertow.servlet.handlers.SendErrorPageHandler.handleRequest(SendErrorPageHandler.java:52)
	at io.undertow.server.handlers.PredicateHandler.handleRequest(PredicateHandler.java:43)
	at io.undertow.servlet.handlers.ServletInitialHandler.handleFirstRequest(ServletInitialHandler.java:271)
	at io.undertow.servlet.handlers.ServletInitialHandler$1.call(ServletInitialHandler.java:130)
	at io.undertow.servlet.handlers.ServletInitialHandler$1.call(ServletInitialHandler.java:127)
	at io.undertow.servlet.core.ServletRequestContextThreadSetupAction$1.call(ServletRequestContextThreadSetupAction.java:48)
	at io.undertow.servlet.core.ContextClassLoaderSetupAction$1.call(ContextClassLoaderSetupAction.java:43)
	at io.undertow.servlet.handlers.ServletInitialHandler.dispatchRequest(ServletInitialHandler.java:251)
	at io.undertow.servlet.handlers.ServletInitialHandler.lambda$new$1(ServletInitialHandler.java:99)
	at io.undertow.server.Connectors.executeRootHandler(Connectors.java:418)
	at io.undertow.server.HttpServerExchange$1.run(HttpServerExchange.java:938)
	at org.jboss.threads.ContextHandler$1.runWith(ContextHandler.java:18)
	at org.jboss.threads.EnhancedQueueExecutor$Task.doRunWith(EnhancedQueueExecutor.java:2691)
	at org.jboss.threads.EnhancedQueueExecutor$Task.run(EnhancedQueueExecutor.java:2670)
	at org.jboss.threads.EnhancedQueueExecutor$ThreadBody.run(EnhancedQueueExecutor.java:1615)
	at org.xnio.XnioWorker$WorkerThreadFactory$1$1.run(XnioWorker.java:1282)
	at java.base/java.lang.Thread.run(Thread.java:1583)
Caused by: org.postgresql.util.PSQLException: ERROR: null value in column "source_unit_name" of relation "t_lqg_sample" violates not-null constraint
  Detail: Failing row contains (2102166638072709122, SJ00000070, organoid, external, 9000000111, pending, null, null, null, null, null, null, null, null, null, null, L3R3探针B, null, null, null, null, null, null, null, null, L3R3探针B, null, 9000000111, 2026-09-22 06:42:38, 9000000111, 2026-09-22 06:42:38, 0).
	at org.postgresql.core.v3.QueryExecutorImpl.receiveErrorResponse(QueryExecutorImpl.java:2846)
	at org.postgresql.core.v3.QueryExecutorImpl.processResults(QueryExecutorImpl.java:2531)
	at org.postgresql.core.v3.QueryExecutorImpl.execute(QueryExecutorImpl.java:429)
	at org.postgresql.jdbc.PgStatement.executeInternal(PgStatement.java:526)
	at org.postgresql.jdbc.PgStatement.execute(PgStatement.java:436)
	at org.postgresql.jdbc.PgPreparedStatement.executeWithFlags(PgPreparedStatement.java:196)
	at org.postgresql.jdbc.PgPreparedStatement.execute(PgPreparedStatement.java:182)
	at com.zaxxer.hikari.pool.ProxyPreparedStatement.execute(ProxyPreparedStatement.java:44)
	at com.zaxxer.hikari.pool.HikariProxyPreparedStatement.execute(HikariProxyPreparedStatement.java)
	at com.p6spy.engine.wrapper.PreparedStatementWrapper.execute(PreparedStatementWrapper.java:362)
	at org.apache.ibatis.executor.statement.PreparedStatementHandler.update(PreparedStatementHandler.java:48)
	at org.apache.ibatis.executor.statement.RoutingStatementHandler.update(RoutingStatementHandler.java:75)
	at java.base/jdk.internal.reflect.DirectMethodHandleAccessor.invoke(DirectMethodHandleAccessor.java:103)
	at java.base/java.lang.reflect.Method.invoke(Method.java:580)
	at org.apache.ibatis.plugin.Plugin.invoke(Plugin.java:61)
	at jdk.proxy2/jdk.proxy2.$Proxy238.update(Unknown Source)
	at org.apache.ibatis.executor.SimpleExecutor.doUpdate(SimpleExecutor.java:50)
	at org.apache.ibatis.executor.BaseExecutor.update(BaseExecutor.java:117)
	at org.apache.ibatis.executor.CachingExecutor.update(CachingExecutor.java:76)
	at java.base/jdk.internal.reflect.DirectMethodHandleAccessor.invoke(DirectMethodHandleAccessor.java:103)
	at java.base/java.lang.reflect.Method.invoke(Method.java:580)
	at org.apache.ibatis.plugin.Invocation.proceed(Invocation.java:61)
	at com.baomidou.mybatisplus.extension.plugins.MybatisPlusInterceptor.intercept(MybatisPlusInterceptor.java:106)
	at org.apache.ibatis.plugin.Plugin.invoke(Plugin.java:59)
	at jdk.proxy2/jdk.proxy2.$Proxy236.update(Unknown Source)
	at org.apache.ibatis.session.defaults.DefaultSqlSession.update(DefaultSqlSession.java:197)
	at org.apache.ibatis.session.defaults.DefaultSqlSession.insert(DefaultSqlSession.java:184)
	at java.base/jdk.internal.reflect.DirectMethodHandleAccessor.invoke(DirectMethodHandleAccessor.java:103)
	at java.base/java.lang.reflect.Method.invoke(Method.java:580)
	at org.mybatis.spring.SqlSessionTemplate$SqlSessionInterceptor.invoke(SqlSessionTemplate.java:333)
	... 107 common frames omitted
2026-09-22 07:04:36 [XNIO-1 task-2] ERROR o.d.c.w.h.GlobalExceptionHandler - 样本类别不可修改（当前 tissue，请求 organoid）：类别是这条记录的身份，要换类别请在工作台按对应工作表新增
2026-09-22 07:14:08 [XNIO-1 task-7] ERROR o.d.c.s.h.SaTokenExceptionHandler - 请求地址'/mp/int/sample/list',角色权限校验失败'无此角色：lqg_internal'
2026-09-22 07:14:09 [XNIO-1 task-7] ERROR o.d.c.w.h.GlobalExceptionHandler - 待核验与无效的样本只能在网页工作台核验或改判，小程序里不能改
2026-09-22 07:15:44 [XNIO-1 task-7] ERROR o.d.c.w.h.GlobalExceptionHandler - 样本类别不可修改（当前 tissue，请求 organoid）：类别是这条记录的身份，要换类别请在工作台按对应工作表新增
2026-09-22 07:19:49 [XNIO-1 task-2] ERROR o.d.c.s.h.SaTokenExceptionHandler - 请求地址'/lqg/sys/ping',认证失败'未能读取到有效 token',无法访问系统资源
2026-09-22 07:19:54 [XNIO-1 task-2] ERROR o.d.c.s.h.SaTokenExceptionHandler - 请求地址'/lqg/sys/ping',认证失败'未能读取到有效 token',无法访问系统资源
2026-09-22 07:20:34 [XNIO-1 task-2] ERROR o.d.c.w.h.GlobalExceptionHandler - 样本不存在
2026-09-22 07:20:34 [XNIO-1 task-2] ERROR o.d.c.w.h.GlobalExceptionHandler - 样本不存在
2026-09-22 07:20:34 [XNIO-1 task-2] ERROR o.d.c.w.h.GlobalExceptionHandler - 样本不存在
2026-09-22 07:21:24 [XNIO-1 task-2] ERROR o.d.c.w.h.GlobalExceptionHandler - 「组织」类样本缺少必填项：内部编号
2026-09-22 07:21:36 [XNIO-1 task-2] ERROR o.d.c.w.h.GlobalExceptionHandler - 样本类别不可修改（当前 tissue，请求 organoid）：类别是这条记录的身份，要换类别请在工作台按对应工作表新增
2026-09-22 07:21:37 [XNIO-1 task-2] ERROR o.d.c.w.h.GlobalExceptionHandler - 样本类别不可修改（当前 organoid，请求 tissue）：类别是这条记录的身份，要换类别请在工作台按对应工作表新增
2026-09-22 07:23:53 [XNIO-1 task-2] ERROR o.d.c.w.h.GlobalExceptionHandler - 「组织」类样本缺少必填项：收样日期
2026-09-22 07:26:32 [XNIO-1 task-2] ERROR o.d.c.w.h.GlobalExceptionHandler - 样本不存在
2026-09-22 07:26:32 [XNIO-1 task-2] ERROR o.d.c.w.h.GlobalExceptionHandler - 样本不存在
2026-09-22 07:26:32 [XNIO-1 task-2] ERROR o.d.c.w.h.GlobalExceptionHandler - 样本不存在
2026-09-22 07:26:35 [XNIO-1 task-2] ERROR o.d.c.w.h.GlobalExceptionHandler - 样本类别不可修改（当前 tissue，请求 organoid）：类别是这条记录的身份，要换类别请在工作台按对应工作表新增
2026-09-22 07:26:36 [XNIO-1 task-2] ERROR o.d.c.w.h.GlobalExceptionHandler - 样本类别不可修改（当前 organoid，请求 tissue）：类别是这条记录的身份，要换类别请在工作台按对应工作表新增
2026-09-22 07:29:44 [XNIO-1 task-2] ERROR o.d.c.w.h.GlobalExceptionHandler - 请求地址'/mp/ext/sample',发生未知异常.
org.springframework.dao.DataIntegrityViolationException: 
### Error updating database.  Cause: org.postgresql.util.PSQLException: ERROR: null value in column "source_unit_name" of relation "t_lqg_sample" violates not-null constraint
  Detail: Failing row contains (2102178493784707074, SJ00000097, tissue, external, 9000000111, pending, null, null, null, null, null, 2+YfNroErfcBEw21SfWxMg==, null, null, null, QA组织, null, null, null, null, null, null, null, null, null, null, null, 9000000111, 2026-09-22 07:29:44, 9000000111, 2026-09-22 07:29:44, 0).
### The error may exist in org/dromara/lqg/sample/mapper/SampleMapper.java (best guess)
### The error may involve org.dromara.lqg.sample.mapper.SampleMapper.insert-Inline
### The error occurred while setting parameters
### SQL: INSERT INTO t_lqg_sample  ( id, submit_no, sample_kind, submit_source, submitter_id, verify_status,      donor_name,    tissue_type,            create_dept, create_by, create_time, update_by, update_time )  VALUES (  ?, ?, ?, ?, ?, ?,      ?,    ?,            ?, ?, ?, ?, ?  )
### Cause: org.postgresql.util.PSQLException: ERROR: null value in column "source_unit_name" of relation "t_lqg_sample" violates not-null constraint
  Detail: Failing row contains (2102178493784707074, SJ00000097, tissue, external, 9000000111, pending, null, null, null, null, null, 2+YfNroErfcBEw21SfWxMg==, null, null, null, QA组织, null, null, null, null, null, null, null, null, null, null, null, 9000000111, 2026-09-22 07:29:44, 9000000111, 2026-09-22 07:29:44, 0).
; ERROR: null value in column "source_unit_name" of relation "t_lqg_sample" violates not-null constraint
  Detail: Failing row contains (2102178493784707074, SJ00000097, tissue, external, 9000000111, pending, null, null, null, null, null, 2+YfNroErfcBEw21SfWxMg==, null, null, null, QA组织, null, null, null, null, null, null, null, null, null, null, null, 9000000111, 2026-09-22 07:29:44, 9000000111, 2026-09-22 07:29:44, 0).
	at org.springframework.jdbc.support.SQLErrorCodeSQLExceptionTranslator.doTranslate(SQLErrorCodeSQLExceptionTranslator.java:258)
	at org.springframework.jdbc.support.AbstractFallbackSQLExceptionTranslator.translate(AbstractFallbackSQLExceptionTranslator.java:107)
	at org.mybatis.spring.MyBatisExceptionTranslator.translateExceptionIfPossible(MyBatisExceptionTranslator.java:95)
	at org.mybatis.spring.SqlSessionTemplate$SqlSessionInterceptor.invoke(SqlSessionTemplate.java:347)
	at jdk.proxy2/jdk.proxy2.$Proxy155.insert(Unknown Source)
	at org.mybatis.spring.SqlSessionTemplate.insert(SqlSessionTemplate.java:224)
	at com.baomidou.mybatisplus.core.override.MybatisMapperMethod.execute(MybatisMapperMethod.java:59)
	at com.baomidou.mybatisplus.core.override.MybatisMapperProxy$PlainMethodInvoker.invoke(MybatisMapperProxy.java:156)
	at com.baomidou.mybatisplus.core.override.MybatisMapperProxy.invoke(MybatisMapperProxy.java:93)
	at jdk.proxy2/jdk.proxy2.$Proxy210.insert(Unknown Source)
	at org.dromara.lqg.sample.service.ExtSampleSubmitService.lambda$insertExternalTissue$1(ExtSampleSubmitService.java:209)
	at org.dromara.common.mybatis.helper.DataPermissionHelper.ignore(DataPermissionHelper.java:170)
	at org.dromara.lqg.sample.service.ExtSampleSubmitService.insertExternalTissue(ExtSampleSubmitService.java:193)
	at org.dromara.lqg.sample.service.ExtSampleSubmitService.submitTissue(ExtSampleSubmitService.java:77)
	at java.base/jdk.internal.reflect.DirectMethodHandleAccessor.invoke(DirectMethodHandleAccessor.java:103)
	at java.base/java.lang.reflect.Method.invoke(Method.java:580)
	at org.springframework.aop.support.AopUtils.invokeJoinpointUsingReflection(AopUtils.java:360)
	at org.springframework.aop.framework.ReflectiveMethodInvocation.invokeJoinpoint(ReflectiveMethodInvocation.java:196)
	at org.springframework.aop.framework.ReflectiveMethodInvocation.proceed(ReflectiveMethodInvocation.java:163)
	at org.springframework.transaction.interceptor.TransactionAspectSupport.invokeWithinTransaction(TransactionAspectSupport.java:380)
	at org.springframework.transaction.interceptor.TransactionInterceptor.invoke(TransactionInterceptor.java:119)
	at org.springframework.aop.framework.ReflectiveMethodInvocation.proceed(ReflectiveMethodInvocation.java:184)
	at org.springframework.aop.framework.CglibAopProxy$DynamicAdvisedInterceptor.intercept(CglibAopProxy.java:728)
	at org.dromara.lqg.sample.service.ExtSampleSubmitService$$SpringCGLIB$$0.submitTissue(<generated>)
	at org.dromara.lqg.ext.controller.ExtSampleController.submit(ExtSampleController.java:85)
	at java.base/jdk.internal.reflect.DirectMethodHandleAccessor.invoke(DirectMethodHandleAccessor.java:103)
	at java.base/java.lang.reflect.Method.invoke(Method.java:580)
	at org.springframework.web.method.support.InvocableHandlerMethod.doInvoke(InvocableHandlerMethod.java:258)
	at org.springframework.web.method.support.InvocableHandlerMethod.invokeForRequest(InvocableHandlerMethod.java:191)
	at org.springframework.web.servlet.mvc.method.annotation.ServletInvocableHandlerMethod.invokeAndHandle(ServletInvocableHandlerMethod.java:118)
	at org.springframework.web.servlet.mvc.method.annotation.RequestMappingHandlerAdapter.invokeHandlerMethod(RequestMappingHandlerAdapter.java:991)
	at org.springframework.web.servlet.mvc.method.annotation.RequestMappingHandlerAdapter.handleInternal(RequestMappingHandlerAdapter.java:896)
	at org.springframework.web.servlet.mvc.method.AbstractHandlerMethodAdapter.handle(AbstractHandlerMethodAdapter.java:87)
	at org.springframework.web.servlet.DispatcherServlet.doDispatch(DispatcherServlet.java:1089)
	at org.springframework.web.servlet.DispatcherServlet.doService(DispatcherServlet.java:979)
	at org.springframework.web.servlet.FrameworkServlet.processRequest(FrameworkServlet.java:1014)
	at org.springframework.web.servlet.FrameworkServlet.doPost(FrameworkServlet.java:914)
	at jakarta.servlet.http.HttpServlet.service(HttpServlet.java:547)
	at org.springframework.web.servlet.FrameworkServlet.service(FrameworkServlet.java:885)
	at jakarta.servlet.http.HttpServlet.service(HttpServlet.java:614)
	at io.undertow.servlet.handlers.ServletHandler.handleRequest(ServletHandler.java:74)
	at io.undertow.servlet.handlers.FilterHandler$FilterChainImpl.doFilter(FilterHandler.java:129)
	at org.springframework.web.filter.CorsFilter.doFilterInternal(CorsFilter.java:91)
	at org.springframework.web.filter.OncePerRequestFilter.doFilter(OncePerRequestFilter.java:116)
	at io.undertow.servlet.core.ManagedFilter.doFilter(ManagedFilter.java:67)
	at io.undertow.servlet.handlers.FilterHandler$FilterChainImpl.doFilter(FilterHandler.java:131)
	at org.dromara.common.web.filter.RepeatableFilter.doFilter(RepeatableFilter.java:32)
	at io.undertow.servlet.core.ManagedFilter.doFilter(ManagedFilter.java:67)
	at io.undertow.servlet.handlers.FilterHandler$FilterChainImpl.doFilter(FilterHandler.java:131)
	at cn.dev33.satoken.filter.SaServletFilter.doFilter(SaServletFilter.java:143)
	at io.undertow.servlet.core.ManagedFilter.doFilter(ManagedFilter.java:67)
	at io.undertow.servlet.handlers.FilterHandler$FilterChainImpl.doFilter(FilterHandler.java:131)
	at cn.dev33.satoken.filter.SaFirewallCheckFilterForJakartaServlet.doFilter(SaFirewallCheckFilterForJakartaServlet.java:69)
	at io.undertow.servlet.core.ManagedFilter.doFilter(ManagedFilter.java:67)
	at io.undertow.servlet.handlers.FilterHandler$FilterChainImpl.doFilter(FilterHandler.java:131)
	at cn.dev33.satoken.filter.SaTokenCorsFilterForJakartaServlet.doFilter(SaTokenCorsFilterForJakartaServlet.java:52)
	at io.undertow.servlet.core.ManagedFilter.doFilter(ManagedFilter.java:67)
	at io.undertow.servlet.handlers.FilterHandler$FilterChainImpl.doFilter(FilterHandler.java:131)
	at cn.dev33.satoken.filter.SaTokenContextFilterForJakartaServlet.doFilter(SaTokenContextFilterForJakartaServlet.java:40)
	at io.undertow.servlet.core.ManagedFilter.doFilter(ManagedFilter.java:67)
	at io.undertow.servlet.handlers.FilterHandler$FilterChainImpl.doFilter(FilterHandler.java:131)
	at org.springframework.web.filter.RequestContextFilter.doFilterInternal(RequestContextFilter.java:100)
	at org.springframework.web.filter.OncePerRequestFilter.doFilter(OncePerRequestFilter.java:116)
	at io.undertow.servlet.core.ManagedFilter.doFilter(ManagedFilter.java:67)
	at io.undertow.servlet.handlers.FilterHandler$FilterChainImpl.doFilter(FilterHandler.java:131)
	at org.springframework.web.filter.FormContentFilter.doFilterInternal(FormContentFilter.java:93)
	at org.springframework.web.filter.OncePerRequestFilter.doFilter(OncePerRequestFilter.java:116)
	at io.undertow.servlet.core.ManagedFilter.doFilter(ManagedFilter.java:67)
	at io.undertow.servlet.handlers.FilterHandler$FilterChainImpl.doFilter(FilterHandler.java:131)
	at org.dromara.common.web.filter.XssFilter.doFilter(XssFilter.java:42)
	at io.undertow.servlet.core.ManagedFilter.doFilter(ManagedFilter.java:67)
	at io.undertow.servlet.handlers.FilterHandler$FilterChainImpl.doFilter(FilterHandler.java:131)
	at org.springframework.web.filter.ServerHttpObservationFilter.doFilterInternal(ServerHttpObservationFilter.java:110)
	at org.springframework.web.filter.OncePerRequestFilter.doFilter(OncePerRequestFilter.java:116)
	at io.undertow.servlet.core.ManagedFilter.doFilter(ManagedFilter.java:67)
	at io.undertow.servlet.handlers.FilterHandler$FilterChainImpl.doFilter(FilterHandler.java:131)
	at org.springframework.web.filter.CharacterEncodingFilter.doFilterInternal(CharacterEncodingFilter.java:201)
	at org.springframework.web.filter.OncePerRequestFilter.doFilter(OncePerRequestFilter.java:116)
	at io.undertow.servlet.core.ManagedFilter.doFilter(ManagedFilter.java:67)
	at io.undertow.servlet.handlers.FilterHandler$FilterChainImpl.doFilter(FilterHandler.java:131)
	at io.undertow.servlet.handlers.FilterHandler.handleRequest(FilterHandler.java:84)
	at io.undertow.servlet.handlers.security.ServletSecurityRoleHandler.handleRequest(ServletSecurityRoleHandler.java:62)
	at io.undertow.servlet.handlers.ServletChain$1.handleRequest(ServletChain.java:68)
	at io.undertow.servlet.handlers.ServletDispatchingHandler.handleRequest(ServletDispatchingHandler.java:36)
	at io.undertow.servlet.handlers.RedirectDirHandler.handleRequest(RedirectDirHandler.java:68)
	at io.undertow.servlet.handlers.security.SSLInformationAssociationHandler.handleRequest(SSLInformationAssociationHandler.java:117)
	at io.undertow.servlet.handlers.security.ServletAuthenticationCallHandler.handleRequest(ServletAuthenticationCallHandler.java:57)
	at io.undertow.server.handlers.PredicateHandler.handleRequest(PredicateHandler.java:43)
	at io.undertow.security.handlers.AbstractConfidentialityHandler.handleRequest(AbstractConfidentialityHandler.java:46)
	at io.undertow.servlet.handlers.security.ServletConfidentialityConstraintHandler.handleRequest(ServletConfidentialityConstraintHandler.java:64)
	at io.undertow.security.handlers.AuthenticationMechanismsHandler.handleRequest(AuthenticationMechanismsHandler.java:60)
	at io.undertow.servlet.handlers.security.CachedAuthenticatedSessionHandler.handleRequest(CachedAuthenticatedSessionHandler.java:75)
	at io.undertow.security.handlers.AbstractSecurityContextAssociationHandler.handleRequest(AbstractSecurityContextAssociationHandler.java:43)
	at io.undertow.server.handlers.PredicateHandler.handleRequest(PredicateHandler.java:43)
	at io.undertow.servlet.handlers.SendErrorPageHandler.handleRequest(SendErrorPageHandler.java:52)
	at io.undertow.server.handlers.PredicateHandler.handleRequest(PredicateHandler.java:43)
	at io.undertow.servlet.handlers.ServletInitialHandler.handleFirstRequest(ServletInitialHandler.java:271)
	at io.undertow.servlet.handlers.ServletInitialHandler$1.call(ServletInitialHandler.java:130)
	at io.undertow.servlet.handlers.ServletInitialHandler$1.call(ServletInitialHandler.java:127)
	at io.undertow.servlet.core.ServletRequestContextThreadSetupAction$1.call(ServletRequestContextThreadSetupAction.java:48)
	at io.undertow.servlet.core.ContextClassLoaderSetupAction$1.call(ContextClassLoaderSetupAction.java:43)
	at io.undertow.servlet.handlers.ServletInitialHandler.dispatchRequest(ServletInitialHandler.java:251)
	at io.undertow.servlet.handlers.ServletInitialHandler.lambda$new$1(ServletInitialHandler.java:99)
	at io.undertow.server.Connectors.executeRootHandler(Connectors.java:418)
	at io.undertow.server.HttpServerExchange$1.run(HttpServerExchange.java:938)
	at org.jboss.threads.ContextHandler$1.runWith(ContextHandler.java:18)
	at org.jboss.threads.EnhancedQueueExecutor$Task.doRunWith(EnhancedQueueExecutor.java:2691)
	at org.jboss.threads.EnhancedQueueExecutor$Task.run(EnhancedQueueExecutor.java:2670)
	at org.jboss.threads.EnhancedQueueExecutor$ThreadBody.run(EnhancedQueueExecutor.java:1615)
	at org.xnio.XnioWorker$WorkerThreadFactory$1$1.run(XnioWorker.java:1282)
	at java.base/java.lang.Thread.run(Thread.java:1583)
Caused by: org.postgresql.util.PSQLException: ERROR: null value in column "source_unit_name" of relation "t_lqg_sample" violates not-null constraint
  Detail: Failing row contains (2102178493784707074, SJ00000097, tissue, external, 9000000111, pending, null, null, null, null, null, 2+YfNroErfcBEw21SfWxMg==, null, null, null, QA组织, null, null, null, null, null, null, null, null, null, null, null, 9000000111, 2026-09-22 07:29:44, 9000000111, 2026-09-22 07:29:44, 0).
	at org.postgresql.core.v3.QueryExecutorImpl.receiveErrorResponse(QueryExecutorImpl.java:2846)
	at org.postgresql.core.v3.QueryExecutorImpl.processResults(QueryExecutorImpl.java:2531)
	at org.postgresql.core.v3.QueryExecutorImpl.execute(QueryExecutorImpl.java:429)
	at org.postgresql.jdbc.PgStatement.executeInternal(PgStatement.java:526)
	at org.postgresql.jdbc.PgStatement.execute(PgStatement.java:436)
	at org.postgresql.jdbc.PgPreparedStatement.executeWithFlags(PgPreparedStatement.java:196)
	at org.postgresql.jdbc.PgPreparedStatement.execute(PgPreparedStatement.java:182)
	at com.zaxxer.hikari.pool.ProxyPreparedStatement.execute(ProxyPreparedStatement.java:44)
	at com.zaxxer.hikari.pool.HikariProxyPreparedStatement.execute(HikariProxyPreparedStatement.java)
	at com.p6spy.engine.wrapper.PreparedStatementWrapper.execute(PreparedStatementWrapper.java:362)
	at org.apache.ibatis.executor.statement.PreparedStatementHandler.update(PreparedStatementHandler.java:48)
	at org.apache.ibatis.executor.statement.RoutingStatementHandler.update(RoutingStatementHandler.java:75)
	at java.base/jdk.internal.reflect.DirectMethodHandleAccessor.invoke(DirectMethodHandleAccessor.java:103)
	at java.base/java.lang.reflect.Method.invoke(Method.java:580)
	at org.apache.ibatis.plugin.Plugin.invoke(Plugin.java:61)
	at jdk.proxy2/jdk.proxy2.$Proxy238.update(Unknown Source)
	at org.apache.ibatis.executor.SimpleExecutor.doUpdate(SimpleExecutor.java:50)
	at org.apache.ibatis.executor.BaseExecutor.update(BaseExecutor.java:117)
	at org.apache.ibatis.executor.CachingExecutor.update(CachingExecutor.java:76)
	at java.base/jdk.internal.reflect.DirectMethodHandleAccessor.invoke(DirectMethodHandleAccessor.java:103)
	at java.base/java.lang.reflect.Method.invoke(Method.java:580)
	at org.apache.ibatis.plugin.Invocation.proceed(Invocation.java:61)
	at com.baomidou.mybatisplus.extension.plugins.MybatisPlusInterceptor.intercept(MybatisPlusInterceptor.java:106)
	at org.apache.ibatis.plugin.Plugin.invoke(Plugin.java:59)
	at jdk.proxy2/jdk.proxy2.$Proxy236.update(Unknown Source)
	at org.apache.ibatis.session.defaults.DefaultSqlSession.update(DefaultSqlSession.java:197)
	at org.apache.ibatis.session.defaults.DefaultSqlSession.insert(DefaultSqlSession.java:184)
	at java.base/jdk.internal.reflect.DirectMethodHandleAccessor.invoke(DirectMethodHandleAccessor.java:103)
	at java.base/java.lang.reflect.Method.invoke(Method.java:580)
	at org.mybatis.spring.SqlSessionTemplate$SqlSessionInterceptor.invoke(SqlSessionTemplate.java:333)
	... 107 common frames omitted
2026-09-22 07:29:45 [XNIO-1 task-2] ERROR o.d.c.w.h.GlobalExceptionHandler - 请求地址'/mp/ext/organoid',发生未知异常.
org.springframework.dao.DataIntegrityViolationException: 
### Error updating database.  Cause: org.postgresql.util.PSQLException: ERROR: null value in column "source_unit_name" of relation "t_lqg_sample" violates not-null constraint
  Detail: Failing row contains (2102178498545242114, SJ00000098, organoid, external, 9000000113, pending, null, null, null, null, null, null, null, null, null, null, QA-R4-UNIT-TEST, null, null, null, null, null, null, null, null, null, null, 9000000113, 2026-09-22 07:29:45, 9000000113, 2026-09-22 07:29:45, 0).
### The error may exist in org/dromara/lqg/sample/mapper/SampleMapper.java (best guess)
### The error may involve org.dromara.lqg.sample.mapper.SampleMapper.insert-Inline
### The error occurred while setting parameters
### SQL: INSERT INTO t_lqg_sample  ( id, submit_no, sample_kind, submit_source, submitter_id, verify_status,           organoid_type,           create_dept, create_by, create_time, update_by, update_time )  VALUES (  ?, ?, ?, ?, ?, ?,           ?,           ?, ?, ?, ?, ?  )
### Cause: org.postgresql.util.PSQLException: ERROR: null value in column "source_unit_name" of relation "t_lqg_sample" violates not-null constraint
  Detail: Failing row contains (2102178498545242114, SJ00000098, organoid, external, 9000000113, pending, null, null, null, null, null, null, null, null, null, null, QA-R4-UNIT-TEST, null, null, null, null, null, null, null, null, null, null, 9000000113, 2026-09-22 07:29:45, 9000000113, 2026-09-22 07:29:45, 0).
; ERROR: null value in column "source_unit_name" of relation "t_lqg_sample" violates not-null constraint
  Detail: Failing row contains (2102178498545242114, SJ00000098, organoid, external, 9000000113, pending, null, null, null, null, null, null, null, null, null, null, QA-R4-UNIT-TEST, null, null, null, null, null, null, null, null, null, null, 9000000113, 2026-09-22 07:29:45, 9000000113, 2026-09-22 07:29:45, 0).
	at org.springframework.jdbc.support.SQLErrorCodeSQLExceptionTranslator.doTranslate(SQLErrorCodeSQLExceptionTranslator.java:258)
	at org.springframework.jdbc.support.AbstractFallbackSQLExceptionTranslator.translate(AbstractFallbackSQLExceptionTranslator.java:107)
	at org.mybatis.spring.MyBatisExceptionTranslator.translateExceptionIfPossible(MyBatisExceptionTranslator.java:95)
	at org.mybatis.spring.SqlSessionTemplate$SqlSessionInterceptor.invoke(SqlSessionTemplate.java:347)
	at jdk.proxy2/jdk.proxy2.$Proxy155.insert(Unknown Source)
	at org.mybatis.spring.SqlSessionTemplate.insert(SqlSessionTemplate.java:224)
	at com.baomidou.mybatisplus.core.override.MybatisMapperMethod.execute(MybatisMapperMethod.java:59)
	at com.baomidou.mybatisplus.core.override.MybatisMapperProxy$PlainMethodInvoker.invoke(MybatisMapperProxy.java:156)
	at com.baomidou.mybatisplus.core.override.MybatisMapperProxy.invoke(MybatisMapperProxy.java:93)
	at jdk.proxy2/jdk.proxy2.$Proxy210.insert(Unknown Source)
	at org.dromara.lqg.sample.service.ExtSampleSubmitService.lambda$insertExternalOrganoid$2(ExtSampleSubmitService.java:231)
	at org.dromara.common.mybatis.helper.DataPermissionHelper.ignore(DataPermissionHelper.java:170)
	at org.dromara.lqg.sample.service.ExtSampleSubmitService.insertExternalOrganoid(ExtSampleSubmitService.java:220)
	at org.dromara.lqg.sample.service.ExtSampleSubmitService.submitOrganoid(ExtSampleSubmitService.java:95)
	at java.base/jdk.internal.reflect.DirectMethodHandleAccessor.invoke(DirectMethodHandleAccessor.java:103)
	at java.base/java.lang.reflect.Method.invoke(Method.java:580)
	at org.springframework.aop.support.AopUtils.invokeJoinpointUsingReflection(AopUtils.java:360)
	at org.springframework.aop.framework.ReflectiveMethodInvocation.invokeJoinpoint(ReflectiveMethodInvocation.java:196)
	at org.springframework.aop.framework.ReflectiveMethodInvocation.proceed(ReflectiveMethodInvocation.java:163)
	at org.springframework.transaction.interceptor.TransactionAspectSupport.invokeWithinTransaction(TransactionAspectSupport.java:380)
	at org.springframework.transaction.interceptor.TransactionInterceptor.invoke(TransactionInterceptor.java:119)
	at org.springframework.aop.framework.ReflectiveMethodInvocation.proceed(ReflectiveMethodInvocation.java:184)
	at org.springframework.aop.framework.CglibAopProxy$DynamicAdvisedInterceptor.intercept(CglibAopProxy.java:728)
	at org.dromara.lqg.sample.service.ExtSampleSubmitService$$SpringCGLIB$$0.submitOrganoid(<generated>)
	at org.dromara.lqg.ext.controller.ExtOrganoidController.submit(ExtOrganoidController.java:48)
	at java.base/jdk.internal.reflect.DirectMethodHandleAccessor.invoke(DirectMethodHandleAccessor.java:103)
	at java.base/java.lang.reflect.Method.invoke(Method.java:580)
	at org.springframework.web.method.support.InvocableHandlerMethod.doInvoke(InvocableHandlerMethod.java:258)
	at org.springframework.web.method.support.InvocableHandlerMethod.invokeForRequest(InvocableHandlerMethod.java:191)
	at org.springframework.web.servlet.mvc.method.annotation.ServletInvocableHandlerMethod.invokeAndHandle(ServletInvocableHandlerMethod.java:118)
	at org.springframework.web.servlet.mvc.method.annotation.RequestMappingHandlerAdapter.invokeHandlerMethod(RequestMappingHandlerAdapter.java:991)
	at org.springframework.web.servlet.mvc.method.annotation.RequestMappingHandlerAdapter.handleInternal(RequestMappingHandlerAdapter.java:896)
	at org.springframework.web.servlet.mvc.method.AbstractHandlerMethodAdapter.handle(AbstractHandlerMethodAdapter.java:87)
	at org.springframework.web.servlet.DispatcherServlet.doDispatch(DispatcherServlet.java:1089)
	at org.springframework.web.servlet.DispatcherServlet.doService(DispatcherServlet.java:979)
	at org.springframework.web.servlet.FrameworkServlet.processRequest(FrameworkServlet.java:1014)
	at org.springframework.web.servlet.FrameworkServlet.doPost(FrameworkServlet.java:914)
	at jakarta.servlet.http.HttpServlet.service(HttpServlet.java:547)
	at org.springframework.web.servlet.FrameworkServlet.service(FrameworkServlet.java:885)
	at jakarta.servlet.http.HttpServlet.service(HttpServlet.java:614)
	at io.undertow.servlet.handlers.ServletHandler.handleRequest(ServletHandler.java:74)
	at io.undertow.servlet.handlers.FilterHandler$FilterChainImpl.doFilter(FilterHandler.java:129)
	at org.springframework.web.filter.CorsFilter.doFilterInternal(CorsFilter.java:91)
	at org.springframework.web.filter.OncePerRequestFilter.doFilter(OncePerRequestFilter.java:116)
	at io.undertow.servlet.core.ManagedFilter.doFilter(ManagedFilter.java:67)
	at io.undertow.servlet.handlers.FilterHandler$FilterChainImpl.doFilter(FilterHandler.java:131)
	at org.dromara.common.web.filter.RepeatableFilter.doFilter(RepeatableFilter.java:32)
	at io.undertow.servlet.core.ManagedFilter.doFilter(ManagedFilter.java:67)
	at io.undertow.servlet.handlers.FilterHandler$FilterChainImpl.doFilter(FilterHandler.java:131)
	at cn.dev33.satoken.filter.SaServletFilter.doFilter(SaServletFilter.java:143)
	at io.undertow.servlet.core.ManagedFilter.doFilter(ManagedFilter.java:67)
	at io.undertow.servlet.handlers.FilterHandler$FilterChainImpl.doFilter(FilterHandler.java:131)
	at cn.dev33.satoken.filter.SaFirewallCheckFilterForJakartaServlet.doFilter(SaFirewallCheckFilterForJakartaServlet.java:69)
	at io.undertow.servlet.core.ManagedFilter.doFilter(ManagedFilter.java:67)
	at io.undertow.servlet.handlers.FilterHandler$FilterChainImpl.doFilter(FilterHandler.java:131)
	at cn.dev33.satoken.filter.SaTokenCorsFilterForJakartaServlet.doFilter(SaTokenCorsFilterForJakartaServlet.java:52)
	at io.undertow.servlet.core.ManagedFilter.doFilter(ManagedFilter.java:67)
	at io.undertow.servlet.handlers.FilterHandler$FilterChainImpl.doFilter(FilterHandler.java:131)
	at cn.dev33.satoken.filter.SaTokenContextFilterForJakartaServlet.doFilter(SaTokenContextFilterForJakartaServlet.java:40)
	at io.undertow.servlet.core.ManagedFilter.doFilter(ManagedFilter.java:67)
	at io.undertow.servlet.handlers.FilterHandler$FilterChainImpl.doFilter(FilterHandler.java:131)
	at org.springframework.web.filter.RequestContextFilter.doFilterInternal(RequestContextFilter.java:100)
	at org.springframework.web.filter.OncePerRequestFilter.doFilter(OncePerRequestFilter.java:116)
	at io.undertow.servlet.core.ManagedFilter.doFilter(ManagedFilter.java:67)
	at io.undertow.servlet.handlers.FilterHandler$FilterChainImpl.doFilter(FilterHandler.java:131)
	at org.springframework.web.filter.FormContentFilter.doFilterInternal(FormContentFilter.java:93)
	at org.springframework.web.filter.OncePerRequestFilter.doFilter(OncePerRequestFilter.java:116)
	at io.undertow.servlet.core.ManagedFilter.doFilter(ManagedFilter.java:67)
	at io.undertow.servlet.handlers.FilterHandler$FilterChainImpl.doFilter(FilterHandler.java:131)
	at org.dromara.common.web.filter.XssFilter.doFilter(XssFilter.java:42)
	at io.undertow.servlet.core.ManagedFilter.doFilter(ManagedFilter.java:67)
	at io.undertow.servlet.handlers.FilterHandler$FilterChainImpl.doFilter(FilterHandler.java:131)
	at org.springframework.web.filter.ServerHttpObservationFilter.doFilterInternal(ServerHttpObservationFilter.java:110)
	at org.springframework.web.filter.OncePerRequestFilter.doFilter(OncePerRequestFilter.java:116)
	at io.undertow.servlet.core.ManagedFilter.doFilter(ManagedFilter.java:67)
	at io.undertow.servlet.handlers.FilterHandler$FilterChainImpl.doFilter(FilterHandler.java:131)
	at org.springframework.web.filter.CharacterEncodingFilter.doFilterInternal(CharacterEncodingFilter.java:201)
	at org.springframework.web.filter.OncePerRequestFilter.doFilter(OncePerRequestFilter.java:116)
	at io.undertow.servlet.core.ManagedFilter.doFilter(ManagedFilter.java:67)
	at io.undertow.servlet.handlers.FilterHandler$FilterChainImpl.doFilter(FilterHandler.java:131)
	at io.undertow.servlet.handlers.FilterHandler.handleRequest(FilterHandler.java:84)
	at io.undertow.servlet.handlers.security.ServletSecurityRoleHandler.handleRequest(ServletSecurityRoleHandler.java:62)
	at io.undertow.servlet.handlers.ServletChain$1.handleRequest(ServletChain.java:68)
	at io.undertow.servlet.handlers.ServletDispatchingHandler.handleRequest(ServletDispatchingHandler.java:36)
	at io.undertow.servlet.handlers.RedirectDirHandler.handleRequest(RedirectDirHandler.java:68)
	at io.undertow.servlet.handlers.security.SSLInformationAssociationHandler.handleRequest(SSLInformationAssociationHandler.java:117)
	at io.undertow.servlet.handlers.security.ServletAuthenticationCallHandler.handleRequest(ServletAuthenticationCallHandler.java:57)
	at io.undertow.server.handlers.PredicateHandler.handleRequest(PredicateHandler.java:43)
	at io.undertow.security.handlers.AbstractConfidentialityHandler.handleRequest(AbstractConfidentialityHandler.java:46)
	at io.undertow.servlet.handlers.security.ServletConfidentialityConstraintHandler.handleRequest(ServletConfidentialityConstraintHandler.java:64)
	at io.undertow.security.handlers.AuthenticationMechanismsHandler.handleRequest(AuthenticationMechanismsHandler.java:60)
	at io.undertow.servlet.handlers.security.CachedAuthenticatedSessionHandler.handleRequest(CachedAuthenticatedSessionHandler.java:75)
	at io.undertow.security.handlers.AbstractSecurityContextAssociationHandler.handleRequest(AbstractSecurityContextAssociationHandler.java:43)
	at io.undertow.server.handlers.PredicateHandler.handleRequest(PredicateHandler.java:43)
	at io.undertow.servlet.handlers.SendErrorPageHandler.handleRequest(SendErrorPageHandler.java:52)
	at io.undertow.server.handlers.PredicateHandler.handleRequest(PredicateHandler.java:43)
	at io.undertow.servlet.handlers.ServletInitialHandler.handleFirstRequest(ServletInitialHandler.java:271)
	at io.undertow.servlet.handlers.ServletInitialHandler$1.call(ServletInitialHandler.java:130)
	at io.undertow.servlet.handlers.ServletInitialHandler$1.call(ServletInitialHandler.java:127)
	at io.undertow.servlet.core.ServletRequestContextThreadSetupAction$1.call(ServletRequestContextThreadSetupAction.java:48)
	at io.undertow.servlet.core.ContextClassLoaderSetupAction$1.call(ContextClassLoaderSetupAction.java:43)
	at io.undertow.servlet.handlers.ServletInitialHandler.dispatchRequest(ServletInitialHandler.java:251)
	at io.undertow.servlet.handlers.ServletInitialHandler.lambda$new$1(ServletInitialHandler.java:99)
	at io.undertow.server.Connectors.executeRootHandler(Connectors.java:418)
	at io.undertow.server.HttpServerExchange$1.run(HttpServerExchange.java:938)
	at org.jboss.threads.ContextHandler$1.runWith(ContextHandler.java:18)
	at org.jboss.threads.EnhancedQueueExecutor$Task.doRunWith(EnhancedQueueExecutor.java:2691)
	at org.jboss.threads.EnhancedQueueExecutor$Task.run(EnhancedQueueExecutor.java:2670)
	at org.jboss.threads.EnhancedQueueExecutor$ThreadBody.run(EnhancedQueueExecutor.java:1615)
	at org.xnio.XnioWorker$WorkerThreadFactory$1$1.run(XnioWorker.java:1282)
	at java.base/java.lang.Thread.run(Thread.java:1583)
Caused by: org.postgresql.util.PSQLException: ERROR: null value in column "source_unit_name" of relation "t_lqg_sample" violates not-null constraint
  Detail: Failing row contains (2102178498545242114, SJ00000098, organoid, external, 9000000113, pending, null, null, null, null, null, null, null, null, null, null, QA-R4-UNIT-TEST, null, null, null, null, null, null, null, null, null, null, 9000000113, 2026-09-22 07:29:45, 9000000113, 2026-09-22 07:29:45, 0).
	at org.postgresql.core.v3.QueryExecutorImpl.receiveErrorResponse(QueryExecutorImpl.java:2846)
	at org.postgresql.core.v3.QueryExecutorImpl.processResults(QueryExecutorImpl.java:2531)
	at org.postgresql.core.v3.QueryExecutorImpl.execute(QueryExecutorImpl.java:429)
	at org.postgresql.jdbc.PgStatement.executeInternal(PgStatement.java:526)
	at org.postgresql.jdbc.PgStatement.execute(PgStatement.java:436)
	at org.postgresql.jdbc.PgPreparedStatement.executeWithFlags(PgPreparedStatement.java:196)
	at org.postgresql.jdbc.PgPreparedStatement.execute(PgPreparedStatement.java:182)
	at com.zaxxer.hikari.pool.ProxyPreparedStatement.execute(ProxyPreparedStatement.java:44)
	at com.zaxxer.hikari.pool.HikariProxyPreparedStatement.execute(HikariProxyPreparedStatement.java)
	at com.p6spy.engine.wrapper.PreparedStatementWrapper.execute(PreparedStatementWrapper.java:362)
	at org.apache.ibatis.executor.statement.PreparedStatementHandler.update(PreparedStatementHandler.java:48)
	at org.apache.ibatis.executor.statement.RoutingStatementHandler.update(RoutingStatementHandler.java:75)
	at java.base/jdk.internal.reflect.DirectMethodHandleAccessor.invoke(DirectMethodHandleAccessor.java:103)
	at java.base/java.lang.reflect.Method.invoke(Method.java:580)
	at org.apache.ibatis.plugin.Plugin.invoke(Plugin.java:61)
	at jdk.proxy2/jdk.proxy2.$Proxy238.update(Unknown Source)
	at org.apache.ibatis.executor.SimpleExecutor.doUpdate(SimpleExecutor.java:50)
	at org.apache.ibatis.executor.BaseExecutor.update(BaseExecutor.java:117)
	at org.apache.ibatis.executor.CachingExecutor.update(CachingExecutor.java:76)
	at java.base/jdk.internal.reflect.DirectMethodHandleAccessor.invoke(DirectMethodHandleAccessor.java:103)
	at java.base/java.lang.reflect.Method.invoke(Method.java:580)
	at org.apache.ibatis.plugin.Invocation.proceed(Invocation.java:61)
	at com.baomidou.mybatisplus.extension.plugins.MybatisPlusInterceptor.intercept(MybatisPlusInterceptor.java:106)
	at org.apache.ibatis.plugin.Plugin.invoke(Plugin.java:59)
	at jdk.proxy2/jdk.proxy2.$Proxy236.update(Unknown Source)
	at org.apache.ibatis.session.defaults.DefaultSqlSession.update(DefaultSqlSession.java:197)
	at org.apache.ibatis.session.defaults.DefaultSqlSession.insert(DefaultSqlSession.java:184)
	at java.base/jdk.internal.reflect.DirectMethodHandleAccessor.invoke(DirectMethodHandleAccessor.java:103)
	at java.base/java.lang.reflect.Method.invoke(Method.java:580)
	at org.mybatis.spring.SqlSessionTemplate$SqlSessionInterceptor.invoke(SqlSessionTemplate.java:333)
	... 107 common frames omitted
2026-09-22 07:30:17 [XNIO-1 task-2] ERROR o.d.c.w.h.GlobalExceptionHandler - 请求地址'/mp/ext/sample',发生未知异常.
org.springframework.dao.DataIntegrityViolationException: 
### Error updating database.  Cause: org.postgresql.util.PSQLException: ERROR: null value in column "source_unit_name" of relation "t_lqg_sample" violates not-null constraint
  Detail: Failing row contains (2102178633874460673, SJ00000099, tissue, external, 2102178617592172545, pending, null, null, null, null, null, X71lMpCVlyHgDVUyVhTw+A==, null, null, , QA组织, null, null, null, null, null, null, null, null, null, null, null, 2102178617592172545, 2026-09-22 07:30:18, 2102178617592172545, 2026-09-22 07:30:18, 0).
### The error may exist in org/dromara/lqg/sample/mapper/SampleMapper.java (best guess)
### The error may involve org.dromara.lqg.sample.mapper.SampleMapper.insert-Inline
### The error occurred while setting parameters
### SQL: INSERT INTO t_lqg_sample  ( id, submit_no, sample_kind, submit_source, submitter_id, verify_status,      donor_name,   hospital_no, tissue_type,            create_dept, create_by, create_time, update_by, update_time )  VALUES (  ?, ?, ?, ?, ?, ?,      ?,   ?, ?,            ?, ?, ?, ?, ?  )
### Cause: org.postgresql.util.PSQLException: ERROR: null value in column "source_unit_name" of relation "t_lqg_sample" violates not-null constraint
  Detail: Failing row contains (2102178633874460673, SJ00000099, tissue, external, 2102178617592172545, pending, null, null, null, null, null, X71lMpCVlyHgDVUyVhTw+A==, null, null, , QA组织, null, null, null, null, null, null, null, null, null, null, null, 2102178617592172545, 2026-09-22 07:30:18, 2102178617592172545, 2026-09-22 07:30:18, 0).
; ERROR: null value in column "source_unit_name" of relation "t_lqg_sample" violates not-null constraint
  Detail: Failing row contains (2102178633874460673, SJ00000099, tissue, external, 2102178617592172545, pending, null, null, null, null, null, X71lMpCVlyHgDVUyVhTw+A==, null, null, , QA组织, null, null, null, null, null, null, null, null, null, null, null, 2102178617592172545, 2026-09-22 07:30:18, 2102178617592172545, 2026-09-22 07:30:18, 0).
	at org.springframework.jdbc.support.SQLErrorCodeSQLExceptionTranslator.doTranslate(SQLErrorCodeSQLExceptionTranslator.java:258)
	at org.springframework.jdbc.support.AbstractFallbackSQLExceptionTranslator.translate(AbstractFallbackSQLExceptionTranslator.java:107)
	at org.mybatis.spring.MyBatisExceptionTranslator.translateExceptionIfPossible(MyBatisExceptionTranslator.java:95)
	at org.mybatis.spring.SqlSessionTemplate$SqlSessionInterceptor.invoke(SqlSessionTemplate.java:347)
	at jdk.proxy2/jdk.proxy2.$Proxy155.insert(Unknown Source)
	at org.mybatis.spring.SqlSessionTemplate.insert(SqlSessionTemplate.java:224)
	at com.baomidou.mybatisplus.core.override.MybatisMapperMethod.execute(MybatisMapperMethod.java:59)
	at com.baomidou.mybatisplus.core.override.MybatisMapperProxy$PlainMethodInvoker.invoke(MybatisMapperProxy.java:156)
	at com.baomidou.mybatisplus.core.override.MybatisMapperProxy.invoke(MybatisMapperProxy.java:93)
	at jdk.proxy2/jdk.proxy2.$Proxy210.insert(Unknown Source)
	at org.dromara.lqg.sample.service.ExtSampleSubmitService.lambda$insertExternalTissue$1(ExtSampleSubmitService.java:209)
	at org.dromara.common.mybatis.helper.DataPermissionHelper.ignore(DataPermissionHelper.java:170)
	at org.dromara.lqg.sample.service.ExtSampleSubmitService.insertExternalTissue(ExtSampleSubmitService.java:193)
	at org.dromara.lqg.sample.service.ExtSampleSubmitService.submitTissue(ExtSampleSubmitService.java:77)
	at java.base/jdk.internal.reflect.DirectMethodHandleAccessor.invoke(DirectMethodHandleAccessor.java:103)
	at java.base/java.lang.reflect.Method.invoke(Method.java:580)
	at org.springframework.aop.support.AopUtils.invokeJoinpointUsingReflection(AopUtils.java:360)
	at org.springframework.aop.framework.ReflectiveMethodInvocation.invokeJoinpoint(ReflectiveMethodInvocation.java:196)
	at org.springframework.aop.framework.ReflectiveMethodInvocation.proceed(ReflectiveMethodInvocation.java:163)
	at org.springframework.transaction.interceptor.TransactionAspectSupport.invokeWithinTransaction(TransactionAspectSupport.java:380)
	at org.springframework.transaction.interceptor.TransactionInterceptor.invoke(TransactionInterceptor.java:119)
	at org.springframework.aop.framework.ReflectiveMethodInvocation.proceed(ReflectiveMethodInvocation.java:184)
	at org.springframework.aop.framework.CglibAopProxy$DynamicAdvisedInterceptor.intercept(CglibAopProxy.java:728)
	at org.dromara.lqg.sample.service.ExtSampleSubmitService$$SpringCGLIB$$0.submitTissue(<generated>)
	at org.dromara.lqg.ext.controller.ExtSampleController.submit(ExtSampleController.java:85)
	at java.base/jdk.internal.reflect.DirectMethodHandleAccessor.invoke(DirectMethodHandleAccessor.java:103)
	at java.base/java.lang.reflect.Method.invoke(Method.java:580)
	at org.springframework.web.method.support.InvocableHandlerMethod.doInvoke(InvocableHandlerMethod.java:258)
	at org.springframework.web.method.support.InvocableHandlerMethod.invokeForRequest(InvocableHandlerMethod.java:191)
	at org.springframework.web.servlet.mvc.method.annotation.ServletInvocableHandlerMethod.invokeAndHandle(ServletInvocableHandlerMethod.java:118)
	at org.springframework.web.servlet.mvc.method.annotation.RequestMappingHandlerAdapter.invokeHandlerMethod(RequestMappingHandlerAdapter.java:991)
	at org.springframework.web.servlet.mvc.method.annotation.RequestMappingHandlerAdapter.handleInternal(RequestMappingHandlerAdapter.java:896)
	at org.springframework.web.servlet.mvc.method.AbstractHandlerMethodAdapter.handle(AbstractHandlerMethodAdapter.java:87)
	at org.springframework.web.servlet.DispatcherServlet.doDispatch(DispatcherServlet.java:1089)
	at org.springframework.web.servlet.DispatcherServlet.doService(DispatcherServlet.java:979)
	at org.springframework.web.servlet.FrameworkServlet.processRequest(FrameworkServlet.java:1014)
	at org.springframework.web.servlet.FrameworkServlet.doPost(FrameworkServlet.java:914)
	at jakarta.servlet.http.HttpServlet.service(HttpServlet.java:547)
	at org.springframework.web.servlet.FrameworkServlet.service(FrameworkServlet.java:885)
	at jakarta.servlet.http.HttpServlet.service(HttpServlet.java:614)
	at io.undertow.servlet.handlers.ServletHandler.handleRequest(ServletHandler.java:74)
	at io.undertow.servlet.handlers.FilterHandler$FilterChainImpl.doFilter(FilterHandler.java:129)
	at org.springframework.web.filter.CorsFilter.doFilterInternal(CorsFilter.java:91)
	at org.springframework.web.filter.OncePerRequestFilter.doFilter(OncePerRequestFilter.java:116)
	at io.undertow.servlet.core.ManagedFilter.doFilter(ManagedFilter.java:67)
	at io.undertow.servlet.handlers.FilterHandler$FilterChainImpl.doFilter(FilterHandler.java:131)
	at org.dromara.common.web.filter.RepeatableFilter.doFilter(RepeatableFilter.java:32)
	at io.undertow.servlet.core.ManagedFilter.doFilter(ManagedFilter.java:67)
	at io.undertow.servlet.handlers.FilterHandler$FilterChainImpl.doFilter(FilterHandler.java:131)
	at cn.dev33.satoken.filter.SaServletFilter.doFilter(SaServletFilter.java:143)
	at io.undertow.servlet.core.ManagedFilter.doFilter(ManagedFilter.java:67)
	at io.undertow.servlet.handlers.FilterHandler$FilterChainImpl.doFilter(FilterHandler.java:131)
	at cn.dev33.satoken.filter.SaFirewallCheckFilterForJakartaServlet.doFilter(SaFirewallCheckFilterForJakartaServlet.java:69)
	at io.undertow.servlet.core.ManagedFilter.doFilter(ManagedFilter.java:67)
	at io.undertow.servlet.handlers.FilterHandler$FilterChainImpl.doFilter(FilterHandler.java:131)
	at cn.dev33.satoken.filter.SaTokenCorsFilterForJakartaServlet.doFilter(SaTokenCorsFilterForJakartaServlet.java:52)
	at io.undertow.servlet.core.ManagedFilter.doFilter(ManagedFilter.java:67)
	at io.undertow.servlet.handlers.FilterHandler$FilterChainImpl.doFilter(FilterHandler.java:131)
	at cn.dev33.satoken.filter.SaTokenContextFilterForJakartaServlet.doFilter(SaTokenContextFilterForJakartaServlet.java:40)
	at io.undertow.servlet.core.ManagedFilter.doFilter(ManagedFilter.java:67)
	at io.undertow.servlet.handlers.FilterHandler$FilterChainImpl.doFilter(FilterHandler.java:131)
	at org.springframework.web.filter.RequestContextFilter.doFilterInternal(RequestContextFilter.java:100)
	at org.springframework.web.filter.OncePerRequestFilter.doFilter(OncePerRequestFilter.java:116)
	at io.undertow.servlet.core.ManagedFilter.doFilter(ManagedFilter.java:67)
	at io.undertow.servlet.handlers.FilterHandler$FilterChainImpl.doFilter(FilterHandler.java:131)
	at org.springframework.web.filter.FormContentFilter.doFilterInternal(FormContentFilter.java:93)
	at org.springframework.web.filter.OncePerRequestFilter.doFilter(OncePerRequestFilter.java:116)
	at io.undertow.servlet.core.ManagedFilter.doFilter(ManagedFilter.java:67)
	at io.undertow.servlet.handlers.FilterHandler$FilterChainImpl.doFilter(FilterHandler.java:131)
	at org.dromara.common.web.filter.XssFilter.doFilter(XssFilter.java:42)
	at io.undertow.servlet.core.ManagedFilter.doFilter(ManagedFilter.java:67)
	at io.undertow.servlet.handlers.FilterHandler$FilterChainImpl.doFilter(FilterHandler.java:131)
	at org.springframework.web.filter.ServerHttpObservationFilter.doFilterInternal(ServerHttpObservationFilter.java:110)
	at org.springframework.web.filter.OncePerRequestFilter.doFilter(OncePerRequestFilter.java:116)
	at io.undertow.servlet.core.ManagedFilter.doFilter(ManagedFilter.java:67)
	at io.undertow.servlet.handlers.FilterHandler$FilterChainImpl.doFilter(FilterHandler.java:131)
	at org.springframework.web.filter.CharacterEncodingFilter.doFilterInternal(CharacterEncodingFilter.java:201)
	at org.springframework.web.filter.OncePerRequestFilter.doFilter(OncePerRequestFilter.java:116)
	at io.undertow.servlet.core.ManagedFilter.doFilter(ManagedFilter.java:67)
	at io.undertow.servlet.handlers.FilterHandler$FilterChainImpl.doFilter(FilterHandler.java:131)
	at io.undertow.servlet.handlers.FilterHandler.handleRequest(FilterHandler.java:84)
	at io.undertow.servlet.handlers.security.ServletSecurityRoleHandler.handleRequest(ServletSecurityRoleHandler.java:62)
	at io.undertow.servlet.handlers.ServletChain$1.handleRequest(ServletChain.java:68)
	at io.undertow.servlet.handlers.ServletDispatchingHandler.handleRequest(ServletDispatchingHandler.java:36)
	at io.undertow.servlet.handlers.RedirectDirHandler.handleRequest(RedirectDirHandler.java:68)
	at io.undertow.servlet.handlers.security.SSLInformationAssociationHandler.handleRequest(SSLInformationAssociationHandler.java:117)
	at io.undertow.servlet.handlers.security.ServletAuthenticationCallHandler.handleRequest(ServletAuthenticationCallHandler.java:57)
	at io.undertow.server.handlers.PredicateHandler.handleRequest(PredicateHandler.java:43)
	at io.undertow.security.handlers.AbstractConfidentialityHandler.handleRequest(AbstractConfidentialityHandler.java:46)
	at io.undertow.servlet.handlers.security.ServletConfidentialityConstraintHandler.handleRequest(ServletConfidentialityConstraintHandler.java:64)
	at io.undertow.security.handlers.AuthenticationMechanismsHandler.handleRequest(AuthenticationMechanismsHandler.java:60)
	at io.undertow.servlet.handlers.security.CachedAuthenticatedSessionHandler.handleRequest(CachedAuthenticatedSessionHandler.java:75)
	at io.undertow.security.handlers.AbstractSecurityContextAssociationHandler.handleRequest(AbstractSecurityContextAssociationHandler.java:43)
	at io.undertow.server.handlers.PredicateHandler.handleRequest(PredicateHandler.java:43)
	at io.undertow.servlet.handlers.SendErrorPageHandler.handleRequest(SendErrorPageHandler.java:52)
	at io.undertow.server.handlers.PredicateHandler.handleRequest(PredicateHandler.java:43)
	at io.undertow.servlet.handlers.ServletInitialHandler.handleFirstRequest(ServletInitialHandler.java:271)
	at io.undertow.servlet.handlers.ServletInitialHandler$1.call(ServletInitialHandler.java:130)
	at io.undertow.servlet.handlers.ServletInitialHandler$1.call(ServletInitialHandler.java:127)
	at io.undertow.servlet.core.ServletRequestContextThreadSetupAction$1.call(ServletRequestContextThreadSetupAction.java:48)
	at io.undertow.servlet.core.ContextClassLoaderSetupAction$1.call(ContextClassLoaderSetupAction.java:43)
	at io.undertow.servlet.handlers.ServletInitialHandler.dispatchRequest(ServletInitialHandler.java:251)
	at io.undertow.servlet.handlers.ServletInitialHandler.lambda$new$1(ServletInitialHandler.java:99)
	at io.undertow.server.Connectors.executeRootHandler(Connectors.java:418)
	at io.undertow.server.HttpServerExchange$1.run(HttpServerExchange.java:938)
	at org.jboss.threads.ContextHandler$1.runWith(ContextHandler.java:18)
	at org.jboss.threads.EnhancedQueueExecutor$Task.doRunWith(EnhancedQueueExecutor.java:2691)
	at org.jboss.threads.EnhancedQueueExecutor$Task.run(EnhancedQueueExecutor.java:2670)
	at org.jboss.threads.EnhancedQueueExecutor$ThreadBody.run(EnhancedQueueExecutor.java:1615)
	at org.xnio.XnioWorker$WorkerThreadFactory$1$1.run(XnioWorker.java:1282)
	at java.base/java.lang.Thread.run(Thread.java:1583)
Caused by: org.postgresql.util.PSQLException: ERROR: null value in column "source_unit_name" of relation "t_lqg_sample" violates not-null constraint
  Detail: Failing row contains (2102178633874460673, SJ00000099, tissue, external, 2102178617592172545, pending, null, null, null, null, null, X71lMpCVlyHgDVUyVhTw+A==, null, null, , QA组织, null, null, null, null, null, null, null, null, null, null, null, 2102178617592172545, 2026-09-22 07:30:18, 2102178617592172545, 2026-09-22 07:30:18, 0).
	at org.postgresql.core.v3.QueryExecutorImpl.receiveErrorResponse(QueryExecutorImpl.java:2846)
	at org.postgresql.core.v3.QueryExecutorImpl.processResults(QueryExecutorImpl.java:2531)
	at org.postgresql.core.v3.QueryExecutorImpl.execute(QueryExecutorImpl.java:429)
	at org.postgresql.jdbc.PgStatement.executeInternal(PgStatement.java:526)
	at org.postgresql.jdbc.PgStatement.execute(PgStatement.java:436)
	at org.postgresql.jdbc.PgPreparedStatement.executeWithFlags(PgPreparedStatement.java:196)
	at org.postgresql.jdbc.PgPreparedStatement.execute(PgPreparedStatement.java:182)
	at com.zaxxer.hikari.pool.ProxyPreparedStatement.execute(ProxyPreparedStatement.java:44)
	at com.zaxxer.hikari.pool.HikariProxyPreparedStatement.execute(HikariProxyPreparedStatement.java)
	at com.p6spy.engine.wrapper.PreparedStatementWrapper.execute(PreparedStatementWrapper.java:362)
	at org.apache.ibatis.executor.statement.PreparedStatementHandler.update(PreparedStatementHandler.java:48)
	at org.apache.ibatis.executor.statement.RoutingStatementHandler.update(RoutingStatementHandler.java:75)
	at java.base/jdk.internal.reflect.DirectMethodHandleAccessor.invoke(DirectMethodHandleAccessor.java:103)
	at java.base/java.lang.reflect.Method.invoke(Method.java:580)
	at org.apache.ibatis.plugin.Plugin.invoke(Plugin.java:61)
	at jdk.proxy2/jdk.proxy2.$Proxy238.update(Unknown Source)
	at org.apache.ibatis.executor.SimpleExecutor.doUpdate(SimpleExecutor.java:50)
	at org.apache.ibatis.executor.BaseExecutor.update(BaseExecutor.java:117)
	at org.apache.ibatis.executor.CachingExecutor.update(CachingExecutor.java:76)
	at java.base/jdk.internal.reflect.DirectMethodHandleAccessor.invoke(DirectMethodHandleAccessor.java:103)
	at java.base/java.lang.reflect.Method.invoke(Method.java:580)
	at org.apache.ibatis.plugin.Invocation.proceed(Invocation.java:61)
	at com.baomidou.mybatisplus.extension.plugins.MybatisPlusInterceptor.intercept(MybatisPlusInterceptor.java:106)
	at org.apache.ibatis.plugin.Plugin.invoke(Plugin.java:59)
	at jdk.proxy2/jdk.proxy2.$Proxy236.update(Unknown Source)
	at org.apache.ibatis.session.defaults.DefaultSqlSession.update(DefaultSqlSession.java:197)
	at org.apache.ibatis.session.defaults.DefaultSqlSession.insert(DefaultSqlSession.java:184)
	at java.base/jdk.internal.reflect.DirectMethodHandleAccessor.invoke(DirectMethodHandleAccessor.java:103)
	at java.base/java.lang.reflect.Method.invoke(Method.java:580)
	at org.mybatis.spring.SqlSessionTemplate$SqlSessionInterceptor.invoke(SqlSessionTemplate.java:333)
	... 107 common frames omitted
2026-09-22 07:30:33 [XNIO-1 task-2] ERROR o.d.c.w.h.GlobalExceptionHandler - 请求地址'/mp/int/sample',发生未知异常.
org.springframework.dao.DataIntegrityViolationException: 
### Error updating database.  Cause: org.postgresql.util.PSQLException: ERROR: null value in column "source_unit_name" of relation "t_lqg_sample" violates not-null constraint
  Detail: Failing row contains (2102178701654413314, SJ00000100, tissue, internal, 9000000101, valid, 9000000101, 2026-09-22 07:30:34, null, null, null, bTLZihd5z7HmS5RzDnuzPg==, null, null, null, QA组织, null, null, 2026-09-20, T-qa-r4-nounit, null, null, null, null, 李工, null, null, 9000000101, 2026-09-22 07:30:34, 9000000101, 2026-09-22 07:30:34, 0).
### The error may exist in org/dromara/lqg/sample/mapper/SampleMapper.java (best guess)
### The error may involve org.dromara.lqg.sample.mapper.SampleMapper.insert-Inline
### The error occurred while setting parameters
### SQL: INSERT INTO t_lqg_sample  ( id, submit_no, sample_kind, submit_source, submitter_id, verify_status, verify_by, verify_time,    donor_name,    tissue_type,   receive_date, internal_no,     operator_name,   create_dept, create_by, create_time, update_by, update_time )  VALUES (  ?, ?, ?, ?, ?, ?, ?, ?,    ?,    ?,   ?, ?,     ?,   ?, ?, ?, ?, ?  )
### Cause: org.postgresql.util.PSQLException: ERROR: null value in column "source_unit_name" of relation "t_lqg_sample" violates not-null constraint
  Detail: Failing row contains (2102178701654413314, SJ00000100, tissue, internal, 9000000101, valid, 9000000101, 2026-09-22 07:30:34, null, null, null, bTLZihd5z7HmS5RzDnuzPg==, null, null, null, QA组织, null, null, 2026-09-20, T-qa-r4-nounit, null, null, null, null, 李工, null, null, 9000000101, 2026-09-22 07:30:34, 9000000101, 2026-09-22 07:30:34, 0).
; ERROR: null value in column "source_unit_name" of relation "t_lqg_sample" violates not-null constraint
  Detail: Failing row contains (2102178701654413314, SJ00000100, tissue, internal, 9000000101, valid, 9000000101, 2026-09-22 07:30:34, null, null, null, bTLZihd5z7HmS5RzDnuzPg==, null, null, null, QA组织, null, null, 2026-09-20, T-qa-r4-nounit, null, null, null, null, 李工, null, null, 9000000101, 2026-09-22 07:30:34, 9000000101, 2026-09-22 07:30:34, 0).
	at org.springframework.jdbc.support.SQLErrorCodeSQLExceptionTranslator.doTranslate(SQLErrorCodeSQLExceptionTranslator.java:258)
	at org.springframework.jdbc.support.AbstractFallbackSQLExceptionTranslator.translate(AbstractFallbackSQLExceptionTranslator.java:107)
	at org.mybatis.spring.MyBatisExceptionTranslator.translateExceptionIfPossible(MyBatisExceptionTranslator.java:95)
	at org.mybatis.spring.SqlSessionTemplate$SqlSessionInterceptor.invoke(SqlSessionTemplate.java:347)
	at jdk.proxy2/jdk.proxy2.$Proxy155.insert(Unknown Source)
	at org.mybatis.spring.SqlSessionTemplate.insert(SqlSessionTemplate.java:224)
	at com.baomidou.mybatisplus.core.override.MybatisMapperMethod.execute(MybatisMapperMethod.java:59)
	at com.baomidou.mybatisplus.core.override.MybatisMapperProxy$PlainMethodInvoker.invoke(MybatisMapperProxy.java:156)
	at com.baomidou.mybatisplus.core.override.MybatisMapperProxy.invoke(MybatisMapperProxy.java:93)
	at jdk.proxy2/jdk.proxy2.$Proxy210.insert(Unknown Source)
	at org.dromara.lqg.sample.service.SampleService.lambda$create$0(SampleService.java:83)
	at org.dromara.common.mybatis.helper.DataPermissionHelper.ignore(DataPermissionHelper.java:170)
	at org.dromara.lqg.sample.service.SampleService.create(SampleService.java:72)
	at java.base/jdk.internal.reflect.DirectMethodHandleAccessor.invoke(DirectMethodHandleAccessor.java:103)
	at java.base/java.lang.reflect.Method.invoke(Method.java:580)
	at org.springframework.aop.support.AopUtils.invokeJoinpointUsingReflection(AopUtils.java:360)
	at org.springframework.aop.framework.ReflectiveMethodInvocation.invokeJoinpoint(ReflectiveMethodInvocation.java:196)
	at org.springframework.aop.framework.ReflectiveMethodInvocation.proceed(ReflectiveMethodInvocation.java:163)
	at org.springframework.transaction.interceptor.TransactionAspectSupport.invokeWithinTransaction(TransactionAspectSupport.java:380)
	at org.springframework.transaction.interceptor.TransactionInterceptor.invoke(TransactionInterceptor.java:119)
	at org.springframework.aop.framework.ReflectiveMethodInvocation.proceed(ReflectiveMethodInvocation.java:184)
	at org.springframework.aop.framework.CglibAopProxy$DynamicAdvisedInterceptor.intercept(CglibAopProxy.java:728)
	at org.dromara.lqg.sample.service.SampleService$$SpringCGLIB$$0.create(<generated>)
	at org.dromara.lqg.sample.mp.MpSampleService.create(MpSampleService.java:79)
	at org.dromara.lqg.sample.mp.MpSampleController.create(MpSampleController.java:73)
	at java.base/jdk.internal.reflect.DirectMethodHandleAccessor.invoke(DirectMethodHandleAccessor.java:103)
	at java.base/java.lang.reflect.Method.invoke(Method.java:580)
	at org.springframework.web.method.support.InvocableHandlerMethod.doInvoke(InvocableHandlerMethod.java:258)
	at org.springframework.web.method.support.InvocableHandlerMethod.invokeForRequest(InvocableHandlerMethod.java:191)
	at org.springframework.web.servlet.mvc.method.annotation.ServletInvocableHandlerMethod.invokeAndHandle(ServletInvocableHandlerMethod.java:118)
	at org.springframework.web.servlet.mvc.method.annotation.RequestMappingHandlerAdapter.invokeHandlerMethod(RequestMappingHandlerAdapter.java:991)
	at org.springframework.web.servlet.mvc.method.annotation.RequestMappingHandlerAdapter.handleInternal(RequestMappingHandlerAdapter.java:896)
	at org.springframework.web.servlet.mvc.method.AbstractHandlerMethodAdapter.handle(AbstractHandlerMethodAdapter.java:87)
	at org.springframework.web.servlet.DispatcherServlet.doDispatch(DispatcherServlet.java:1089)
	at org.springframework.web.servlet.DispatcherServlet.doService(DispatcherServlet.java:979)
	at org.springframework.web.servlet.FrameworkServlet.processRequest(FrameworkServlet.java:1014)
	at org.springframework.web.servlet.FrameworkServlet.doPost(FrameworkServlet.java:914)
	at jakarta.servlet.http.HttpServlet.service(HttpServlet.java:547)
	at org.springframework.web.servlet.FrameworkServlet.service(FrameworkServlet.java:885)
	at jakarta.servlet.http.HttpServlet.service(HttpServlet.java:614)
	at io.undertow.servlet.handlers.ServletHandler.handleRequest(ServletHandler.java:74)
	at io.undertow.servlet.handlers.FilterHandler$FilterChainImpl.doFilter(FilterHandler.java:129)
	at org.springframework.web.filter.CorsFilter.doFilterInternal(CorsFilter.java:91)
	at org.springframework.web.filter.OncePerRequestFilter.doFilter(OncePerRequestFilter.java:116)
	at io.undertow.servlet.core.ManagedFilter.doFilter(ManagedFilter.java:67)
	at io.undertow.servlet.handlers.FilterHandler$FilterChainImpl.doFilter(FilterHandler.java:131)
	at org.dromara.common.web.filter.RepeatableFilter.doFilter(RepeatableFilter.java:32)
	at io.undertow.servlet.core.ManagedFilter.doFilter(ManagedFilter.java:67)
	at io.undertow.servlet.handlers.FilterHandler$FilterChainImpl.doFilter(FilterHandler.java:131)
	at cn.dev33.satoken.filter.SaServletFilter.doFilter(SaServletFilter.java:143)
	at io.undertow.servlet.core.ManagedFilter.doFilter(ManagedFilter.java:67)
	at io.undertow.servlet.handlers.FilterHandler$FilterChainImpl.doFilter(FilterHandler.java:131)
	at cn.dev33.satoken.filter.SaFirewallCheckFilterForJakartaServlet.doFilter(SaFirewallCheckFilterForJakartaServlet.java:69)
	at io.undertow.servlet.core.ManagedFilter.doFilter(ManagedFilter.java:67)
	at io.undertow.servlet.handlers.FilterHandler$FilterChainImpl.doFilter(FilterHandler.java:131)
	at cn.dev33.satoken.filter.SaTokenCorsFilterForJakartaServlet.doFilter(SaTokenCorsFilterForJakartaServlet.java:52)
	at io.undertow.servlet.core.ManagedFilter.doFilter(ManagedFilter.java:67)
	at io.undertow.servlet.handlers.FilterHandler$FilterChainImpl.doFilter(FilterHandler.java:131)
	at cn.dev33.satoken.filter.SaTokenContextFilterForJakartaServlet.doFilter(SaTokenContextFilterForJakartaServlet.java:40)
	at io.undertow.servlet.core.ManagedFilter.doFilter(ManagedFilter.java:67)
	at io.undertow.servlet.handlers.FilterHandler$FilterChainImpl.doFilter(FilterHandler.java:131)
	at org.springframework.web.filter.RequestContextFilter.doFilterInternal(RequestContextFilter.java:100)
	at org.springframework.web.filter.OncePerRequestFilter.doFilter(OncePerRequestFilter.java:116)
	at io.undertow.servlet.core.ManagedFilter.doFilter(ManagedFilter.java:67)
	at io.undertow.servlet.handlers.FilterHandler$FilterChainImpl.doFilter(FilterHandler.java:131)
	at org.springframework.web.filter.FormContentFilter.doFilterInternal(FormContentFilter.java:93)
	at org.springframework.web.filter.OncePerRequestFilter.doFilter(OncePerRequestFilter.java:116)
	at io.undertow.servlet.core.ManagedFilter.doFilter(ManagedFilter.java:67)
	at io.undertow.servlet.handlers.FilterHandler$FilterChainImpl.doFilter(FilterHandler.java:131)
	at org.dromara.common.web.filter.XssFilter.doFilter(XssFilter.java:42)
	at io.undertow.servlet.core.ManagedFilter.doFilter(ManagedFilter.java:67)
	at io.undertow.servlet.handlers.FilterHandler$FilterChainImpl.doFilter(FilterHandler.java:131)
	at org.springframework.web.filter.ServerHttpObservationFilter.doFilterInternal(ServerHttpObservationFilter.java:110)
	at org.springframework.web.filter.OncePerRequestFilter.doFilter(OncePerRequestFilter.java:116)
	at io.undertow.servlet.core.ManagedFilter.doFilter(ManagedFilter.java:67)
	at io.undertow.servlet.handlers.FilterHandler$FilterChainImpl.doFilter(FilterHandler.java:131)
	at org.springframework.web.filter.CharacterEncodingFilter.doFilterInternal(CharacterEncodingFilter.java:201)
	at org.springframework.web.filter.OncePerRequestFilter.doFilter(OncePerRequestFilter.java:116)
	at io.undertow.servlet.core.ManagedFilter.doFilter(ManagedFilter.java:67)
	at io.undertow.servlet.handlers.FilterHandler$FilterChainImpl.doFilter(FilterHandler.java:131)
	at io.undertow.servlet.handlers.FilterHandler.handleRequest(FilterHandler.java:84)
	at io.undertow.servlet.handlers.security.ServletSecurityRoleHandler.handleRequest(ServletSecurityRoleHandler.java:62)
	at io.undertow.servlet.handlers.ServletChain$1.handleRequest(ServletChain.java:68)
	at io.undertow.servlet.handlers.ServletDispatchingHandler.handleRequest(ServletDispatchingHandler.java:36)
	at io.undertow.servlet.handlers.RedirectDirHandler.handleRequest(RedirectDirHandler.java:68)
	at io.undertow.servlet.handlers.security.SSLInformationAssociationHandler.handleRequest(SSLInformationAssociationHandler.java:117)
	at io.undertow.servlet.handlers.security.ServletAuthenticationCallHandler.handleRequest(ServletAuthenticationCallHandler.java:57)
	at io.undertow.server.handlers.PredicateHandler.handleRequest(PredicateHandler.java:43)
	at io.undertow.security.handlers.AbstractConfidentialityHandler.handleRequest(AbstractConfidentialityHandler.java:46)
	at io.undertow.servlet.handlers.security.ServletConfidentialityConstraintHandler.handleRequest(ServletConfidentialityConstraintHandler.java:64)
	at io.undertow.security.handlers.AuthenticationMechanismsHandler.handleRequest(AuthenticationMechanismsHandler.java:60)
	at io.undertow.servlet.handlers.security.CachedAuthenticatedSessionHandler.handleRequest(CachedAuthenticatedSessionHandler.java:75)
	at io.undertow.security.handlers.AbstractSecurityContextAssociationHandler.handleRequest(AbstractSecurityContextAssociationHandler.java:43)
	at io.undertow.server.handlers.PredicateHandler.handleRequest(PredicateHandler.java:43)
	at io.undertow.servlet.handlers.SendErrorPageHandler.handleRequest(SendErrorPageHandler.java:52)
	at io.undertow.server.handlers.PredicateHandler.handleRequest(PredicateHandler.java:43)
	at io.undertow.servlet.handlers.ServletInitialHandler.handleFirstRequest(ServletInitialHandler.java:271)
	at io.undertow.servlet.handlers.ServletInitialHandler$1.call(ServletInitialHandler.java:130)
	at io.undertow.servlet.handlers.ServletInitialHandler$1.call(ServletInitialHandler.java:127)
	at io.undertow.servlet.core.ServletRequestContextThreadSetupAction$1.call(ServletRequestContextThreadSetupAction.java:48)
	at io.undertow.servlet.core.ContextClassLoaderSetupAction$1.call(ContextClassLoaderSetupAction.java:43)
	at io.undertow.servlet.handlers.ServletInitialHandler.dispatchRequest(ServletInitialHandler.java:251)
	at io.undertow.servlet.handlers.ServletInitialHandler.lambda$new$1(ServletInitialHandler.java:99)
	at io.undertow.server.Connectors.executeRootHandler(Connectors.java:418)
	at io.undertow.server.HttpServerExchange$1.run(HttpServerExchange.java:938)
	at org.jboss.threads.ContextHandler$1.runWith(ContextHandler.java:18)
	at org.jboss.threads.EnhancedQueueExecutor$Task.doRunWith(EnhancedQueueExecutor.java:2691)
	at org.jboss.threads.EnhancedQueueExecutor$Task.run(EnhancedQueueExecutor.java:2670)
	at org.jboss.threads.EnhancedQueueExecutor$ThreadBody.run(EnhancedQueueExecutor.java:1615)
	at org.xnio.XnioWorker$WorkerThreadFactory$1$1.run(XnioWorker.java:1282)
	at java.base/java.lang.Thread.run(Thread.java:1583)
Caused by: org.postgresql.util.PSQLException: ERROR: null value in column "source_unit_name" of relation "t_lqg_sample" violates not-null constraint
  Detail: Failing row contains (2102178701654413314, SJ00000100, tissue, internal, 9000000101, valid, 9000000101, 2026-09-22 07:30:34, null, null, null, bTLZihd5z7HmS5RzDnuzPg==, null, null, null, QA组织, null, null, 2026-09-20, T-qa-r4-nounit, null, null, null, null, 李工, null, null, 9000000101, 2026-09-22 07:30:34, 9000000101, 2026-09-22 07:30:34, 0).
	at org.postgresql.core.v3.QueryExecutorImpl.receiveErrorResponse(QueryExecutorImpl.java:2846)
	at org.postgresql.core.v3.QueryExecutorImpl.processResults(QueryExecutorImpl.java:2531)
	at org.postgresql.core.v3.QueryExecutorImpl.execute(QueryExecutorImpl.java:429)
	at org.postgresql.jdbc.PgStatement.executeInternal(PgStatement.java:526)
	at org.postgresql.jdbc.PgStatement.execute(PgStatement.java:436)
	at org.postgresql.jdbc.PgPreparedStatement.executeWithFlags(PgPreparedStatement.java:196)
	at org.postgresql.jdbc.PgPreparedStatement.execute(PgPreparedStatement.java:182)
	at com.zaxxer.hikari.pool.ProxyPreparedStatement.execute(ProxyPreparedStatement.java:44)
	at com.zaxxer.hikari.pool.HikariProxyPreparedStatement.execute(HikariProxyPreparedStatement.java)
	at com.p6spy.engine.wrapper.PreparedStatementWrapper.execute(PreparedStatementWrapper.java:362)
	at org.apache.ibatis.executor.statement.PreparedStatementHandler.update(PreparedStatementHandler.java:48)
	at org.apache.ibatis.executor.statement.RoutingStatementHandler.update(RoutingStatementHandler.java:75)
	at java.base/jdk.internal.reflect.DirectMethodHandleAccessor.invoke(DirectMethodHandleAccessor.java:103)
	at java.base/java.lang.reflect.Method.invoke(Method.java:580)
	at org.apache.ibatis.plugin.Plugin.invoke(Plugin.java:61)
	at jdk.proxy2/jdk.proxy2.$Proxy238.update(Unknown Source)
	at org.apache.ibatis.executor.SimpleExecutor.doUpdate(SimpleExecutor.java:50)
	at org.apache.ibatis.executor.BaseExecutor.update(BaseExecutor.java:117)
	at org.apache.ibatis.executor.CachingExecutor.update(CachingExecutor.java:76)
	at java.base/jdk.internal.reflect.DirectMethodHandleAccessor.invoke(DirectMethodHandleAccessor.java:103)
	at java.base/java.lang.reflect.Method.invoke(Method.java:580)
	at org.apache.ibatis.plugin.Invocation.proceed(Invocation.java:61)
	at com.baomidou.mybatisplus.extension.plugins.MybatisPlusInterceptor.intercept(MybatisPlusInterceptor.java:106)
	at org.apache.ibatis.plugin.Plugin.invoke(Plugin.java:59)
	at jdk.proxy2/jdk.proxy2.$Proxy236.update(Unknown Source)
	at org.apache.ibatis.session.defaults.DefaultSqlSession.update(DefaultSqlSession.java:197)
	at org.apache.ibatis.session.defaults.DefaultSqlSession.insert(DefaultSqlSession.java:184)
	at java.base/jdk.internal.reflect.DirectMethodHandleAccessor.invoke(DirectMethodHandleAccessor.java:103)
	at java.base/java.lang.reflect.Method.invoke(Method.java:580)
	at org.mybatis.spring.SqlSessionTemplate$SqlSessionInterceptor.invoke(SqlSessionTemplate.java:333)
	... 107 common frames omitted
2026-09-22 07:30:33 [XNIO-1 task-2] ERROR o.d.c.w.h.GlobalExceptionHandler - 请求地址'/mp/int/sample',发生未知异常.
org.springframework.dao.DataIntegrityViolationException: 
### Error updating database.  Cause: org.postgresql.util.PSQLException: ERROR: null value in column "source_unit_name" of relation "t_lqg_sample" violates not-null constraint
  Detail: Failing row contains (2102178701817991169, SJ00000101, tissue, internal, 9000000101, valid, 9000000101, 2026-09-22 07:30:34, null, null, null, LTWaZcq0Cm36DCUoR2Y9TA==, null, null, null, QA组织, null, null, 2026-09-20, T-qa-r4-nounit2, null, null, null, null, 李工, null, null, 9000000101, 2026-09-22 07:30:34, 9000000101, 2026-09-22 07:30:34, 0).
### The error may exist in org/dromara/lqg/sample/mapper/SampleMapper.java (best guess)
### The error may involve org.dromara.lqg.sample.mapper.SampleMapper.insert-Inline
### The error occurred while setting parameters
### SQL: INSERT INTO t_lqg_sample  ( id, submit_no, sample_kind, submit_source, submitter_id, verify_status, verify_by, verify_time,    donor_name,    tissue_type,   receive_date, internal_no,     operator_name,   create_dept, create_by, create_time, update_by, update_time )  VALUES (  ?, ?, ?, ?, ?, ?, ?, ?,    ?,    ?,   ?, ?,     ?,   ?, ?, ?, ?, ?  )
### Cause: org.postgresql.util.PSQLException: ERROR: null value in column "source_unit_name" of relation "t_lqg_sample" violates not-null constraint
  Detail: Failing row contains (2102178701817991169, SJ00000101, tissue, internal, 9000000101, valid, 9000000101, 2026-09-22 07:30:34, null, null, null, LTWaZcq0Cm36DCUoR2Y9TA==, null, null, null, QA组织, null, null, 2026-09-20, T-qa-r4-nounit2, null, null, null, null, 李工, null, null, 9000000101, 2026-09-22 07:30:34, 9000000101, 2026-09-22 07:30:34, 0).
; ERROR: null value in column "source_unit_name" of relation "t_lqg_sample" violates not-null constraint
  Detail: Failing row contains (2102178701817991169, SJ00000101, tissue, internal, 9000000101, valid, 9000000101, 2026-09-22 07:30:34, null, null, null, LTWaZcq0Cm36DCUoR2Y9TA==, null, null, null, QA组织, null, null, 2026-09-20, T-qa-r4-nounit2, null, null, null, null, 李工, null, null, 9000000101, 2026-09-22 07:30:34, 9000000101, 2026-09-22 07:30:34, 0).
	at org.springframework.jdbc.support.SQLErrorCodeSQLExceptionTranslator.doTranslate(SQLErrorCodeSQLExceptionTranslator.java:258)
	at org.springframework.jdbc.support.AbstractFallbackSQLExceptionTranslator.translate(AbstractFallbackSQLExceptionTranslator.java:107)
	at org.mybatis.spring.MyBatisExceptionTranslator.translateExceptionIfPossible(MyBatisExceptionTranslator.java:95)
	at org.mybatis.spring.SqlSessionTemplate$SqlSessionInterceptor.invoke(SqlSessionTemplate.java:347)
	at jdk.proxy2/jdk.proxy2.$Proxy155.insert(Unknown Source)
	at org.mybatis.spring.SqlSessionTemplate.insert(SqlSessionTemplate.java:224)
	at com.baomidou.mybatisplus.core.override.MybatisMapperMethod.execute(MybatisMapperMethod.java:59)
	at com.baomidou.mybatisplus.core.override.MybatisMapperProxy$PlainMethodInvoker.invoke(MybatisMapperProxy.java:156)
	at com.baomidou.mybatisplus.core.override.MybatisMapperProxy.invoke(MybatisMapperProxy.java:93)
	at jdk.proxy2/jdk.proxy2.$Proxy210.insert(Unknown Source)
	at org.dromara.lqg.sample.service.SampleService.lambda$create$0(SampleService.java:83)
	at org.dromara.common.mybatis.helper.DataPermissionHelper.ignore(DataPermissionHelper.java:170)
	at org.dromara.lqg.sample.service.SampleService.create(SampleService.java:72)
	at java.base/jdk.internal.reflect.DirectMethodHandleAccessor.invoke(DirectMethodHandleAccessor.java:103)
	at java.base/java.lang.reflect.Method.invoke(Method.java:580)
	at org.springframework.aop.support.AopUtils.invokeJoinpointUsingReflection(AopUtils.java:360)
	at org.springframework.aop.framework.ReflectiveMethodInvocation.invokeJoinpoint(ReflectiveMethodInvocation.java:196)
	at org.springframework.aop.framework.ReflectiveMethodInvocation.proceed(ReflectiveMethodInvocation.java:163)
	at org.springframework.transaction.interceptor.TransactionAspectSupport.invokeWithinTransaction(TransactionAspectSupport.java:380)
	at org.springframework.transaction.interceptor.TransactionInterceptor.invoke(TransactionInterceptor.java:119)
	at org.springframework.aop.framework.ReflectiveMethodInvocation.proceed(ReflectiveMethodInvocation.java:184)
	at org.springframework.aop.framework.CglibAopProxy$DynamicAdvisedInterceptor.intercept(CglibAopProxy.java:728)
	at org.dromara.lqg.sample.service.SampleService$$SpringCGLIB$$0.create(<generated>)
	at org.dromara.lqg.sample.mp.MpSampleService.create(MpSampleService.java:79)
	at org.dromara.lqg.sample.mp.MpSampleController.create(MpSampleController.java:73)
	at java.base/jdk.internal.reflect.DirectMethodHandleAccessor.invoke(DirectMethodHandleAccessor.java:103)
	at java.base/java.lang.reflect.Method.invoke(Method.java:580)
	at org.springframework.web.method.support.InvocableHandlerMethod.doInvoke(InvocableHandlerMethod.java:258)
	at org.springframework.web.method.support.InvocableHandlerMethod.invokeForRequest(InvocableHandlerMethod.java:191)
	at org.springframework.web.servlet.mvc.method.annotation.ServletInvocableHandlerMethod.invokeAndHandle(ServletInvocableHandlerMethod.java:118)
	at org.springframework.web.servlet.mvc.method.annotation.RequestMappingHandlerAdapter.invokeHandlerMethod(RequestMappingHandlerAdapter.java:991)
	at org.springframework.web.servlet.mvc.method.annotation.RequestMappingHandlerAdapter.handleInternal(RequestMappingHandlerAdapter.java:896)
	at org.springframework.web.servlet.mvc.method.AbstractHandlerMethodAdapter.handle(AbstractHandlerMethodAdapter.java:87)
	at org.springframework.web.servlet.DispatcherServlet.doDispatch(DispatcherServlet.java:1089)
	at org.springframework.web.servlet.DispatcherServlet.doService(DispatcherServlet.java:979)
	at org.springframework.web.servlet.FrameworkServlet.processRequest(FrameworkServlet.java:1014)
	at org.springframework.web.servlet.FrameworkServlet.doPost(FrameworkServlet.java:914)
	at jakarta.servlet.http.HttpServlet.service(HttpServlet.java:547)
	at org.springframework.web.servlet.FrameworkServlet.service(FrameworkServlet.java:885)
	at jakarta.servlet.http.HttpServlet.service(HttpServlet.java:614)
	at io.undertow.servlet.handlers.ServletHandler.handleRequest(ServletHandler.java:74)
	at io.undertow.servlet.handlers.FilterHandler$FilterChainImpl.doFilter(FilterHandler.java:129)
	at org.springframework.web.filter.CorsFilter.doFilterInternal(CorsFilter.java:91)
	at org.springframework.web.filter.OncePerRequestFilter.doFilter(OncePerRequestFilter.java:116)
	at io.undertow.servlet.core.ManagedFilter.doFilter(ManagedFilter.java:67)
	at io.undertow.servlet.handlers.FilterHandler$FilterChainImpl.doFilter(FilterHandler.java:131)
	at org.dromara.common.web.filter.RepeatableFilter.doFilter(RepeatableFilter.java:32)
	at io.undertow.servlet.core.ManagedFilter.doFilter(ManagedFilter.java:67)
	at io.undertow.servlet.handlers.FilterHandler$FilterChainImpl.doFilter(FilterHandler.java:131)
	at cn.dev33.satoken.filter.SaServletFilter.doFilter(SaServletFilter.java:143)
	at io.undertow.servlet.core.ManagedFilter.doFilter(ManagedFilter.java:67)
	at io.undertow.servlet.handlers.FilterHandler$FilterChainImpl.doFilter(FilterHandler.java:131)
	at cn.dev33.satoken.filter.SaFirewallCheckFilterForJakartaServlet.doFilter(SaFirewallCheckFilterForJakartaServlet.java:69)
	at io.undertow.servlet.core.ManagedFilter.doFilter(ManagedFilter.java:67)
	at io.undertow.servlet.handlers.FilterHandler$FilterChainImpl.doFilter(FilterHandler.java:131)
	at cn.dev33.satoken.filter.SaTokenCorsFilterForJakartaServlet.doFilter(SaTokenCorsFilterForJakartaServlet.java:52)
	at io.undertow.servlet.core.ManagedFilter.doFilter(ManagedFilter.java:67)
	at io.undertow.servlet.handlers.FilterHandler$FilterChainImpl.doFilter(FilterHandler.java:131)
	at cn.dev33.satoken.filter.SaTokenContextFilterForJakartaServlet.doFilter(SaTokenContextFilterForJakartaServlet.java:40)
	at io.undertow.servlet.core.ManagedFilter.doFilter(ManagedFilter.java:67)
	at io.undertow.servlet.handlers.FilterHandler$FilterChainImpl.doFilter(FilterHandler.java:131)
	at org.springframework.web.filter.RequestContextFilter.doFilterInternal(RequestContextFilter.java:100)
	at org.springframework.web.filter.OncePerRequestFilter.doFilter(OncePerRequestFilter.java:116)
	at io.undertow.servlet.core.ManagedFilter.doFilter(ManagedFilter.java:67)
	at io.undertow.servlet.handlers.FilterHandler$FilterChainImpl.doFilter(FilterHandler.java:131)
	at org.springframework.web.filter.FormContentFilter.doFilterInternal(FormContentFilter.java:93)
	at org.springframework.web.filter.OncePerRequestFilter.doFilter(OncePerRequestFilter.java:116)
	at io.undertow.servlet.core.ManagedFilter.doFilter(ManagedFilter.java:67)
	at io.undertow.servlet.handlers.FilterHandler$FilterChainImpl.doFilter(FilterHandler.java:131)
	at org.dromara.common.web.filter.XssFilter.doFilter(XssFilter.java:42)
	at io.undertow.servlet.core.ManagedFilter.doFilter(ManagedFilter.java:67)
	at io.undertow.servlet.handlers.FilterHandler$FilterChainImpl.doFilter(FilterHandler.java:131)
	at org.springframework.web.filter.ServerHttpObservationFilter.doFilterInternal(ServerHttpObservationFilter.java:110)
	at org.springframework.web.filter.OncePerRequestFilter.doFilter(OncePerRequestFilter.java:116)
	at io.undertow.servlet.core.ManagedFilter.doFilter(ManagedFilter.java:67)
	at io.undertow.servlet.handlers.FilterHandler$FilterChainImpl.doFilter(FilterHandler.java:131)
	at org.springframework.web.filter.CharacterEncodingFilter.doFilterInternal(CharacterEncodingFilter.java:201)
	at org.springframework.web.filter.OncePerRequestFilter.doFilter(OncePerRequestFilter.java:116)
	at io.undertow.servlet.core.ManagedFilter.doFilter(ManagedFilter.java:67)
	at io.undertow.servlet.handlers.FilterHandler$FilterChainImpl.doFilter(FilterHandler.java:131)
	at io.undertow.servlet.handlers.FilterHandler.handleRequest(FilterHandler.java:84)
	at io.undertow.servlet.handlers.security.ServletSecurityRoleHandler.handleRequest(ServletSecurityRoleHandler.java:62)
	at io.undertow.servlet.handlers.ServletChain$1.handleRequest(ServletChain.java:68)
	at io.undertow.servlet.handlers.ServletDispatchingHandler.handleRequest(ServletDispatchingHandler.java:36)
	at io.undertow.servlet.handlers.RedirectDirHandler.handleRequest(RedirectDirHandler.java:68)
	at io.undertow.servlet.handlers.security.SSLInformationAssociationHandler.handleRequest(SSLInformationAssociationHandler.java:117)
	at io.undertow.servlet.handlers.security.ServletAuthenticationCallHandler.handleRequest(ServletAuthenticationCallHandler.java:57)
	at io.undertow.server.handlers.PredicateHandler.handleRequest(PredicateHandler.java:43)
	at io.undertow.security.handlers.AbstractConfidentialityHandler.handleRequest(AbstractConfidentialityHandler.java:46)
	at io.undertow.servlet.handlers.security.ServletConfidentialityConstraintHandler.handleRequest(ServletConfidentialityConstraintHandler.java:64)
	at io.undertow.security.handlers.AuthenticationMechanismsHandler.handleRequest(AuthenticationMechanismsHandler.java:60)
	at io.undertow.servlet.handlers.security.CachedAuthenticatedSessionHandler.handleRequest(CachedAuthenticatedSessionHandler.java:75)
	at io.undertow.security.handlers.AbstractSecurityContextAssociationHandler.handleRequest(AbstractSecurityContextAssociationHandler.java:43)
	at io.undertow.server.handlers.PredicateHandler.handleRequest(PredicateHandler.java:43)
	at io.undertow.servlet.handlers.SendErrorPageHandler.handleRequest(SendErrorPageHandler.java:52)
	at io.undertow.server.handlers.PredicateHandler.handleRequest(PredicateHandler.java:43)
	at io.undertow.servlet.handlers.ServletInitialHandler.handleFirstRequest(ServletInitialHandler.java:271)
	at io.undertow.servlet.handlers.ServletInitialHandler$1.call(ServletInitialHandler.java:130)
	at io.undertow.servlet.handlers.ServletInitialHandler$1.call(ServletInitialHandler.java:127)
	at io.undertow.servlet.core.ServletRequestContextThreadSetupAction$1.call(ServletRequestContextThreadSetupAction.java:48)
	at io.undertow.servlet.core.ContextClassLoaderSetupAction$1.call(ContextClassLoaderSetupAction.java:43)
	at io.undertow.servlet.handlers.ServletInitialHandler.dispatchRequest(ServletInitialHandler.java:251)
	at io.undertow.servlet.handlers.ServletInitialHandler.lambda$new$1(ServletInitialHandler.java:99)
	at io.undertow.server.Connectors.executeRootHandler(Connectors.java:418)
	at io.undertow.server.HttpServerExchange$1.run(HttpServerExchange.java:938)
	at org.jboss.threads.ContextHandler$1.runWith(ContextHandler.java:18)
	at org.jboss.threads.EnhancedQueueExecutor$Task.doRunWith(EnhancedQueueExecutor.java:2691)
	at org.jboss.threads.EnhancedQueueExecutor$Task.run(EnhancedQueueExecutor.java:2670)
	at org.jboss.threads.EnhancedQueueExecutor$ThreadBody.run(EnhancedQueueExecutor.java:1615)
	at org.xnio.XnioWorker$WorkerThreadFactory$1$1.run(XnioWorker.java:1282)
	at java.base/java.lang.Thread.run(Thread.java:1583)
Caused by: org.postgresql.util.PSQLException: ERROR: null value in column "source_unit_name" of relation "t_lqg_sample" violates not-null constraint
  Detail: Failing row contains (2102178701817991169, SJ00000101, tissue, internal, 9000000101, valid, 9000000101, 2026-09-22 07:30:34, null, null, null, LTWaZcq0Cm36DCUoR2Y9TA==, null, null, null, QA组织, null, null, 2026-09-20, T-qa-r4-nounit2, null, null, null, null, 李工, null, null, 9000000101, 2026-09-22 07:30:34, 9000000101, 2026-09-22 07:30:34, 0).
	at org.postgresql.core.v3.QueryExecutorImpl.receiveErrorResponse(QueryExecutorImpl.java:2846)
	at org.postgresql.core.v3.QueryExecutorImpl.processResults(QueryExecutorImpl.java:2531)
	at org.postgresql.core.v3.QueryExecutorImpl.execute(QueryExecutorImpl.java:429)
	at org.postgresql.jdbc.PgStatement.executeInternal(PgStatement.java:526)
	at org.postgresql.jdbc.PgStatement.execute(PgStatement.java:436)
	at org.postgresql.jdbc.PgPreparedStatement.executeWithFlags(PgPreparedStatement.java:196)
	at org.postgresql.jdbc.PgPreparedStatement.execute(PgPreparedStatement.java:182)
	at com.zaxxer.hikari.pool.ProxyPreparedStatement.execute(ProxyPreparedStatement.java:44)
	at com.zaxxer.hikari.pool.HikariProxyPreparedStatement.execute(HikariProxyPreparedStatement.java)
	at com.p6spy.engine.wrapper.PreparedStatementWrapper.execute(PreparedStatementWrapper.java:362)
	at org.apache.ibatis.executor.statement.PreparedStatementHandler.update(PreparedStatementHandler.java:48)
	at org.apache.ibatis.executor.statement.RoutingStatementHandler.update(RoutingStatementHandler.java:75)
	at java.base/jdk.internal.reflect.DirectMethodHandleAccessor.invoke(DirectMethodHandleAccessor.java:103)
	at java.base/java.lang.reflect.Method.invoke(Method.java:580)
	at org.apache.ibatis.plugin.Plugin.invoke(Plugin.java:61)
	at jdk.proxy2/jdk.proxy2.$Proxy238.update(Unknown Source)
	at org.apache.ibatis.executor.SimpleExecutor.doUpdate(SimpleExecutor.java:50)
	at org.apache.ibatis.executor.BaseExecutor.update(BaseExecutor.java:117)
	at org.apache.ibatis.executor.CachingExecutor.update(CachingExecutor.java:76)
	at java.base/jdk.internal.reflect.DirectMethodHandleAccessor.invoke(DirectMethodHandleAccessor.java:103)
	at java.base/java.lang.reflect.Method.invoke(Method.java:580)
	at org.apache.ibatis.plugin.Invocation.proceed(Invocation.java:61)
	at com.baomidou.mybatisplus.extension.plugins.MybatisPlusInterceptor.intercept(MybatisPlusInterceptor.java:106)
	at org.apache.ibatis.plugin.Plugin.invoke(Plugin.java:59)
	at jdk.proxy2/jdk.proxy2.$Proxy236.update(Unknown Source)
	at org.apache.ibatis.session.defaults.DefaultSqlSession.update(DefaultSqlSession.java:197)
	at org.apache.ibatis.session.defaults.DefaultSqlSession.insert(DefaultSqlSession.java:184)
	at java.base/jdk.internal.reflect.DirectMethodHandleAccessor.invoke(DirectMethodHandleAccessor.java:103)
	at java.base/java.lang.reflect.Method.invoke(Method.java:580)
	at org.mybatis.spring.SqlSessionTemplate$SqlSessionInterceptor.invoke(SqlSessionTemplate.java:333)
	... 107 common frames omitted
2026-09-22 07:34:23 [XNIO-1 task-2] ERROR o.d.c.s.h.SaTokenExceptionHandler - 请求地址'/lqg/sys/ping',认证失败'未能读取到有效 token',无法访问系统资源
2026-09-22 07:35:53 [XNIO-1 task-2] ERROR o.d.c.w.h.GlobalExceptionHandler - 参数校验异常
2026-09-22 08:01:05 [XNIO-1 task-2] ERROR o.d.c.w.h.GlobalExceptionHandler - 内部编号「T-l2r4org01」已存在，请换一个
2026-09-22 08:12:50 [XNIO-1 task-2] ERROR o.d.c.w.h.GlobalExceptionHandler - 样本不存在
2026-09-22 08:12:50 [XNIO-1 task-2] ERROR o.d.c.w.h.GlobalExceptionHandler - 样本不存在
2026-09-22 08:13:06 [XNIO-1 task-2] ERROR o.d.c.s.h.SaTokenExceptionHandler - 请求地址'/lqg/sample/list',权限码校验失败'无此权限：lqg:sample:list'
2026-09-22 08:13:39 [XNIO-1 task-2] ERROR o.d.c.w.h.GlobalExceptionHandler - 样本不存在
2026-09-22 08:13:39 [XNIO-1 task-2] ERROR o.d.c.w.h.GlobalExceptionHandler - 样本不存在
2026-09-22 08:13:42 [XNIO-1 task-2] ERROR o.d.c.w.h.GlobalExceptionHandler - 只能修改重提本人提交的样本（同组的样本可以看，但不能改）
2026-09-22 08:13:43 [XNIO-1 task-2] ERROR o.d.c.w.h.GlobalExceptionHandler - 样本当前状态不允许外部修改重提（只有待核验、无效的样本可以）
2026-09-22 08:13:43 [XNIO-1 task-2] ERROR o.d.c.w.h.GlobalExceptionHandler - 待核验与无效的样本只能在网页工作台核验或改判，小程序里不能改
2026-09-22 08:13:43 [XNIO-1 task-2] ERROR o.d.c.w.h.GlobalExceptionHandler - 待核验与无效的样本只能在网页工作台核验或改判，小程序里不能改
2026-09-22 08:13:45 [XNIO-1 task-2] ERROR o.d.c.w.h.GlobalExceptionHandler - 样本类别不可修改（当前 tissue，请求 organoid）：类别是这条记录的身份，要换类别请在工作台按对应工作表新增
2026-09-22 08:13:46 [XNIO-1 task-2] ERROR o.d.c.s.h.SaTokenExceptionHandler - 请求地址'/lqg/sample/list',权限码校验失败'无此权限：lqg:sample:list'
2026-09-22 08:13:46 [XNIO-1 task-2] ERROR o.d.c.s.h.SaTokenExceptionHandler - 请求地址'/lqg/sample/list',权限码校验失败'无此权限：lqg:sample:list'
2026-09-22 08:13:46 [XNIO-1 task-2] ERROR o.d.c.s.h.SaTokenExceptionHandler - 请求地址'/mp/int/sample/list',角色权限校验失败'无此角色：lqg_internal'
2026-09-22 08:13:46 [XNIO-1 task-2] ERROR o.d.c.s.h.SaTokenExceptionHandler - 请求地址'/mp/int/sample/list',角色权限校验失败'无此角色：lqg_internal'
2026-09-22 08:13:46 [XNIO-1 task-2] ERROR o.d.c.s.h.SaTokenExceptionHandler - 请求地址'/mp/int/sample',角色权限校验失败'无此角色：lqg_internal'
2026-09-22 08:13:46 [XNIO-1 task-2] ERROR o.d.c.s.h.SaTokenExceptionHandler - 请求地址'/mp/int/sample',角色权限校验失败'无此角色：lqg_internal'
2026-09-22 08:13:46 [XNIO-1 task-2] ERROR o.d.c.s.h.SaTokenExceptionHandler - 请求地址'/mp/ext/sample/list',角色权限校验失败'无此角色：lqg_external'
2026-09-22 08:13:46 [XNIO-1 task-2] ERROR o.d.c.s.h.SaTokenExceptionHandler - 请求地址'/mp/ext/sample/list',角色权限校验失败'无此角色：lqg_external'
2026-09-22 08:13:46 [XNIO-1 task-2] ERROR o.d.c.s.h.SaTokenExceptionHandler - 请求地址'/mp/ext/organoid',角色权限校验失败'无此角色：lqg_external'
2026-09-22 08:13:46 [XNIO-1 task-2] ERROR o.d.c.s.h.SaTokenExceptionHandler - 请求地址'/mp/ext/organoid',角色权限校验失败'无此角色：lqg_external'
2026-09-22 08:13:46 [XNIO-1 task-2] ERROR o.d.c.w.h.GlobalExceptionHandler - 判有效必须同时给收样日期与内部编号，缺少：内部编号
2026-09-22 08:13:47 [XNIO-1 task-2] ERROR o.d.c.w.h.GlobalExceptionHandler - 内部编号「T-hli01」已存在，请换一个
2026-09-22 08:13:47 [XNIO-1 task-2] ERROR o.d.c.w.h.GlobalExceptionHandler - 判无效必须写原因
2026-09-22 08:13:48 [XNIO-1 task-2] ERROR o.d.c.w.h.GlobalExceptionHandler - 内部编号「T-del99」已存在，请换一个
2026-09-22 08:14:12 [XNIO-1 task-2] ERROR o.d.c.w.h.GlobalExceptionHandler - 判有效必须同时给收样日期与内部编号，缺少：内部编号
2026-09-22 08:14:12 [XNIO-1 task-2] ERROR o.d.c.w.h.GlobalExceptionHandler - 判无效必须写原因
2026-09-22 08:14:56 [XNIO-1 task-2] ERROR o.d.c.w.h.GlobalExceptionHandler - 样本不存在
2026-09-22 08:14:57 [XNIO-1 task-2] ERROR o.d.c.w.h.GlobalExceptionHandler - 样本不存在
2026-09-22 08:15:00 [XNIO-1 task-2] ERROR o.d.c.w.h.GlobalExceptionHandler - 只能修改重提本人提交的样本（同组的样本可以看，但不能改）
2026-09-22 08:15:00 [XNIO-1 task-2] ERROR o.d.c.w.h.GlobalExceptionHandler - 样本当前状态不允许外部修改重提（只有待核验、无效的样本可以）
2026-09-22 08:15:01 [XNIO-1 task-2] ERROR o.d.c.w.h.GlobalExceptionHandler - 待核验与无效的样本只能在网页工作台核验或改判，小程序里不能改
2026-09-22 08:15:01 [XNIO-1 task-2] ERROR o.d.c.w.h.GlobalExceptionHandler - 待核验与无效的样本只能在网页工作台核验或改判，小程序里不能改
2026-09-22 08:15:02 [XNIO-1 task-2] ERROR o.d.c.w.h.GlobalExceptionHandler - 样本类别不可修改（当前 tissue，请求 organoid）：类别是这条记录的身份，要换类别请在工作台按对应工作表新增
2026-09-22 08:15:03 [XNIO-1 task-2] ERROR o.d.c.s.h.SaTokenExceptionHandler - 请求地址'/lqg/sample/list',权限码校验失败'无此权限：lqg:sample:list'
2026-09-22 08:15:03 [XNIO-1 task-2] ERROR o.d.c.s.h.SaTokenExceptionHandler - 请求地址'/lqg/sample/list',权限码校验失败'无此权限：lqg:sample:list'
2026-09-22 08:15:03 [XNIO-1 task-2] ERROR o.d.c.s.h.SaTokenExceptionHandler - 请求地址'/mp/int/sample/list',角色权限校验失败'无此角色：lqg_internal'
2026-09-22 08:15:03 [XNIO-1 task-2] ERROR o.d.c.s.h.SaTokenExceptionHandler - 请求地址'/mp/int/sample/list',角色权限校验失败'无此角色：lqg_internal'
2026-09-22 08:15:03 [XNIO-1 task-2] ERROR o.d.c.s.h.SaTokenExceptionHandler - 请求地址'/mp/int/sample',角色权限校验失败'无此角色：lqg_internal'
2026-09-22 08:15:03 [XNIO-1 task-2] ERROR o.d.c.s.h.SaTokenExceptionHandler - 请求地址'/mp/int/sample',角色权限校验失败'无此角色：lqg_internal'
2026-09-22 08:15:03 [XNIO-1 task-2] ERROR o.d.c.s.h.SaTokenExceptionHandler - 请求地址'/mp/ext/sample/list',角色权限校验失败'无此角色：lqg_external'
2026-09-22 08:15:03 [XNIO-1 task-2] ERROR o.d.c.s.h.SaTokenExceptionHandler - 请求地址'/mp/ext/sample/list',角色权限校验失败'无此角色：lqg_external'
2026-09-22 08:15:03 [XNIO-1 task-2] ERROR o.d.c.s.h.SaTokenExceptionHandler - 请求地址'/mp/ext/organoid',角色权限校验失败'无此角色：lqg_external'
2026-09-22 08:15:03 [XNIO-1 task-2] ERROR o.d.c.s.h.SaTokenExceptionHandler - 请求地址'/mp/ext/organoid',角色权限校验失败'无此角色：lqg_external'
2026-09-22 08:15:04 [XNIO-1 task-2] ERROR o.d.c.w.h.GlobalExceptionHandler - 判有效必须同时给收样日期与内部编号，缺少：内部编号
2026-09-22 08:15:04 [XNIO-1 task-2] ERROR o.d.c.w.h.GlobalExceptionHandler - 内部编号「T-hli01」已存在，请换一个
2026-09-22 08:15:04 [XNIO-1 task-2] ERROR o.d.c.w.h.GlobalExceptionHandler - 判无效必须写原因
2026-09-22 08:15:06 [XNIO-1 task-2] ERROR o.d.c.w.h.GlobalExceptionHandler - 内部编号「T-del99」已存在，请换一个
2026-09-22 08:15:18 [XNIO-1 task-2] ERROR o.d.c.w.h.GlobalExceptionHandler - 样本不存在
2026-09-22 08:15:18 [XNIO-1 task-2] ERROR o.d.c.w.h.GlobalExceptionHandler - 样本不存在
2026-09-22 08:15:22 [XNIO-1 task-2] ERROR o.d.c.w.h.GlobalExceptionHandler - 只能修改重提本人提交的样本（同组的样本可以看，但不能改）
2026-09-22 08:15:22 [XNIO-1 task-2] ERROR o.d.c.w.h.GlobalExceptionHandler - 样本当前状态不允许外部修改重提（只有待核验、无效的样本可以）
2026-09-22 08:15:22 [XNIO-1 task-2] ERROR o.d.c.w.h.GlobalExceptionHandler - 待核验与无效的样本只能在网页工作台核验或改判，小程序里不能改
2026-09-22 08:15:23 [XNIO-1 task-2] ERROR o.d.c.w.h.GlobalExceptionHandler - 待核验与无效的样本只能在网页工作台核验或改判，小程序里不能改
2026-09-22 08:15:24 [XNIO-1 task-2] ERROR o.d.c.w.h.GlobalExceptionHandler - 样本类别不可修改（当前 tissue，请求 organoid）：类别是这条记录的身份，要换类别请在工作台按对应工作表新增
2026-09-22 08:15:25 [XNIO-1 task-2] ERROR o.d.c.s.h.SaTokenExceptionHandler - 请求地址'/lqg/sample/list',权限码校验失败'无此权限：lqg:sample:list'
2026-09-22 08:15:25 [XNIO-1 task-2] ERROR o.d.c.s.h.SaTokenExceptionHandler - 请求地址'/lqg/sample/list',权限码校验失败'无此权限：lqg:sample:list'
2026-09-22 08:15:25 [XNIO-1 task-2] ERROR o.d.c.s.h.SaTokenExceptionHandler - 请求地址'/mp/int/sample/list',角色权限校验失败'无此角色：lqg_internal'
2026-09-22 08:15:25 [XNIO-1 task-2] ERROR o.d.c.s.h.SaTokenExceptionHandler - 请求地址'/mp/int/sample/list',角色权限校验失败'无此角色：lqg_internal'
2026-09-22 08:15:25 [XNIO-1 task-2] ERROR o.d.c.s.h.SaTokenExceptionHandler - 请求地址'/mp/int/sample',角色权限校验失败'无此角色：lqg_internal'
2026-09-22 08:15:25 [XNIO-1 task-2] ERROR o.d.c.s.h.SaTokenExceptionHandler - 请求地址'/mp/int/sample',角色权限校验失败'无此角色：lqg_internal'
2026-09-22 08:15:25 [XNIO-1 task-2] ERROR o.d.c.s.h.SaTokenExceptionHandler - 请求地址'/mp/ext/sample/list',角色权限校验失败'无此角色：lqg_external'
2026-09-22 08:15:25 [XNIO-1 task-2] ERROR o.d.c.s.h.SaTokenExceptionHandler - 请求地址'/mp/ext/sample/list',角色权限校验失败'无此角色：lqg_external'
2026-09-22 08:15:25 [XNIO-1 task-2] ERROR o.d.c.s.h.SaTokenExceptionHandler - 请求地址'/mp/ext/organoid',角色权限校验失败'无此角色：lqg_external'
2026-09-22 08:15:25 [XNIO-1 task-2] ERROR o.d.c.s.h.SaTokenExceptionHandler - 请求地址'/mp/ext/organoid',角色权限校验失败'无此角色：lqg_external'
2026-09-22 08:15:26 [XNIO-1 task-2] ERROR o.d.c.w.h.GlobalExceptionHandler - 判有效必须同时给收样日期与内部编号，缺少：内部编号
2026-09-22 08:15:26 [XNIO-1 task-2] ERROR o.d.c.w.h.GlobalExceptionHandler - 内部编号「T-hli01」已存在，请换一个
2026-09-22 08:15:26 [XNIO-1 task-2] ERROR o.d.c.w.h.GlobalExceptionHandler - 判无效必须写原因
2026-09-22 08:15:27 [XNIO-1 task-2] ERROR o.d.c.w.h.GlobalExceptionHandler - 内部编号「T-del99」已存在，请换一个
2026-09-22 08:15:47 [XNIO-1 task-2] ERROR o.d.c.w.h.GlobalExceptionHandler - 样本不存在
2026-09-22 08:15:47 [XNIO-1 task-2] ERROR o.d.c.w.h.GlobalExceptionHandler - 样本不存在
2026-09-22 08:15:50 [XNIO-1 task-2] ERROR o.d.c.w.h.GlobalExceptionHandler - 只能修改重提本人提交的样本（同组的样本可以看，但不能改）
2026-09-22 08:15:51 [XNIO-1 task-2] ERROR o.d.c.w.h.GlobalExceptionHandler - 样本当前状态不允许外部修改重提（只有待核验、无效的样本可以）
2026-09-22 08:15:51 [XNIO-1 task-2] ERROR o.d.c.w.h.GlobalExceptionHandler - 待核验与无效的样本只能在网页工作台核验或改判，小程序里不能改
2026-09-22 08:15:52 [XNIO-1 task-2] ERROR o.d.c.w.h.GlobalExceptionHandler - 待核验与无效的样本只能在网页工作台核验或改判，小程序里不能改
2026-09-22 08:15:53 [XNIO-1 task-2] ERROR o.d.c.w.h.GlobalExceptionHandler - 样本类别不可修改（当前 tissue，请求 organoid）：类别是这条记录的身份，要换类别请在工作台按对应工作表新增
2026-09-22 08:15:54 [XNIO-1 task-2] ERROR o.d.c.s.h.SaTokenExceptionHandler - 请求地址'/lqg/sample/list',权限码校验失败'无此权限：lqg:sample:list'
2026-09-22 08:15:54 [XNIO-1 task-2] ERROR o.d.c.s.h.SaTokenExceptionHandler - 请求地址'/lqg/sample/list',权限码校验失败'无此权限：lqg:sample:list'
2026-09-22 08:15:54 [XNIO-1 task-2] ERROR o.d.c.s.h.SaTokenExceptionHandler - 请求地址'/mp/int/sample/list',角色权限校验失败'无此角色：lqg_internal'
2026-09-22 08:15:54 [XNIO-1 task-2] ERROR o.d.c.s.h.SaTokenExceptionHandler - 请求地址'/mp/int/sample/list',角色权限校验失败'无此角色：lqg_internal'
2026-09-22 08:15:54 [XNIO-1 task-2] ERROR o.d.c.s.h.SaTokenExceptionHandler - 请求地址'/mp/int/sample',角色权限校验失败'无此角色：lqg_internal'
2026-09-22 08:15:54 [XNIO-1 task-2] ERROR o.d.c.s.h.SaTokenExceptionHandler - 请求地址'/mp/int/sample',角色权限校验失败'无此角色：lqg_internal'
2026-09-22 08:15:54 [XNIO-1 task-2] ERROR o.d.c.s.h.SaTokenExceptionHandler - 请求地址'/mp/ext/sample/list',角色权限校验失败'无此角色：lqg_external'
2026-09-22 08:15:54 [XNIO-1 task-2] ERROR o.d.c.s.h.SaTokenExceptionHandler - 请求地址'/mp/ext/sample/list',角色权限校验失败'无此角色：lqg_external'
2026-09-22 08:15:54 [XNIO-1 task-2] ERROR o.d.c.s.h.SaTokenExceptionHandler - 请求地址'/mp/ext/organoid',角色权限校验失败'无此角色：lqg_external'
2026-09-22 08:15:54 [XNIO-1 task-2] ERROR o.d.c.s.h.SaTokenExceptionHandler - 请求地址'/mp/ext/organoid',角色权限校验失败'无此角色：lqg_external'
2026-09-22 08:15:54 [XNIO-1 task-2] ERROR o.d.c.w.h.GlobalExceptionHandler - 判有效必须同时给收样日期与内部编号，缺少：内部编号
2026-09-22 08:15:55 [XNIO-1 task-2] ERROR o.d.c.w.h.GlobalExceptionHandler - 内部编号「T-hli01」已存在，请换一个
2026-09-22 08:15:55 [XNIO-1 task-2] ERROR o.d.c.w.h.GlobalExceptionHandler - 判无效必须写原因
2026-09-22 08:15:56 [XNIO-1 task-2] ERROR o.d.c.w.h.GlobalExceptionHandler - 内部编号「T-del99」已存在，请换一个
2026-09-22 08:17:32 [XNIO-1 task-2] ERROR o.d.c.s.h.SaTokenExceptionHandler - 请求地址'/mp/me',认证失败'未能读取到有效 token',无法访问系统资源
2026-09-22 08:17:33 [XNIO-1 task-2] ERROR o.d.c.s.h.SaTokenExceptionHandler - 请求地址'/mp/me',认证失败'未能读取到有效 token',无法访问系统资源
2026-09-22 08:30:31 [XNIO-1 task-2] ERROR o.d.c.w.h.GlobalExceptionHandler - 「无染色」与其余染色互斥，不能同时选
2026-09-22 08:30:31 [XNIO-1 task-2] ERROR o.d.c.w.h.GlobalExceptionHandler - 选了「其他」必须写具体染色名称
2026-09-22 08:30:31 [XNIO-1 task-2] ERROR o.d.c.w.h.GlobalExceptionHandler - 染色「PAS」不在字典 lqg_stain_type 里（只能是 HE / IF / IHC / OTHER / NONE）
2026-09-22 08:30:31 [XNIO-1 task-2] ERROR o.d.c.w.h.GlobalExceptionHandler - 内部录入只能挂到已核验有效的样本（当前状态：pending）
2026-09-22 08:30:31 [XNIO-1 task-2] ERROR o.d.c.w.h.GlobalExceptionHandler - 石蜡块编号「T-E01-1」已存在，请换一个
2026-09-22 08:30:32 [XNIO-1 task-2] ERROR o.d.c.w.h.GlobalExceptionHandler - 内部录入石蜡包埋必须填石蜡块编号
2026-09-22 08:30:32 [XNIO-1 task-2] ERROR o.d.c.w.h.GlobalExceptionHandler - 该样本名下已有包埋 / 冻存 / 质控文档，不能改判无效
2026-09-22 08:30:38 [XNIO-1 task-2] ERROR o.d.c.w.h.GlobalExceptionHandler - 所挂样本还未核验有效（当前状态：pending），不能判为有效
2026-09-22 08:30:38 [XNIO-1 task-2] ERROR o.d.c.w.h.GlobalExceptionHandler - 判无效必须写原因
2026-09-22 08:30:38 [XNIO-1 task-2] ERROR o.d.c.w.h.GlobalExceptionHandler - 待核验 / 无效的送样不能通过普通保存修改（核验与改判只走 PUT /lqg/embed/{id}/verify）
2026-09-22 08:30:38 [XNIO-1 task-2] ERROR o.d.c.w.h.GlobalExceptionHandler - 判有效必须填石蜡块编号
2026-09-22 08:30:38 [XNIO-1 task-2] ERROR o.d.c.w.h.GlobalExceptionHandler - 石蜡块编号「T-E01-1」已存在，请换一个
2026-09-22 08:32:01 [XNIO-1 task-2] ERROR o.d.c.w.h.GlobalExceptionHandler - 「无染色」与其余染色互斥，不能同时选
2026-09-22 08:32:01 [XNIO-1 task-2] ERROR o.d.c.w.h.GlobalExceptionHandler - 选了「其他」必须写具体染色名称
2026-09-22 08:32:01 [XNIO-1 task-2] ERROR o.d.c.w.h.GlobalExceptionHandler - 染色「PAS」不在字典 lqg_stain_type 里（只能是 HE / IF / IHC / OTHER / NONE）
2026-09-22 08:32:01 [XNIO-1 task-2] ERROR o.d.c.w.h.GlobalExceptionHandler - 内部录入只能挂到已核验有效的样本（当前状态：pending）
2026-09-22 08:32:01 [XNIO-1 task-2] ERROR o.d.c.w.h.GlobalExceptionHandler - 石蜡块编号「T-E01-1」已存在，请换一个
2026-09-22 08:32:01 [XNIO-1 task-2] ERROR o.d.c.w.h.GlobalExceptionHandler - 内部录入石蜡包埋必须填石蜡块编号
2026-09-22 08:32:02 [XNIO-1 task-2] ERROR o.d.c.w.h.GlobalExceptionHandler - 该样本名下已有包埋 / 冻存 / 质控文档，不能改判无效
2026-09-22 08:32:05 [XNIO-1 task-2] ERROR o.d.c.w.h.GlobalExceptionHandler - 所挂样本还未核验有效（当前状态：pending），不能判为有效
2026-09-22 08:32:06 [XNIO-1 task-2] ERROR o.d.c.w.h.GlobalExceptionHandler - 判无效必须写原因
2026-09-22 08:32:06 [XNIO-1 task-2] ERROR o.d.c.w.h.GlobalExceptionHandler - 待核验 / 无效的送样不能通过普通保存修改（核验与改判只走 PUT /lqg/embed/{id}/verify）
2026-09-22 08:32:06 [XNIO-1 task-2] ERROR o.d.c.w.h.GlobalExceptionHandler - 判有效必须填石蜡块编号
2026-09-22 08:32:06 [XNIO-1 task-2] ERROR o.d.c.w.h.GlobalExceptionHandler - 石蜡块编号「T-E01-1」已存在，请换一个
2026-09-22 08:32:14 [XNIO-1 task-2] ERROR o.d.c.w.h.GlobalExceptionHandler - 判有效必须同时给收样日期与内部编号，缺少：内部编号
2026-09-22 08:32:14 [XNIO-1 task-2] ERROR o.d.c.w.h.GlobalExceptionHandler - 内部编号「T-hli01」已存在，请换一个
2026-09-22 08:32:14 [XNIO-1 task-2] ERROR o.d.c.w.h.GlobalExceptionHandler - 判无效必须写原因
2026-09-22 08:32:27 [XNIO-1 task-2] ERROR o.d.c.w.h.GlobalExceptionHandler - 该样本名下已有包埋 / 冻存 / 质控文档，不能改判无效
2026-09-22 08:41:31 [XNIO-1 task-2] ERROR o.d.c.s.h.SaTokenExceptionHandler - 请求地址'/lqg/sys/ping',认证失败'未能读取到有效 token',无法访问系统资源
2026-09-22 08:41:45 [XNIO-1 task-2] ERROR o.d.c.w.h.GlobalExceptionHandler - 样本不存在
2026-09-22 08:41:50 [XNIO-1 task-2] ERROR o.d.c.s.h.SaTokenExceptionHandler - 请求地址'/system/config/list',权限码校验失败'无此权限：system:config:list'
2026-09-22 08:44:21 [XNIO-1 task-2] ERROR o.d.c.w.h.GlobalExceptionHandler - 样本不存在
2026-09-22 08:44:21 [XNIO-1 task-2] ERROR o.d.c.w.h.GlobalExceptionHandler - 样本不存在
2026-09-22 08:44:21 [XNIO-1 task-2] ERROR o.d.c.s.h.SaTokenExceptionHandler - 请求地址'/system/config/list',权限码校验失败'无此权限：system:config:list'
2026-09-22 08:44:29 [XNIO-1 task-2] ERROR o.d.c.w.h.GlobalExceptionHandler - 只能挂本人送检过的样本
2026-09-22 08:44:29 [XNIO-1 task-2] ERROR o.d.c.w.h.GlobalExceptionHandler - 这条样本已判无效，不能提交石蜡包埋送样
2026-09-22 08:44:29 [XNIO-1 task-2] ERROR o.d.c.w.h.GlobalExceptionHandler - 只能挂本人送检过的样本
2026-09-22 08:44:30 [XNIO-1 task-2] ERROR o.d.c.w.h.GlobalExceptionHandler - 只能修改重提本人提交的送样（同组的可以看，但不能改）
2026-09-22 08:44:30 [XNIO-1 task-2] ERROR o.d.c.w.h.GlobalExceptionHandler - 只能修改重提本人提交的送样（同组的可以看，但不能改）
2026-09-22 08:44:31 [XNIO-1 task-2] ERROR o.d.c.w.h.GlobalExceptionHandler - 只能挂本人送检过的样本
2026-09-22 08:44:31 [XNIO-1 task-2] ERROR o.d.c.w.h.GlobalExceptionHandler - 这条样本已判无效，不能提交石蜡包埋送样
2026-09-22 08:44:31 [XNIO-1 task-2] ERROR o.d.c.w.h.GlobalExceptionHandler - 只能挂本人送检过的样本
2026-09-22 08:44:31 [XNIO-1 task-2] ERROR o.d.c.w.h.GlobalExceptionHandler - 只能修改重提本人提交的送样（同组的可以看，但不能改）
2026-09-22 08:44:31 [XNIO-1 task-2] ERROR o.d.c.w.h.GlobalExceptionHandler - 只能修改重提本人提交的送样（同组的可以看，但不能改）
2026-09-22 08:44:51 [XNIO-1 task-2] ERROR o.d.c.w.h.GlobalExceptionHandler - 「无染色」与其余染色互斥，不能同时选
2026-09-22 08:44:51 [XNIO-1 task-2] ERROR o.d.c.w.h.GlobalExceptionHandler - 选了「其他」必须写具体染色名称
2026-09-22 08:44:51 [XNIO-1 task-2] ERROR o.d.c.w.h.GlobalExceptionHandler - 染色「PAS」不在字典 lqg_stain_type 里（只能是 HE / IF / IHC / OTHER / NONE）
2026-09-22 08:44:51 [XNIO-1 task-2] ERROR o.d.c.w.h.GlobalExceptionHandler - 内部录入只能挂到已核验有效的样本（当前状态：pending）
2026-09-22 08:44:51 [XNIO-1 task-2] ERROR o.d.c.w.h.GlobalExceptionHandler - 石蜡块编号「T-E01-1」已存在，请换一个
2026-09-22 08:44:51 [XNIO-1 task-2] ERROR o.d.c.w.h.GlobalExceptionHandler - 内部录入石蜡包埋必须填石蜡块编号
2026-09-22 08:44:52 [XNIO-1 task-2] ERROR o.d.c.w.h.GlobalExceptionHandler - 该样本名下已有包埋 / 冻存 / 质控文档，不能改判无效
2026-09-22 08:45:13 [XNIO-1 task-2] ERROR o.d.c.s.h.SaTokenExceptionHandler - 请求地址'/mp/int/sample/list',角色权限校验失败'无此角色：lqg_internal'
2026-09-22 08:45:14 [XNIO-1 task-2] ERROR o.d.c.w.h.GlobalExceptionHandler - 待核验与无效的样本只能在网页工作台核验或改判，小程序里不能改
2026-09-22 08:47:03 [XNIO-1 task-2] ERROR o.d.c.w.h.GlobalExceptionHandler - 样本不存在
2026-09-22 08:47:03 [XNIO-1 task-2] ERROR o.d.c.w.h.GlobalExceptionHandler - 样本不存在
2026-09-22 08:47:03 [XNIO-1 task-2] ERROR o.d.c.s.h.SaTokenExceptionHandler - 请求地址'/system/config/list',权限码校验失败'无此权限：system:config:list'
2026-09-22 08:47:07 [XNIO-1 task-2] ERROR o.d.c.w.h.GlobalExceptionHandler - 只能挂本人送检过的样本
2026-09-22 08:47:07 [XNIO-1 task-2] ERROR o.d.c.w.h.GlobalExceptionHandler - 这条样本已判无效，不能提交石蜡包埋送样
2026-09-22 08:47:08 [XNIO-1 task-2] ERROR o.d.c.w.h.GlobalExceptionHandler - 只能挂本人送检过的样本
2026-09-22 08:47:08 [XNIO-1 task-2] ERROR o.d.c.w.h.GlobalExceptionHandler - 只能修改重提本人提交的送样（同组的可以看，但不能改）
2026-09-22 08:47:08 [XNIO-1 task-2] ERROR o.d.c.w.h.GlobalExceptionHandler - 只能修改重提本人提交的送样（同组的可以看，但不能改）
2026-09-22 08:47:09 [XNIO-1 task-2] ERROR o.d.c.w.h.GlobalExceptionHandler - 只能挂本人送检过的样本
2026-09-22 08:47:09 [XNIO-1 task-2] ERROR o.d.c.w.h.GlobalExceptionHandler - 这条样本已判无效，不能提交石蜡包埋送样
2026-09-22 08:47:09 [XNIO-1 task-2] ERROR o.d.c.w.h.GlobalExceptionHandler - 只能挂本人送检过的样本
2026-09-22 08:47:10 [XNIO-1 task-2] ERROR o.d.c.w.h.GlobalExceptionHandler - 只能修改重提本人提交的送样（同组的可以看，但不能改）
2026-09-22 08:47:10 [XNIO-1 task-2] ERROR o.d.c.w.h.GlobalExceptionHandler - 只能修改重提本人提交的送样（同组的可以看，但不能改）
2026-09-22 08:47:47 [XNIO-1 task-2] ERROR o.d.c.s.h.SaTokenExceptionHandler - 请求地址'/mp/ext/embed/list',角色权限校验失败'无此角色：lqg_external'
2026-09-22 08:47:47 [XNIO-1 task-2] ERROR o.d.c.s.h.SaTokenExceptionHandler - 请求地址'/mp/ext/embed/9000002001',角色权限校验失败'无此角色：lqg_external'
2026-09-22 08:47:47 [XNIO-1 task-2] ERROR o.d.c.s.h.SaTokenExceptionHandler - 请求地址'/mp/ext/embed',角色权限校验失败'无此角色：lqg_external'
2026-09-22 08:47:47 [XNIO-1 task-2] ERROR o.d.c.s.h.SaTokenExceptionHandler - 请求地址'/lqg/embed/list',权限码校验失败'无此权限：lqg:embed:list'
2026-09-22 08:47:47 [XNIO-1 task-2] ERROR o.d.c.w.h.GlobalExceptionHandler - 请求地址'/mp/int/embed/list'不存在.
2026-09-22 08:47:47 [XNIO-1 task-2] ERROR o.d.c.w.h.GlobalExceptionHandler - 送样当前是「valid」，外部不能修改重提（只有待核验、无效的可以）
2026-09-22 08:47:48 [XNIO-1 task-2] ERROR o.d.c.w.h.GlobalExceptionHandler - 只能修改重提本人提交的送样（同组的可以看，但不能改）
2026-09-22 08:47:48 [XNIO-1 task-2] ERROR o.d.c.w.h.GlobalExceptionHandler - 只能修改重提本人提交的送样（同组的可以看，但不能改）
2026-09-22 08:47:49 [XNIO-1 task-2] ERROR o.d.c.w.h.GlobalExceptionHandler - 只能挂本人送检过的样本
2026-09-22 08:47:49 [XNIO-1 task-2] ERROR o.d.c.w.h.GlobalExceptionHandler - 石蜡包埋记录不存在
2026-09-22 08:47:50 [XNIO-1 task-2] ERROR o.d.c.w.h.GlobalExceptionHandler - 样本不存在
2026-09-22 08:47:50 [XNIO-1 task-2] ERROR o.d.c.w.h.GlobalExceptionHandler - 样本不存在
2026-09-22 08:48:21 [XNIO-1 task-2] ERROR o.d.c.s.h.SaTokenExceptionHandler - 请求地址'/mp/ext/embed/list',角色权限校验失败'无此角色：lqg_external'
2026-09-22 08:48:21 [XNIO-1 task-2] ERROR o.d.c.s.h.SaTokenExceptionHandler - 请求地址'/mp/ext/embed/9000002001',角色权限校验失败'无此角色：lqg_external'
2026-09-22 08:48:21 [XNIO-1 task-2] ERROR o.d.c.s.h.SaTokenExceptionHandler - 请求地址'/mp/ext/embed',角色权限校验失败'无此角色：lqg_external'
2026-09-22 08:48:21 [XNIO-1 task-2] ERROR o.d.c.s.h.SaTokenExceptionHandler - 请求地址'/lqg/embed/list',权限码校验失败'无此权限：lqg:embed:list'
2026-09-22 08:48:21 [XNIO-1 task-2] ERROR o.d.c.w.h.GlobalExceptionHandler - 请求地址'/mp/int/embed/list'不存在.
2026-09-22 08:48:22 [XNIO-1 task-2] ERROR o.d.c.w.h.GlobalExceptionHandler - 送样当前是「valid」，外部不能修改重提（只有待核验、无效的可以）
2026-09-22 08:48:22 [XNIO-1 task-2] ERROR o.d.c.w.h.GlobalExceptionHandler - 只能修改重提本人提交的送样（同组的可以看，但不能改）
2026-09-22 08:48:23 [XNIO-1 task-2] ERROR o.d.c.w.h.GlobalExceptionHandler - 只能修改重提本人提交的送样（同组的可以看，但不能改）
2026-09-22 08:48:23 [XNIO-1 task-2] ERROR o.d.c.w.h.GlobalExceptionHandler - 只能挂本人送检过的样本
2026-09-22 08:48:23 [XNIO-1 task-2] ERROR o.d.c.w.h.GlobalExceptionHandler - 石蜡包埋记录不存在
2026-09-22 08:48:24 [XNIO-1 task-2] ERROR o.d.c.w.h.GlobalExceptionHandler - 样本不存在
2026-09-22 08:48:24 [XNIO-1 task-2] ERROR o.d.c.w.h.GlobalExceptionHandler - 样本不存在
2026-09-22 08:48:34 [XNIO-1 task-2] ERROR o.d.c.w.h.GlobalExceptionHandler - 送样当前是「valid」，外部不能修改重提（只有待核验、无效的可以）
2026-09-22 08:48:35 [XNIO-1 task-2] ERROR o.d.c.w.h.GlobalExceptionHandler - 只能修改重提本人提交的送样（同组的可以看，但不能改）
2026-09-22 08:48:35 [XNIO-1 task-2] ERROR o.d.c.w.h.GlobalExceptionHandler - 只能修改重提本人提交的送样（同组的可以看，但不能改）
2026-09-22 08:48:35 [XNIO-1 task-2] ERROR o.d.c.w.h.GlobalExceptionHandler - 只能挂本人送检过的样本
2026-09-22 08:48:52 [XNIO-1 task-2] ERROR o.d.c.s.h.SaTokenExceptionHandler - 请求地址'/mp/ext/embed/list',角色权限校验失败'无此角色：lqg_external'
2026-09-22 08:48:52 [XNIO-1 task-2] ERROR o.d.c.s.h.SaTokenExceptionHandler - 请求地址'/mp/ext/embed/9000002001',角色权限校验失败'无此角色：lqg_external'
2026-09-22 08:48:52 [XNIO-1 task-2] ERROR o.d.c.s.h.SaTokenExceptionHandler - 请求地址'/mp/ext/embed',角色权限校验失败'无此角色：lqg_external'
2026-09-22 08:48:52 [XNIO-1 task-2] ERROR o.d.c.s.h.SaTokenExceptionHandler - 请求地址'/lqg/embed/list',权限码校验失败'无此权限：lqg:embed:list'
2026-09-22 08:48:52 [XNIO-1 task-2] ERROR o.d.c.w.h.GlobalExceptionHandler - 请求地址'/mp/int/embed/list'不存在.
2026-09-22 08:48:52 [XNIO-1 task-2] ERROR o.d.c.w.h.GlobalExceptionHandler - 送样当前是「valid」，外部不能修改重提（只有待核验、无效的可以）
2026-09-22 08:48:53 [XNIO-1 task-2] ERROR o.d.c.w.h.GlobalExceptionHandler - 只能修改重提本人提交的送样（同组的可以看，但不能改）
2026-09-22 08:48:53 [XNIO-1 task-2] ERROR o.d.c.w.h.GlobalExceptionHandler - 只能修改重提本人提交的送样（同组的可以看，但不能改）
2026-09-22 08:48:54 [XNIO-1 task-2] ERROR o.d.c.w.h.GlobalExceptionHandler - 只能挂本人送检过的样本
2026-09-22 08:48:54 [XNIO-1 task-2] ERROR o.d.c.w.h.GlobalExceptionHandler - 石蜡包埋记录不存在
2026-09-22 08:48:55 [XNIO-1 task-2] ERROR o.d.c.w.h.GlobalExceptionHandler - 样本不存在
2026-09-22 08:48:55 [XNIO-1 task-2] ERROR o.d.c.w.h.GlobalExceptionHandler - 样本不存在
2026-09-22 08:49:29 [XNIO-1 task-2] ERROR o.d.c.w.h.GlobalExceptionHandler - 样本不存在
2026-09-22 08:49:29 [XNIO-1 task-2] ERROR o.d.c.w.h.GlobalExceptionHandler - 样本不存在
2026-09-22 08:49:29 [XNIO-1 task-2] ERROR o.d.c.s.h.SaTokenExceptionHandler - 请求地址'/system/config/list',权限码校验失败'无此权限：system:config:list'
2026-09-22 08:49:33 [XNIO-1 task-2] ERROR o.d.c.w.h.GlobalExceptionHandler - 只能挂本人送检过的样本
2026-09-22 08:49:34 [XNIO-1 task-2] ERROR o.d.c.w.h.GlobalExceptionHandler - 这条样本已判无效，不能提交石蜡包埋送样
2026-09-22 08:49:34 [XNIO-1 task-2] ERROR o.d.c.w.h.GlobalExceptionHandler - 只能挂本人送检过的样本
2026-09-22 08:49:34 [XNIO-1 task-2] ERROR o.d.c.w.h.GlobalExceptionHandler - 只能修改重提本人提交的送样（同组的可以看，但不能改）
2026-09-22 08:49:34 [XNIO-1 task-2] ERROR o.d.c.w.h.GlobalExceptionHandler - 只能修改重提本人提交的送样（同组的可以看，但不能改）
2026-09-22 08:49:35 [XNIO-1 task-2] ERROR o.d.c.w.h.GlobalExceptionHandler - 只能挂本人送检过的样本
2026-09-22 08:49:35 [XNIO-1 task-2] ERROR o.d.c.w.h.GlobalExceptionHandler - 这条样本已判无效，不能提交石蜡包埋送样
2026-09-22 08:49:35 [XNIO-1 task-2] ERROR o.d.c.w.h.GlobalExceptionHandler - 只能挂本人送检过的样本
2026-09-22 08:49:36 [XNIO-1 task-2] ERROR o.d.c.w.h.GlobalExceptionHandler - 只能修改重提本人提交的送样（同组的可以看，但不能改）
2026-09-22 08:49:36 [XNIO-1 task-2] ERROR o.d.c.w.h.GlobalExceptionHandler - 只能修改重提本人提交的送样（同组的可以看，但不能改）
2026-09-22 08:49:41 [XNIO-1 task-2] ERROR o.d.c.s.h.SaTokenExceptionHandler - 请求地址'/mp/ext/embed/list',角色权限校验失败'无此角色：lqg_external'
2026-09-22 08:49:41 [XNIO-1 task-2] ERROR o.d.c.s.h.SaTokenExceptionHandler - 请求地址'/mp/ext/embed/9000002001',角色权限校验失败'无此角色：lqg_external'
2026-09-22 08:49:41 [XNIO-1 task-2] ERROR o.d.c.s.h.SaTokenExceptionHandler - 请求地址'/mp/ext/embed',角色权限校验失败'无此角色：lqg_external'
2026-09-22 08:49:42 [XNIO-1 task-2] ERROR o.d.c.s.h.SaTokenExceptionHandler - 请求地址'/lqg/embed/list',权限码校验失败'无此权限：lqg:embed:list'
2026-09-22 08:49:42 [XNIO-1 task-2] ERROR o.d.c.w.h.GlobalExceptionHandler - 请求地址'/mp/int/embed/list'不存在.
2026-09-22 08:49:42 [XNIO-1 task-2] ERROR o.d.c.w.h.GlobalExceptionHandler - 送样当前是「valid」，外部不能修改重提（只有待核验、无效的可以）
2026-09-22 08:49:43 [XNIO-1 task-2] ERROR o.d.c.w.h.GlobalExceptionHandler - 只能修改重提本人提交的送样（同组的可以看，但不能改）
2026-09-22 08:49:43 [XNIO-1 task-2] ERROR o.d.c.w.h.GlobalExceptionHandler - 只能修改重提本人提交的送样（同组的可以看，但不能改）
2026-09-22 08:49:43 [XNIO-1 task-2] ERROR o.d.c.w.h.GlobalExceptionHandler - 只能挂本人送检过的样本
2026-09-22 08:49:43 [XNIO-1 task-2] ERROR o.d.c.w.h.GlobalExceptionHandler - 石蜡包埋记录不存在
2026-09-22 08:49:44 [XNIO-1 task-2] ERROR o.d.c.w.h.GlobalExceptionHandler - 样本不存在
2026-09-22 08:49:44 [XNIO-1 task-2] ERROR o.d.c.w.h.GlobalExceptionHandler - 样本不存在
2026-09-22 09:08:20 [XNIO-1 task-3] ERROR o.d.c.w.h.GlobalExceptionHandler - 非法核验状态转移：valid → valid（操作者是内部人员）；合法转移只有 pending→valid(内部)、pending→invalid(内部)、invalid→pending(外部)、invalid→valid(内部)、valid→invalid(内部)
2026-09-22 09:08:59 [XNIO-1 task-4] ERROR o.d.c.w.h.GlobalExceptionHandler - 「无染色」与其余染色互斥，不能同时选
2026-09-22 09:08:59 [XNIO-1 task-4] ERROR o.d.c.w.h.GlobalExceptionHandler - 选了「其他」必须写具体染色名称
2026-09-22 09:09:00 [XNIO-1 task-4] ERROR o.d.c.w.h.GlobalExceptionHandler - 染色「PAS」不在字典 lqg_stain_type 里（只能是 HE / IF / IHC / OTHER / NONE）
2026-09-22 09:09:00 [XNIO-1 task-4] ERROR o.d.c.w.h.GlobalExceptionHandler - 内部录入只能挂到已核验有效的样本（当前状态：pending）
2026-09-22 09:09:00 [XNIO-1 task-4] ERROR o.d.c.w.h.GlobalExceptionHandler - 石蜡块编号「T-E01-1」已存在，请换一个
2026-09-22 09:09:00 [XNIO-1 task-4] ERROR o.d.c.w.h.GlobalExceptionHandler - 内部录入石蜡包埋必须填石蜡块编号
2026-09-22 09:09:00 [XNIO-1 task-4] ERROR o.d.c.w.h.GlobalExceptionHandler - 该样本名下已有包埋 / 冻存 / 质控文档，不能改判无效
2026-09-22 09:09:06 [XNIO-1 task-4] ERROR o.d.c.w.h.GlobalExceptionHandler - 所挂样本还未核验有效（当前状态：pending），不能判为有效
2026-09-22 09:09:06 [XNIO-1 task-4] ERROR o.d.c.w.h.GlobalExceptionHandler - 判无效必须写原因
2026-09-22 09:09:06 [XNIO-1 task-4] ERROR o.d.c.w.h.GlobalExceptionHandler - 待核验 / 无效的送样不能通过普通保存修改（核验与改判只走 PUT /lqg/embed/{id}/verify）
2026-09-22 09:09:06 [XNIO-1 task-4] ERROR o.d.c.w.h.GlobalExceptionHandler - 判有效必须填石蜡块编号
2026-09-22 09:09:06 [XNIO-1 task-4] ERROR o.d.c.w.h.GlobalExceptionHandler - 石蜡块编号「T-E01-1」已存在，请换一个
2026-09-22 09:09:20 [XNIO-1 task-4] ERROR o.d.c.w.h.GlobalExceptionHandler - 样本不存在
2026-09-22 09:09:20 [XNIO-1 task-4] ERROR o.d.c.w.h.GlobalExceptionHandler - 样本不存在
2026-09-22 09:09:20 [XNIO-1 task-4] ERROR o.d.c.s.h.SaTokenExceptionHandler - 请求地址'/system/config/list',权限码校验失败'无此权限：system:config:list'
2026-09-22 09:09:25 [XNIO-1 task-4] ERROR o.d.c.w.h.GlobalExceptionHandler - 只能挂本人送检过的样本
2026-09-22 09:09:25 [XNIO-1 task-4] ERROR o.d.c.w.h.GlobalExceptionHandler - 这条样本已判无效，不能提交石蜡包埋送样
2026-09-22 09:09:25 [XNIO-1 task-4] ERROR o.d.c.w.h.GlobalExceptionHandler - 只能挂本人送检过的样本
2026-09-22 09:09:25 [XNIO-1 task-4] ERROR o.d.c.w.h.GlobalExceptionHandler - 只能修改重提本人提交的送样（同组的可以看，但不能改）
2026-09-22 09:09:25 [XNIO-1 task-4] ERROR o.d.c.w.h.GlobalExceptionHandler - 只能修改重提本人提交的送样（同组的可以看，但不能改）
2026-09-22 09:09:26 [XNIO-1 task-4] ERROR o.d.c.w.h.GlobalExceptionHandler - 只能挂本人送检过的样本
2026-09-22 09:09:26 [XNIO-1 task-4] ERROR o.d.c.w.h.GlobalExceptionHandler - 这条样本已判无效，不能提交石蜡包埋送样
2026-09-22 09:09:26 [XNIO-1 task-4] ERROR o.d.c.w.h.GlobalExceptionHandler - 只能挂本人送检过的样本
2026-09-22 09:09:27 [XNIO-1 task-4] ERROR o.d.c.w.h.GlobalExceptionHandler - 只能修改重提本人提交的送样（同组的可以看，但不能改）
2026-09-22 09:09:27 [XNIO-1 task-4] ERROR o.d.c.w.h.GlobalExceptionHandler - 只能修改重提本人提交的送样（同组的可以看，但不能改）
2026-09-22 09:22:43 [XNIO-1 task-2] ERROR o.d.c.s.h.SaTokenExceptionHandler - 请求地址'/lqg/sample/export/tissue',权限码校验失败'无此权限：lqg:sample:export'
2026-09-22 09:23:47 [XNIO-1 task-2] ERROR o.d.c.s.h.SaTokenExceptionHandler - 请求地址'/lqg/sample/export/tissue',权限码校验失败'无此权限：lqg:sample:export'
2026-09-22 09:24:19 [XNIO-1 task-2] ERROR o.d.c.s.h.SaTokenExceptionHandler - 请求地址'/lqg/sample/export/tissue',权限码校验失败'无此权限：lqg:sample:export'
2026-09-22 09:24:19 [XNIO-1 task-2] ERROR o.d.c.s.h.SaTokenExceptionHandler - 请求地址'/lqg/sample/export/tissue',权限码校验失败'无此权限：lqg:sample:export'
2026-09-22 09:24:19 [XNIO-1 task-2] ERROR o.d.c.s.h.SaTokenExceptionHandler - 请求地址'/lqg/sample/export/tissue',认证失败'未能读取到有效 token',无法访问系统资源
2026-09-22 09:24:35 [XNIO-1 task-2] ERROR o.d.c.s.h.SaTokenExceptionHandler - 请求地址'/lqg/sample/export/tissue',权限码校验失败'无此权限：lqg:sample:export'
2026-09-22 09:24:35 [XNIO-1 task-2] ERROR o.d.c.s.h.SaTokenExceptionHandler - 请求地址'/lqg/sample/export/tissue',权限码校验失败'无此权限：lqg:sample:export'
2026-09-22 09:24:35 [XNIO-1 task-2] ERROR o.d.c.s.h.SaTokenExceptionHandler - 请求地址'/lqg/sample/export/tissue',权限码校验失败'无此权限：lqg:sample:export'
2026-09-22 09:24:35 [XNIO-1 task-2] ERROR o.d.c.s.h.SaTokenExceptionHandler - 请求地址'/lqg/sample/export/organoid',权限码校验失败'无此权限：lqg:sample:export'
2026-09-22 09:24:35 [XNIO-1 task-2] ERROR o.d.c.s.h.SaTokenExceptionHandler - 请求地址'/lqg/sample/export/tissue',认证失败'未能读取到有效 token',无法访问系统资源
2026-09-22 09:41:14 [XNIO-1 task-5] ERROR o.d.c.w.h.GlobalExceptionHandler - 「无染色」与其余染色互斥，不能同时选
2026-09-22 09:41:14 [XNIO-1 task-5] ERROR o.d.c.w.h.GlobalExceptionHandler - 选了「其他」必须写具体染色名称
2026-09-22 09:41:14 [XNIO-1 task-5] ERROR o.d.c.w.h.GlobalExceptionHandler - 染色「PAS」不在字典 lqg_stain_type 里（只能是 HE / IF / IHC / OTHER / NONE）
2026-09-22 09:41:14 [XNIO-1 task-5] ERROR o.d.c.w.h.GlobalExceptionHandler - 内部录入只能挂到已核验有效的样本（当前状态：pending）
2026-09-22 09:41:14 [XNIO-1 task-5] ERROR o.d.c.w.h.GlobalExceptionHandler - 石蜡块编号「T-E01-1」已存在，请换一个
2026-09-22 09:41:14 [XNIO-1 task-5] ERROR o.d.c.w.h.GlobalExceptionHandler - 内部录入石蜡包埋必须填石蜡块编号
2026-09-22 09:41:15 [XNIO-1 task-5] ERROR o.d.c.w.h.GlobalExceptionHandler - 该样本名下已有包埋 / 冻存 / 质控文档，不能改判无效
2026-09-22 09:41:30 [XNIO-1 task-5] ERROR o.d.c.s.h.SaTokenExceptionHandler - 请求地址'/lqg/sample/export/tissue',权限码校验失败'无此权限：lqg:sample:export'
2026-09-22 09:50:45 [XNIO-1 task-2] ERROR o.d.c.s.h.SaTokenExceptionHandler - 请求地址'/mp/int/embed/list',角色权限校验失败'无此角色：lqg_internal'
2026-09-22 09:55:29 [XNIO-1 task-2] ERROR o.d.c.s.h.SaTokenExceptionHandler - 请求地址'/mp/int/embed/list',角色权限校验失败'无此角色：lqg_internal'
2026-09-22 09:55:34 [XNIO-1 task-2] ERROR o.d.c.w.h.GlobalExceptionHandler - 石蜡块编号「T-E01-1」已存在，请换一个
2026-09-22 09:55:35 [XNIO-1 task-2] ERROR o.d.c.w.h.GlobalExceptionHandler - 待核验 / 无效的送样不能通过普通保存修改（核验与改判只走 PUT /lqg/embed/{id}/verify）
2026-09-22 09:55:54 [XNIO-1 task-2] ERROR o.d.c.w.h.GlobalExceptionHandler - 「无染色」与其余染色互斥，不能同时选
2026-09-22 09:55:54 [XNIO-1 task-2] ERROR o.d.c.w.h.GlobalExceptionHandler - 选了「其他」必须写具体染色名称
2026-09-22 09:55:54 [XNIO-1 task-2] ERROR o.d.c.w.h.GlobalExceptionHandler - 染色「PAS」不在字典 lqg_stain_type 里（只能是 HE / IF / IHC / OTHER / NONE）
2026-09-22 09:55:54 [XNIO-1 task-2] ERROR o.d.c.w.h.GlobalExceptionHandler - 内部录入只能挂到已核验有效的样本（当前状态：pending）
2026-09-22 09:55:54 [XNIO-1 task-2] ERROR o.d.c.w.h.GlobalExceptionHandler - 石蜡块编号「T-E01-1」已存在，请换一个
2026-09-22 09:55:54 [XNIO-1 task-2] ERROR o.d.c.w.h.GlobalExceptionHandler - 内部录入石蜡包埋必须填石蜡块编号
2026-09-22 09:55:55 [XNIO-1 task-2] ERROR o.d.c.w.h.GlobalExceptionHandler - 该样本名下已有包埋 / 冻存 / 质控文档，不能改判无效
2026-09-22 09:55:57 [XNIO-1 task-2] ERROR o.d.c.w.h.GlobalExceptionHandler - 所挂样本还未核验有效（当前状态：pending），不能判为有效
2026-09-22 09:55:57 [XNIO-1 task-2] ERROR o.d.c.w.h.GlobalExceptionHandler - 判无效必须写原因
2026-09-22 09:55:57 [XNIO-1 task-2] ERROR o.d.c.w.h.GlobalExceptionHandler - 待核验 / 无效的送样不能通过普通保存修改（核验与改判只走 PUT /lqg/embed/{id}/verify）
2026-09-22 09:55:58 [XNIO-1 task-2] ERROR o.d.c.w.h.GlobalExceptionHandler - 判有效必须填石蜡块编号
2026-09-22 09:55:58 [XNIO-1 task-2] ERROR o.d.c.w.h.GlobalExceptionHandler - 石蜡块编号「T-E01-1」已存在，请换一个
2026-09-22 09:56:08 [XNIO-1 task-2] ERROR o.d.c.w.h.GlobalExceptionHandler - 样本不存在
2026-09-22 09:56:08 [XNIO-1 task-2] ERROR o.d.c.w.h.GlobalExceptionHandler - 样本不存在
2026-09-22 09:56:08 [XNIO-1 task-2] ERROR o.d.c.s.h.SaTokenExceptionHandler - 请求地址'/system/config/list',权限码校验失败'无此权限：system:config:list'
2026-09-22 09:56:13 [XNIO-1 task-2] ERROR o.d.c.w.h.GlobalExceptionHandler - 只能挂本人送检过的样本
2026-09-22 09:56:13 [XNIO-1 task-2] ERROR o.d.c.w.h.GlobalExceptionHandler - 这条样本已判无效，不能提交石蜡包埋送样
2026-09-22 09:56:13 [XNIO-1 task-2] ERROR o.d.c.w.h.GlobalExceptionHandler - 只能挂本人送检过的样本
2026-09-22 09:56:13 [XNIO-1 task-2] ERROR o.d.c.w.h.GlobalExceptionHandler - 只能修改重提本人提交的送样（同组的可以看，但不能改）
2026-09-22 09:56:13 [XNIO-1 task-2] ERROR o.d.c.w.h.GlobalExceptionHandler - 只能修改重提本人提交的送样（同组的可以看，但不能改）
2026-09-22 09:56:14 [XNIO-1 task-2] ERROR o.d.c.w.h.GlobalExceptionHandler - 只能挂本人送检过的样本
2026-09-22 09:56:14 [XNIO-1 task-2] ERROR o.d.c.w.h.GlobalExceptionHandler - 这条样本已判无效，不能提交石蜡包埋送样
2026-09-22 09:56:15 [XNIO-1 task-2] ERROR o.d.c.w.h.GlobalExceptionHandler - 只能挂本人送检过的样本
2026-09-22 09:56:15 [XNIO-1 task-2] ERROR o.d.c.w.h.GlobalExceptionHandler - 只能修改重提本人提交的送样（同组的可以看，但不能改）
2026-09-22 09:56:15 [XNIO-1 task-2] ERROR o.d.c.w.h.GlobalExceptionHandler - 只能修改重提本人提交的送样（同组的可以看，但不能改）
2026-09-22 09:56:26 [XNIO-1 task-2] ERROR o.d.c.s.h.SaTokenExceptionHandler - 请求地址'/mp/int/sample/list',角色权限校验失败'无此角色：lqg_internal'
2026-09-22 09:56:27 [XNIO-1 task-2] ERROR o.d.c.w.h.GlobalExceptionHandler - 待核验与无效的样本只能在网页工作台核验或改判，小程序里不能改
2026-09-22 09:56:53 [XNIO-1 task-2] ERROR o.d.c.s.h.SaTokenExceptionHandler - 请求地址'/mp/int/embed/list',角色权限校验失败'无此角色：lqg_internal'
2026-09-22 10:00:35 [XNIO-1 task-3] ERROR o.d.c.s.h.SaTokenExceptionHandler - 请求地址'/mp/int/embed/list',角色权限校验失败'无此角色：lqg_internal'
2026-09-22 10:00:37 [XNIO-1 task-3] ERROR o.d.c.w.h.GlobalExceptionHandler - 石蜡块编号「T-E01-1」已存在，请换一个
2026-09-22 10:00:37 [XNIO-1 task-3] ERROR o.d.c.w.h.GlobalExceptionHandler - 待核验 / 无效的送样不能通过普通保存修改（核验与改判只走 PUT /lqg/embed/{id}/verify）
2026-09-22 10:01:39 [XNIO-1 task-3] ERROR o.d.c.s.h.SaTokenExceptionHandler - 请求地址'/mp/int/embed/list',角色权限校验失败'无此角色：lqg_internal'
2026-09-22 10:01:40 [XNIO-1 task-3] ERROR o.d.c.w.h.GlobalExceptionHandler - 石蜡块编号「T-E01-1」已存在，请换一个
2026-09-22 10:01:41 [XNIO-1 task-3] ERROR o.d.c.w.h.GlobalExceptionHandler - 待核验 / 无效的送样不能通过普通保存修改（核验与改判只走 PUT /lqg/embed/{id}/verify）
2026-09-22 10:07:02 [XNIO-1 task-2] ERROR o.d.c.s.h.SaTokenExceptionHandler - 请求地址'/lqg/sample/export/tissue',权限码校验失败'无此权限：lqg:sample:export'
2026-09-22 10:08:05 [XNIO-1 task-2] ERROR o.d.c.w.h.GlobalExceptionHandler - 样本不存在
2026-09-22 10:08:05 [XNIO-1 task-2] ERROR o.d.c.w.h.GlobalExceptionHandler - 样本不存在
2026-09-22 10:08:06 [XNIO-1 task-2] ERROR o.d.c.s.h.SaTokenExceptionHandler - 请求地址'/system/config/list',权限码校验失败'无此权限：system:config:list'
2026-09-22 10:14:47 [XNIO-1 task-2] ERROR o.d.c.s.h.SaTokenExceptionHandler - 请求地址'/mp/int/embed/list',角色权限校验失败'无此角色：lqg_internal'
2026-09-22 10:32:04 [XNIO-1 task-4] ERROR o.d.c.w.h.GlobalExceptionHandler - 待核验 / 无效的送样不能通过普通保存修改（核验与改判只走 PUT /lqg/embed/{id}/verify）
2026-09-22 10:34:57 [XNIO-1 task-5] ERROR o.d.c.w.h.GlobalExceptionHandler - 待核验 / 无效的送样不能通过普通保存修改（核验与改判只走 PUT /lqg/embed/{id}/verify）
2026-09-22 10:36:04 [XNIO-1 task-2] ERROR o.d.c.w.h.GlobalExceptionHandler - 待核验 / 无效的送样不能通过普通保存修改（核验与改判只走 PUT /lqg/embed/{id}/verify）
2026-09-22 10:37:04 [XNIO-1 task-3] ERROR o.d.c.w.h.GlobalExceptionHandler - 待核验 / 无效的送样不能通过普通保存修改（核验与改判只走 PUT /lqg/embed/{id}/verify）
2026-09-22 10:40:42 [XNIO-1 task-2] ERROR o.d.c.s.h.SaTokenExceptionHandler - 请求地址'/lqg/sys/ping',认证失败'未能读取到有效 token',无法访问系统资源
2026-09-22 10:41:19 [XNIO-1 task-2] ERROR o.d.c.w.h.GlobalExceptionHandler - 该样本名下已有包埋 / 冻存 / 质控文档，不能改判无效
2026-09-22 10:41:29 [XNIO-1 task-2] ERROR o.d.c.w.h.GlobalExceptionHandler - 「无染色」与其余染色互斥，不能同时选
2026-09-22 10:41:29 [XNIO-1 task-2] ERROR o.d.c.w.h.GlobalExceptionHandler - 选了「其他」必须写具体染色名称
2026-09-22 10:41:29 [XNIO-1 task-2] ERROR o.d.c.w.h.GlobalExceptionHandler - 染色「PAS」不在字典 lqg_stain_type 里（只能是 HE / IF / IHC / OTHER / NONE）
2026-09-22 10:41:30 [XNIO-1 task-2] ERROR o.d.c.w.h.GlobalExceptionHandler - 内部录入只能挂到已核验有效的样本（当前状态：pending）
2026-09-22 10:41:41 [XNIO-1 task-2] ERROR o.d.c.w.h.GlobalExceptionHandler - 「无染色」与其余染色互斥，不能同时选
2026-09-22 10:41:41 [XNIO-1 task-2] ERROR o.d.c.w.h.GlobalExceptionHandler - 选了「其他」必须写具体染色名称
2026-09-22 10:41:41 [XNIO-1 task-2] ERROR o.d.c.w.h.GlobalExceptionHandler - 染色「PAS」不在字典 lqg_stain_type 里（只能是 HE / IF / IHC / OTHER / NONE）
2026-09-22 10:41:41 [XNIO-1 task-2] ERROR o.d.c.w.h.GlobalExceptionHandler - 内部录入只能挂到已核验有效的样本（当前状态：pending）
2026-09-22 10:41:42 [XNIO-1 task-2] ERROR o.d.c.w.h.GlobalExceptionHandler - 该样本名下已有包埋 / 冻存 / 质控文档，不能改判无效
2026-09-22 10:41:46 [XNIO-1 task-2] ERROR o.d.c.w.h.GlobalExceptionHandler - 只能挂本人送检过的样本
2026-09-22 10:41:47 [XNIO-1 task-2] ERROR o.d.c.w.h.GlobalExceptionHandler - 这条样本已判无效，不能提交石蜡包埋送样
2026-09-22 10:41:47 [XNIO-1 task-2] ERROR o.d.c.w.h.GlobalExceptionHandler - 所挂样本还未核验有效（当前状态：pending），不能判为有效
2026-09-22 10:41:48 [XNIO-1 task-2] ERROR o.d.c.w.h.GlobalExceptionHandler - 待核验 / 无效的送样不能通过普通保存修改（核验与改判只走 PUT /lqg/embed/{id}/verify）
2026-09-22 10:41:48 [XNIO-1 task-2] ERROR o.d.c.w.h.GlobalExceptionHandler - 只能修改重提本人提交的送样（同组的可以看，但不能改）
2026-09-22 10:41:48 [XNIO-1 task-2] ERROR o.d.c.w.h.GlobalExceptionHandler - 只能修改重提本人提交的送样（同组的可以看，但不能改）
2026-09-22 10:41:52 [XNIO-1 task-2] ERROR o.d.c.w.h.GlobalExceptionHandler - 样本不存在
2026-09-22 10:41:56 [XNIO-1 task-2] ERROR o.d.c.s.h.SaTokenExceptionHandler - 请求地址'/lqg/sample/export/tissue',权限码校验失败'无此权限：lqg:sample:export'
2026-09-22 10:42:04 [XNIO-1 task-2] ERROR o.d.c.s.h.SaTokenExceptionHandler - 请求地址'/lqg/sample/export/tissue',权限码校验失败'无此权限：lqg:sample:export'
2026-09-22 10:42:14 [XNIO-1 task-2] ERROR o.d.c.w.h.GlobalExceptionHandler - 「无染色」与其余染色互斥，不能同时选
2026-09-22 10:42:14 [XNIO-1 task-2] ERROR o.d.c.w.h.GlobalExceptionHandler - 选了「其他」必须写具体染色名称
2026-09-22 10:42:15 [XNIO-1 task-2] ERROR o.d.c.w.h.GlobalExceptionHandler - 染色「PAS」不在字典 lqg_stain_type 里（只能是 HE / IF / IHC / OTHER / NONE）
2026-09-22 10:42:15 [XNIO-1 task-2] ERROR o.d.c.w.h.GlobalExceptionHandler - 内部录入只能挂到已核验有效的样本（当前状态：pending）
2026-09-22 10:42:16 [XNIO-1 task-2] ERROR o.d.c.w.h.GlobalExceptionHandler - 该样本名下已有包埋 / 冻存 / 质控文档，不能改判无效
2026-09-22 10:42:18 [XNIO-1 task-2] ERROR o.d.c.w.h.GlobalExceptionHandler - 只能挂本人送检过的样本
2026-09-22 10:42:18 [XNIO-1 task-2] ERROR o.d.c.w.h.GlobalExceptionHandler - 这条样本已判无效，不能提交石蜡包埋送样
2026-09-22 10:42:19 [XNIO-1 task-2] ERROR o.d.c.w.h.GlobalExceptionHandler - 所挂样本还未核验有效（当前状态：pending），不能判为有效
2026-09-22 10:42:19 [XNIO-1 task-2] ERROR o.d.c.w.h.GlobalExceptionHandler - 待核验 / 无效的送样不能通过普通保存修改（核验与改判只走 PUT /lqg/embed/{id}/verify）
2026-09-22 10:42:19 [XNIO-1 task-2] ERROR o.d.c.w.h.GlobalExceptionHandler - 只能修改重提本人提交的送样（同组的可以看，但不能改）
2026-09-22 10:42:19 [XNIO-1 task-2] ERROR o.d.c.w.h.GlobalExceptionHandler - 只能修改重提本人提交的送样（同组的可以看，但不能改）
2026-09-22 10:42:20 [XNIO-1 task-2] ERROR o.d.c.w.h.GlobalExceptionHandler - 样本不存在
2026-09-22 10:42:22 [XNIO-1 task-2] ERROR o.d.c.s.h.SaTokenExceptionHandler - 请求地址'/lqg/sample/export/tissue',权限码校验失败'无此权限：lqg:sample:export'
2026-09-22 10:48:05 [XNIO-1 task-5] ERROR o.d.c.w.h.GlobalExceptionHandler - 待核验 / 无效的送样不能通过普通保存修改（核验与改判只走 PUT /lqg/embed/{id}/verify）
2026-09-22 10:50:34 [XNIO-1 task-7] ERROR o.d.c.w.h.GlobalExceptionHandler - 石蜡块编号「T-E01-1」已存在，请换一个
2026-09-22 10:51:41 [XNIO-1 task-4] ERROR o.d.c.w.h.GlobalExceptionHandler - 石蜡块编号「T-E01-1」已存在，请换一个
2026-09-22 10:53:04 [XNIO-1 task-2] ERROR o.d.c.w.h.GlobalExceptionHandler - 非法核验状态转移：valid → valid（操作者是内部人员）；合法转移只有 pending→valid(内部)、pending→invalid(内部)、invalid→pending(外部)、invalid→valid(内部)、valid→invalid(内部)
2026-09-22 10:58:28 [XNIO-1 task-5] ERROR o.d.c.w.h.GlobalExceptionHandler - 石蜡块编号「T-E01-1」已存在，请换一个
2026-09-22 10:59:12 [XNIO-1 task-5] ERROR o.d.c.s.h.SaTokenExceptionHandler - 请求地址'/mp/int/embed/list',角色权限校验失败'无此角色：lqg_internal'
2026-09-22 10:59:14 [XNIO-1 task-5] ERROR o.d.c.w.h.GlobalExceptionHandler - 「无染色」与其余染色互斥，不能同时选
2026-09-22 10:59:14 [XNIO-1 task-5] ERROR o.d.c.w.h.GlobalExceptionHandler - 选了「其他」必须写具体染色名称
2026-09-22 10:59:14 [XNIO-1 task-5] ERROR o.d.c.w.h.GlobalExceptionHandler - 染色「PAS」不在字典 lqg_stain_type 里（只能是 HE / IF / IHC / OTHER / NONE）
2026-09-22 10:59:14 [XNIO-1 task-5] ERROR o.d.c.w.h.GlobalExceptionHandler - 内部录入只能挂到已核验有效的样本（当前状态：pending）
2026-09-22 10:59:14 [XNIO-1 task-5] ERROR o.d.c.w.h.GlobalExceptionHandler - 石蜡块编号「T-E01-1」已存在，请换一个
2026-09-22 10:59:14 [XNIO-1 task-5] ERROR o.d.c.w.h.GlobalExceptionHandler - 内部录入石蜡包埋必须填石蜡块编号
2026-09-22 10:59:15 [XNIO-1 task-5] ERROR o.d.c.w.h.GlobalExceptionHandler - 该样本名下已有包埋 / 冻存 / 质控文档，不能改判无效
2026-09-22 10:59:18 [XNIO-1 task-5] ERROR o.d.c.w.h.GlobalExceptionHandler - 样本不存在
2026-09-22 10:59:18 [XNIO-1 task-5] ERROR o.d.c.w.h.GlobalExceptionHandler - 样本不存在
2026-09-22 10:59:18 [XNIO-1 task-5] ERROR o.d.c.s.h.SaTokenExceptionHandler - 请求地址'/system/config/list',权限码校验失败'无此权限：system:config:list'
2026-09-22 10:59:24 [XNIO-1 task-5] ERROR o.d.c.w.h.GlobalExceptionHandler - 只能挂本人送检过的样本
2026-09-22 10:59:24 [XNIO-1 task-5] ERROR o.d.c.w.h.GlobalExceptionHandler - 这条样本已判无效，不能提交石蜡包埋送样
2026-09-22 10:59:24 [XNIO-1 task-5] ERROR o.d.c.w.h.GlobalExceptionHandler - 只能挂本人送检过的样本
2026-09-22 10:59:24 [XNIO-1 task-5] ERROR o.d.c.w.h.GlobalExceptionHandler - 只能修改重提本人提交的送样（同组的可以看，但不能改）
2026-09-22 10:59:25 [XNIO-1 task-5] ERROR o.d.c.w.h.GlobalExceptionHandler - 只能修改重提本人提交的送样（同组的可以看，但不能改）
2026-09-22 10:59:26 [XNIO-1 task-5] ERROR o.d.c.w.h.GlobalExceptionHandler - 只能挂本人送检过的样本
2026-09-22 10:59:26 [XNIO-1 task-5] ERROR o.d.c.w.h.GlobalExceptionHandler - 这条样本已判无效，不能提交石蜡包埋送样
2026-09-22 10:59:26 [XNIO-1 task-5] ERROR o.d.c.w.h.GlobalExceptionHandler - 只能挂本人送检过的样本
2026-09-22 10:59:26 [XNIO-1 task-5] ERROR o.d.c.w.h.GlobalExceptionHandler - 只能修改重提本人提交的送样（同组的可以看，但不能改）
2026-09-22 10:59:26 [XNIO-1 task-5] ERROR o.d.c.w.h.GlobalExceptionHandler - 只能修改重提本人提交的送样（同组的可以看，但不能改）
2026-09-22 10:59:31 [XNIO-1 task-5] ERROR o.d.c.s.h.SaTokenExceptionHandler - 请求地址'/lqg/sample/export/tissue',权限码校验失败'无此权限：lqg:sample:export'
2026-09-22 11:05:47 [XNIO-1 task-2] ERROR o.d.c.s.h.SaTokenExceptionHandler - 请求地址'/lqg/sample/export/tissue',权限码校验失败'无此权限：lqg:sample:export'
2026-09-22 11:05:47 [XNIO-1 task-2] ERROR o.d.c.s.h.SaTokenExceptionHandler - 请求地址'/lqg/embed/export',权限码校验失败'无此权限：lqg:embed:export'
2026-09-22 11:08:47 [XNIO-1 task-2] ERROR o.d.c.w.h.GlobalExceptionHandler - 石蜡块编号「T-E01-1」已存在，请换一个
2026-09-22 11:09:27 [XNIO-1 task-6] ERROR o.d.c.w.h.GlobalExceptionHandler - 石蜡块编号「T-E01-1」已存在，请换一个
2026-09-22 11:11:56 [XNIO-1 task-6] ERROR o.d.c.s.h.SaTokenExceptionHandler - 请求地址'/lqg/sample/export/organoid',权限码校验失败'无此权限：lqg:sample:export'
2026-09-22 11:11:56 [XNIO-1 task-6] ERROR o.d.c.s.h.SaTokenExceptionHandler - 请求地址'/lqg/embed/export',权限码校验失败'无此权限：lqg:embed:export'
2026-09-22 11:16:07 [XNIO-1 task-2] ERROR o.d.c.s.h.SaTokenExceptionHandler - 请求地址'/system/user/list',权限码校验失败'无此权限：system:user:list'
2026-09-22 11:20:38 [XNIO-1 task-4] ERROR o.d.c.w.h.GlobalExceptionHandler - 石蜡块编号「T-E01-1」已存在，请换一个
2026-09-22 11:27:24 [XNIO-1 task-2] ERROR o.d.c.w.h.GlobalExceptionHandler - 「无染色」与其余染色互斥，不能同时选
2026-09-22 11:27:24 [XNIO-1 task-2] ERROR o.d.c.w.h.GlobalExceptionHandler - 选了「其他」必须写具体染色名称
2026-09-22 11:27:24 [XNIO-1 task-2] ERROR o.d.c.w.h.GlobalExceptionHandler - 染色「PAS」不在字典 lqg_stain_type 里（只能是 HE / IF / IHC / OTHER / NONE）
2026-09-22 11:27:24 [XNIO-1 task-2] ERROR o.d.c.w.h.GlobalExceptionHandler - 内部录入只能挂到已核验有效的样本（当前状态：pending）
2026-09-22 11:27:29 [XNIO-1 task-2] ERROR o.d.c.w.h.GlobalExceptionHandler - 该样本名下已有包埋 / 冻存 / 质控文档，不能改判无效
2026-09-22 11:27:29 [XNIO-1 task-2] ERROR o.d.c.w.h.GlobalExceptionHandler - 只能挂本人送检过的样本
2026-09-22 11:27:29 [XNIO-1 task-2] ERROR o.d.c.w.h.GlobalExceptionHandler - 这条样本已判无效，不能提交石蜡包埋送样
2026-09-22 11:27:29 [XNIO-1 task-2] ERROR o.d.c.w.h.GlobalExceptionHandler - 所挂样本还未核验有效（当前状态：pending），不能判为有效
2026-09-22 11:27:29 [XNIO-1 task-2] ERROR o.d.c.w.h.GlobalExceptionHandler - 待核验 / 无效的送样不能通过普通保存修改（核验与改判只走 PUT /lqg/embed/{id}/verify）
2026-09-22 11:27:29 [XNIO-1 task-2] ERROR o.d.c.w.h.GlobalExceptionHandler - 只能修改重提本人提交的送样（同组的可以看，但不能改）
2026-09-22 11:27:29 [XNIO-1 task-2] ERROR o.d.c.w.h.GlobalExceptionHandler - 只能修改重提本人提交的送样（同组的可以看，但不能改）
2026-09-22 11:27:40 [XNIO-1 task-2] ERROR o.d.c.w.h.GlobalExceptionHandler - 样本不存在
2026-09-22 11:27:40 [XNIO-1 task-2] ERROR o.d.c.w.h.GlobalExceptionHandler - 样本不存在
2026-09-22 11:27:45 [XNIO-1 task-2] ERROR o.d.c.s.h.SaTokenExceptionHandler - 请求地址'/lqg/sample/export/tissue',权限码校验失败'无此权限：lqg:sample:export'
2026-09-22 11:27:54 [XNIO-1 task-2] ERROR o.d.c.w.h.GlobalExceptionHandler - 待核验 / 无效的送样不能通过普通保存修改（核验与改判只走 PUT /lqg/embed/{id}/verify）
2026-09-22 11:27:54 [XNIO-1 task-2] ERROR o.d.c.w.h.GlobalExceptionHandler - 待核验 / 无效的送样不能通过普通保存修改（核验与改判只走 PUT /lqg/embed/{id}/verify）
2026-09-22 11:28:35 [XNIO-1 task-2] ERROR o.d.c.w.h.GlobalExceptionHandler - 「无染色」与其余染色互斥，不能同时选
2026-09-22 11:28:36 [XNIO-1 task-2] ERROR o.d.c.w.h.GlobalExceptionHandler - 选了「其他」必须写具体染色名称
2026-09-22 11:28:36 [XNIO-1 task-2] ERROR o.d.c.w.h.GlobalExceptionHandler - 染色「PAS」不在字典 lqg_stain_type 里（只能是 HE / IF / IHC / OTHER / NONE）
2026-09-22 11:28:36 [XNIO-1 task-2] ERROR o.d.c.w.h.GlobalExceptionHandler - 内部录入只能挂到已核验有效的样本（当前状态：pending）
2026-09-22 11:28:41 [XNIO-1 task-2] ERROR o.d.c.w.h.GlobalExceptionHandler - 「无染色」与其余染色互斥，不能同时选
2026-09-22 11:28:41 [XNIO-1 task-2] ERROR o.d.c.w.h.GlobalExceptionHandler - 选了「其他」必须写具体染色名称
2026-09-22 11:28:41 [XNIO-1 task-2] ERROR o.d.c.w.h.GlobalExceptionHandler - 染色「PAS」不在字典 lqg_stain_type 里（只能是 HE / IF / IHC / OTHER / NONE）
2026-09-22 11:28:41 [XNIO-1 task-2] ERROR o.d.c.w.h.GlobalExceptionHandler - 内部录入只能挂到已核验有效的样本（当前状态：pending）
2026-09-22 11:28:43 [XNIO-1 task-2] ERROR o.d.c.w.h.GlobalExceptionHandler - 该样本名下已有包埋 / 冻存 / 质控文档，不能改判无效
2026-09-22 11:28:45 [XNIO-1 task-2] ERROR o.d.c.w.h.GlobalExceptionHandler - 只能挂本人送检过的样本
2026-09-22 11:28:45 [XNIO-1 task-2] ERROR o.d.c.w.h.GlobalExceptionHandler - 这条样本已判无效，不能提交石蜡包埋送样
2026-09-22 11:28:47 [XNIO-1 task-2] ERROR o.d.c.w.h.GlobalExceptionHandler - 所挂样本还未核验有效（当前状态：pending），不能判为有效
2026-09-22 11:28:47 [XNIO-1 task-2] ERROR o.d.c.w.h.GlobalExceptionHandler - 待核验 / 无效的送样不能通过普通保存修改（核验与改判只走 PUT /lqg/embed/{id}/verify）
2026-09-22 11:28:47 [XNIO-1 task-2] ERROR o.d.c.w.h.GlobalExceptionHandler - 只能修改重提本人提交的送样（同组的可以看，但不能改）
2026-09-22 11:28:47 [XNIO-1 task-2] ERROR o.d.c.w.h.GlobalExceptionHandler - 只能修改重提本人提交的送样（同组的可以看，但不能改）
2026-09-22 11:28:48 [XNIO-1 task-2] ERROR o.d.c.w.h.GlobalExceptionHandler - 样本不存在
2026-09-22 11:28:48 [XNIO-1 task-2] ERROR o.d.c.w.h.GlobalExceptionHandler - 样本不存在
2026-09-22 11:28:50 [XNIO-1 task-2] ERROR o.d.c.s.h.SaTokenExceptionHandler - 请求地址'/lqg/sample/export/tissue',权限码校验失败'无此权限：lqg:sample:export'
2026-09-22 11:28:53 [XNIO-1 task-2] ERROR o.d.c.w.h.GlobalExceptionHandler - 待核验 / 无效的送样不能通过普通保存修改（核验与改判只走 PUT /lqg/embed/{id}/verify）
2026-09-22 11:28:54 [XNIO-1 task-2] ERROR o.d.c.w.h.GlobalExceptionHandler - 待核验 / 无效的送样不能通过普通保存修改（核验与改判只走 PUT /lqg/embed/{id}/verify）
2026-09-22 11:28:55 [XNIO-1 task-2] ERROR o.d.c.w.h.GlobalExceptionHandler - 判有效必须填石蜡块编号
2026-09-22 11:28:55 [XNIO-1 task-2] ERROR o.d.c.w.h.GlobalExceptionHandler - 判无效必须写原因
2026-09-22 11:39:08 [XNIO-1 task-2] ERROR o.d.c.s.h.SaTokenExceptionHandler - 请求地址'/lqg/sys/ping',认证失败'未能读取到有效 token',无法访问系统资源
2026-09-22 11:39:32 [XNIO-1 task-2] ERROR o.d.c.w.h.GlobalExceptionHandler - 代数格式不对，应形如 P3（P + 1~3 位数字）：3
2026-09-22 11:39:32 [XNIO-1 task-2] ERROR o.d.c.w.h.GlobalExceptionHandler - 冻存数量必须是正整数（当前：0）
2026-09-22 11:39:32 [XNIO-1 task-2] ERROR o.d.c.w.h.GlobalExceptionHandler - 直接进液氮（暂存 -80 选「否」）必须填液氮储存位置
2026-09-22 11:39:32 [XNIO-1 task-2] ERROR o.d.c.w.h.GlobalExceptionHandler - 冻存只能挂到已核验有效的样本（当前状态：pending）
2026-09-22 11:39:32 [XNIO-1 task-2] ERROR o.d.c.w.h.GlobalExceptionHandler - 转移至液氮时间（2026-09-01）不能早于冻存时间（2026-09-17）
2026-09-22 11:39:33 [XNIO-1 task-2] ERROR o.d.c.w.h.GlobalExceptionHandler - 已取走 2 支，冻存数量不能少于 2
2026-09-22 11:39:33 [XNIO-1 task-2] ERROR o.d.c.w.h.GlobalExceptionHandler - 该批次已有 1 笔出入库登记，不能删除（删了「谁取走了几支」就查不到了）
2026-09-22 11:39:55 [XNIO-1 task-2] ERROR o.d.c.w.h.GlobalExceptionHandler - 代数格式不对，应形如 P3（P + 1~3 位数字）：3
2026-09-22 11:39:55 [XNIO-1 task-2] ERROR o.d.c.w.h.GlobalExceptionHandler - 冻存数量必须是正整数（当前：0）
2026-09-22 11:39:55 [XNIO-1 task-2] ERROR o.d.c.w.h.GlobalExceptionHandler - 直接进液氮（暂存 -80 选「否」）必须填液氮储存位置
2026-09-22 11:39:55 [XNIO-1 task-2] ERROR o.d.c.w.h.GlobalExceptionHandler - 冻存只能挂到已核验有效的样本（当前状态：pending）
2026-09-22 11:39:55 [XNIO-1 task-2] ERROR o.d.c.w.h.GlobalExceptionHandler - 转移至液氮时间（2026-09-01）不能早于冻存时间（2026-09-17）
2026-09-22 11:39:55 [XNIO-1 task-2] ERROR o.d.c.w.h.GlobalExceptionHandler - 冻存样品名称不能为空
2026-09-22 11:39:55 [XNIO-1 task-2] ERROR o.d.c.w.h.GlobalExceptionHandler - 缺少所挂样本 id
2026-09-22 11:39:56 [XNIO-1 task-2] ERROR o.d.c.w.h.GlobalExceptionHandler - 已取走 2 支，冻存数量不能少于 2
2026-09-22 11:39:56 [XNIO-1 task-2] ERROR o.d.c.w.h.GlobalExceptionHandler - 该批次已有 1 笔出入库登记，不能删除（删了「谁取走了几支」就查不到了）
2026-09-22 11:39:57 [XNIO-1 task-2] ERROR o.d.c.w.h.GlobalExceptionHandler - 冻存批次不存在
2026-09-22 11:39:57 [XNIO-1 task-2] ERROR o.d.c.w.h.GlobalExceptionHandler - 该样本名下已有包埋 / 冻存 / 质控文档，不能改判无效
2026-09-22 11:39:59 [XNIO-1 task-2] ERROR o.d.c.w.h.GlobalExceptionHandler - 该样本名下已有包埋 / 冻存 / 质控文档，不能改判无效
2026-09-22 11:39:59 [XNIO-1 task-2] ERROR o.d.c.s.h.SaTokenExceptionHandler - 请求地址'/lqg/cryo/batch/list',权限码校验失败'无此权限：lqg:cryo:list'
2026-09-22 11:39:59 [XNIO-1 task-2] ERROR o.d.c.s.h.SaTokenExceptionHandler - 请求地址'/lqg/cryo/batch',权限码校验失败'无此权限：lqg:cryo:add'
2026-09-22 11:40:09 [XNIO-1 task-2] ERROR o.d.c.w.h.GlobalExceptionHandler - 判有效必须同时给收样日期与内部编号，缺少：内部编号
2026-09-22 11:40:09 [XNIO-1 task-2] ERROR o.d.c.w.h.GlobalExceptionHandler - 内部编号「T-hli01」已存在，请换一个
2026-09-22 11:40:09 [XNIO-1 task-2] ERROR o.d.c.w.h.GlobalExceptionHandler - 判无效必须写原因
2026-09-22 11:40:21 [XNIO-1 task-2] ERROR o.d.c.w.h.GlobalExceptionHandler - 「无染色」与其余染色互斥，不能同时选
2026-09-22 11:40:21 [XNIO-1 task-2] ERROR o.d.c.w.h.GlobalExceptionHandler - 选了「其他」必须写具体染色名称
2026-09-22 11:40:21 [XNIO-1 task-2] ERROR o.d.c.w.h.GlobalExceptionHandler - 染色「PAS」不在字典 lqg_stain_type 里（只能是 HE / IF / IHC / OTHER / NONE）
2026-09-22 11:40:21 [XNIO-1 task-2] ERROR o.d.c.w.h.GlobalExceptionHandler - 内部录入只能挂到已核验有效的样本（当前状态：pending）
2026-09-22 11:40:21 [XNIO-1 task-2] ERROR o.d.c.w.h.GlobalExceptionHandler - 石蜡块编号「T-E01-1」已存在，请换一个
2026-09-22 11:40:21 [XNIO-1 task-2] ERROR o.d.c.w.h.GlobalExceptionHandler - 内部录入石蜡包埋必须填石蜡块编号
2026-09-22 11:40:22 [XNIO-1 task-2] ERROR o.d.c.w.h.GlobalExceptionHandler - 该样本名下已有包埋 / 冻存 / 质控文档，不能改判无效
2026-09-22 11:44:22 [XNIO-1 task-2] ERROR o.d.c.s.h.SaTokenExceptionHandler - 请求地址'/lqg/sys/ping',认证失败'未能读取到有效 token',无法访问系统资源
2026-09-22 11:44:28 [XNIO-1 task-2] ERROR o.d.c.w.h.GlobalExceptionHandler - 代数格式不对，应形如 P3（P + 1~3 位数字）：3
2026-09-22 11:44:28 [XNIO-1 task-2] ERROR o.d.c.w.h.GlobalExceptionHandler - 冻存数量必须是正整数（当前：0）
2026-09-22 11:44:28 [XNIO-1 task-2] ERROR o.d.c.w.h.GlobalExceptionHandler - 直接进液氮（暂存 -80 选「否」）必须填液氮储存位置
2026-09-22 11:44:29 [XNIO-1 task-2] ERROR o.d.c.w.h.GlobalExceptionHandler - 冻存只能挂到已核验有效的样本（当前状态：pending）
2026-09-22 11:44:29 [XNIO-1 task-2] ERROR o.d.c.w.h.GlobalExceptionHandler - 转移至液氮时间（2026-09-01）不能早于冻存时间（2026-09-17）
2026-09-22 11:44:29 [XNIO-1 task-2] ERROR o.d.c.w.h.GlobalExceptionHandler - 已取走 2 支，冻存数量不能少于 2
2026-09-22 11:44:29 [XNIO-1 task-2] ERROR o.d.c.w.h.GlobalExceptionHandler - 该批次已有 1 笔出入库登记，不能删除（删了「谁取走了几支」就查不到了）
2026-09-22 11:44:36 [XNIO-1 task-2] ERROR o.d.c.w.h.GlobalExceptionHandler - 判有效必须同时给收样日期与内部编号，缺少：内部编号
2026-09-22 11:44:36 [XNIO-1 task-2] ERROR o.d.c.w.h.GlobalExceptionHandler - 内部编号「T-hli01」已存在，请换一个
2026-09-22 11:44:36 [XNIO-1 task-2] ERROR o.d.c.w.h.GlobalExceptionHandler - 判无效必须写原因
2026-09-22 11:44:40 [XNIO-1 task-2] ERROR o.d.c.w.h.GlobalExceptionHandler - 「无染色」与其余染色互斥，不能同时选
2026-09-22 11:44:40 [XNIO-1 task-2] ERROR o.d.c.w.h.GlobalExceptionHandler - 选了「其他」必须写具体染色名称
2026-09-22 11:44:40 [XNIO-1 task-2] ERROR o.d.c.w.h.GlobalExceptionHandler - 染色「PAS」不在字典 lqg_stain_type 里（只能是 HE / IF / IHC / OTHER / NONE）
2026-09-22 11:44:40 [XNIO-1 task-2] ERROR o.d.c.w.h.GlobalExceptionHandler - 内部录入只能挂到已核验有效的样本（当前状态：pending）
2026-09-22 11:44:40 [XNIO-1 task-2] ERROR o.d.c.w.h.GlobalExceptionHandler - 石蜡块编号「T-E01-1」已存在，请换一个
2026-09-22 11:44:40 [XNIO-1 task-2] ERROR o.d.c.w.h.GlobalExceptionHandler - 内部录入石蜡包埋必须填石蜡块编号
2026-09-22 11:44:41 [XNIO-1 task-2] ERROR o.d.c.w.h.GlobalExceptionHandler - 该样本名下已有包埋 / 冻存 / 质控文档，不能改判无效
2026-09-22 11:45:00 [XNIO-1 task-2] ERROR o.d.c.w.h.GlobalExceptionHandler - 代数格式不对，应形如 P3（P + 1~3 位数字）：3
2026-09-22 11:45:00 [XNIO-1 task-2] ERROR o.d.c.w.h.GlobalExceptionHandler - 冻存数量必须是正整数（当前：0）
2026-09-22 11:45:00 [XNIO-1 task-2] ERROR o.d.c.w.h.GlobalExceptionHandler - 直接进液氮（暂存 -80 选「否」）必须填液氮储存位置
2026-09-22 11:45:00 [XNIO-1 task-2] ERROR o.d.c.w.h.GlobalExceptionHandler - 冻存只能挂到已核验有效的样本（当前状态：pending）
2026-09-22 11:45:00 [XNIO-1 task-2] ERROR o.d.c.w.h.GlobalExceptionHandler - 转移至液氮时间（2026-09-01）不能早于冻存时间（2026-09-17）
2026-09-22 11:45:00 [XNIO-1 task-2] ERROR o.d.c.w.h.GlobalExceptionHandler - 冻存样品名称不能为空
2026-09-22 11:45:00 [XNIO-1 task-2] ERROR o.d.c.w.h.GlobalExceptionHandler - 缺少所挂样本 id
2026-09-22 11:45:01 [XNIO-1 task-2] ERROR o.d.c.w.h.GlobalExceptionHandler - 已取走 2 支，冻存数量不能少于 2
2026-09-22 11:45:01 [XNIO-1 task-2] ERROR o.d.c.w.h.GlobalExceptionHandler - 该批次已有 1 笔出入库登记，不能删除（删了「谁取走了几支」就查不到了）
2026-09-22 11:45:02 [XNIO-1 task-2] ERROR o.d.c.w.h.GlobalExceptionHandler - 冻存批次不存在
2026-09-22 11:45:02 [XNIO-1 task-2] ERROR o.d.c.w.h.GlobalExceptionHandler - 该样本名下已有包埋 / 冻存 / 质控文档，不能改判无效
2026-09-22 11:45:04 [XNIO-1 task-2] ERROR o.d.c.w.h.GlobalExceptionHandler - 该样本名下已有包埋 / 冻存 / 质控文档，不能改判无效
2026-09-22 11:45:04 [XNIO-1 task-2] ERROR o.d.c.s.h.SaTokenExceptionHandler - 请求地址'/lqg/cryo/batch/list',权限码校验失败'无此权限：lqg:cryo:list'
2026-09-22 11:45:04 [XNIO-1 task-2] ERROR o.d.c.s.h.SaTokenExceptionHandler - 请求地址'/lqg/cryo/batch',权限码校验失败'无此权限：lqg:cryo:add'
2026-09-22 11:54:50 [main] ERROR o.s.boot.SpringApplication - Application run failed
org.springframework.beans.factory.UnsatisfiedDependencyException: Error creating bean with name 'authController' defined in URL [jar:nested:/Users/wkui/Project/profile/project/freelance/projects/jiangxia-organoid/code/RuoYi-Vue-Plus/ruoyi-admin/target/ruoyi-admin.jar/!BOOT-INF/classes/!/org/dromara/web/controller/AuthController.class]: Unsatisfied dependency expressed through constructor parameter 1: Error creating bean with name 'sysLoginService' defined in URL [jar:nested:/Users/wkui/Project/profile/project/freelance/projects/jiangxia-organoid/code/RuoYi-Vue-Plus/ruoyi-admin/target/ruoyi-admin.jar/!BOOT-INF/classes/!/org/dromara/web/service/SysLoginService.class]: Unsatisfied dependency expressed through constructor parameter 0: Error creating bean with name 'sysTenantServiceImpl' defined in URL [jar:nested:/Users/wkui/Project/profile/project/freelance/projects/jiangxia-organoid/code/RuoYi-Vue-Plus/ruoyi-admin/target/ruoyi-admin.jar/!BOOT-INF/lib/ruoyi-system-5.5.3.jar!/org/dromara/system/service/impl/SysTenantServiceImpl.class]: Unsatisfied dependency expressed through constructor parameter 0: Error creating bean with name 'sysTenantMapper' defined in URL [jar:nested:/Users/wkui/Project/profile/project/freelance/projects/jiangxia-organoid/code/RuoYi-Vue-Plus/ruoyi-admin/target/ruoyi-admin.jar/!BOOT-INF/lib/ruoyi-system-5.5.3.jar!/org/dromara/system/mapper/SysTenantMapper.class]: Unsatisfied dependency expressed through bean property 'sqlSessionFactory': Error creating bean with name 'sqlSessionFactory' defined in class path resource [com/baomidou/mybatisplus/autoconfigure/MybatisPlusAutoConfiguration.class]: Failed to instantiate [org.apache.ibatis.session.SqlSessionFactory]: Factory method 'sqlSessionFactory' threw exception with message: The alias 'CryoFlowVo' is already mapped to the value 'org.dromara.lqg.cryo.flow.domain.vo.CryoFlowVo'.
	at org.springframework.beans.factory.support.ConstructorResolver.createArgumentArray(ConstructorResolver.java:804)
	at org.springframework.beans.factory.support.ConstructorResolver.autowireConstructor(ConstructorResolver.java:240)
	at org.springframework.beans.factory.support.AbstractAutowireCapableBeanFactory.autowireConstructor(AbstractAutowireCapableBeanFactory.java:1395)
	at org.springframework.beans.factory.support.AbstractAutowireCapableBeanFactory.createBeanInstance(AbstractAutowireCapableBeanFactory.java:1232)
	at org.springframework.beans.factory.support.AbstractAutowireCapableBeanFactory.doCreateBean(AbstractAutowireCapableBeanFactory.java:569)
	at org.springframework.beans.factory.support.AbstractAutowireCapableBeanFactory.createBean(AbstractAutowireCapableBeanFactory.java:529)
	at org.springframework.beans.factory.support.AbstractBeanFactory.lambda$doGetBean$0(AbstractBeanFactory.java:339)
	at org.springframework.beans.factory.support.DefaultSingletonBeanRegistry.getSingleton(DefaultSingletonBeanRegistry.java:373)
	at org.springframework.beans.factory.support.AbstractBeanFactory.doGetBean(AbstractBeanFactory.java:337)
	at org.springframework.beans.factory.support.AbstractBeanFactory.getBean(AbstractBeanFactory.java:202)
	at org.springframework.beans.factory.support.DefaultListableBeanFactory.instantiateSingleton(DefaultListableBeanFactory.java:1228)
	at org.springframework.beans.factory.support.DefaultListableBeanFactory.preInstantiateSingleton(DefaultListableBeanFactory.java:1194)
	at org.springframework.beans.factory.support.DefaultListableBeanFactory.preInstantiateSingletons(DefaultListableBeanFactory.java:1130)
	at org.springframework.context.support.AbstractApplicationContext.finishBeanFactoryInitialization(AbstractApplicationContext.java:990)
	at org.springframework.context.support.AbstractApplicationContext.refresh(AbstractApplicationContext.java:627)
	at org.springframework.boot.web.servlet.context.ServletWebServerApplicationContext.refresh(ServletWebServerApplicationContext.java:146)
	at org.springframework.boot.SpringApplication.refresh(SpringApplication.java:752)
	at org.springframework.boot.SpringApplication.refreshContext(SpringApplication.java:439)
	at org.springframework.boot.SpringApplication.run(SpringApplication.java:318)
	at org.dromara.DromaraApplication.main(DromaraApplication.java:19)
	at java.base/jdk.internal.reflect.DirectMethodHandleAccessor.invoke(DirectMethodHandleAccessor.java:103)
	at java.base/java.lang.reflect.Method.invoke(Method.java:580)
	at org.springframework.boot.loader.launch.Launcher.launch(Launcher.java:106)
	at org.springframework.boot.loader.launch.Launcher.launch(Launcher.java:64)
	at org.springframework.boot.loader.launch.JarLauncher.main(JarLauncher.java:40)
	Suppressed: java.lang.NullPointerException: Cannot invoke "java.util.List.iterator()" because "this.closeables" is null
		at org.springframework.boot.web.embedded.undertow.UndertowWebServer.destroy(UndertowWebServer.java:293)
		at org.springframework.boot.web.servlet.context.ServletWebServerApplicationContext.refresh(ServletWebServerApplicationContext.java:153)
		... 9 common frames omitted
Caused by: org.springframework.beans.factory.UnsatisfiedDependencyException: Error creating bean with name 'sysLoginService' defined in URL [jar:nested:/Users/wkui/Project/profile/project/freelance/projects/jiangxia-organoid/code/RuoYi-Vue-Plus/ruoyi-admin/target/ruoyi-admin.jar/!BOOT-INF/classes/!/org/dromara/web/service/SysLoginService.class]: Unsatisfied dependency expressed through constructor parameter 0: Error creating bean with name 'sysTenantServiceImpl' defined in URL [jar:nested:/Users/wkui/Project/profile/project/freelance/projects/jiangxia-organoid/code/RuoYi-Vue-Plus/ruoyi-admin/target/ruoyi-admin.jar/!BOOT-INF/lib/ruoyi-system-5.5.3.jar!/org/dromara/system/service/impl/SysTenantServiceImpl.class]: Unsatisfied dependency expressed through constructor parameter 0: Error creating bean with name 'sysTenantMapper' defined in URL [jar:nested:/Users/wkui/Project/profile/project/freelance/projects/jiangxia-organoid/code/RuoYi-Vue-Plus/ruoyi-admin/target/ruoyi-admin.jar/!BOOT-INF/lib/ruoyi-system-5.5.3.jar!/org/dromara/system/mapper/SysTenantMapper.class]: Unsatisfied dependency expressed through bean property 'sqlSessionFactory': Error creating bean with name 'sqlSessionFactory' defined in class path resource [com/baomidou/mybatisplus/autoconfigure/MybatisPlusAutoConfiguration.class]: Failed to instantiate [org.apache.ibatis.session.SqlSessionFactory]: Factory method 'sqlSessionFactory' threw exception with message: The alias 'CryoFlowVo' is already mapped to the value 'org.dromara.lqg.cryo.flow.domain.vo.CryoFlowVo'.
	at org.springframework.beans.factory.support.ConstructorResolver.createArgumentArray(ConstructorResolver.java:804)
	at org.springframework.beans.factory.support.ConstructorResolver.autowireConstructor(ConstructorResolver.java:240)
	at org.springframework.beans.factory.support.AbstractAutowireCapableBeanFactory.autowireConstructor(AbstractAutowireCapableBeanFactory.java:1395)
	at org.springframework.beans.factory.support.AbstractAutowireCapableBeanFactory.createBeanInstance(AbstractAutowireCapableBeanFactory.java:1232)
	at org.springframework.beans.factory.support.AbstractAutowireCapableBeanFactory.doCreateBean(AbstractAutowireCapableBeanFactory.java:569)
	at org.springframework.beans.factory.support.AbstractAutowireCapableBeanFactory.createBean(AbstractAutowireCapableBeanFactory.java:529)
	at org.springframework.beans.factory.support.AbstractBeanFactory.lambda$doGetBean$0(AbstractBeanFactory.java:339)
	at org.springframework.beans.factory.support.DefaultSingletonBeanRegistry.getSingleton(DefaultSingletonBeanRegistry.java:373)
	at org.springframework.beans.factory.support.AbstractBeanFactory.doGetBean(AbstractBeanFactory.java:337)
	at org.springframework.beans.factory.support.AbstractBeanFactory.getBean(AbstractBeanFactory.java:202)
	at org.springframework.beans.factory.config.DependencyDescriptor.resolveCandidate(DependencyDescriptor.java:254)
	at org.springframework.beans.factory.support.DefaultListableBeanFactory.doResolveDependency(DefaultListableBeanFactory.java:1770)
	at org.springframework.beans.factory.support.DefaultListableBeanFactory.resolveDependency(DefaultListableBeanFactory.java:1653)
	at org.springframework.beans.factory.support.ConstructorResolver.resolveAutowiredArgument(ConstructorResolver.java:913)
	at org.springframework.beans.factory.support.ConstructorResolver.createArgumentArray(ConstructorResolver.java:791)
	... 24 common frames omitted
Caused by: org.springframework.beans.factory.UnsatisfiedDependencyException: Error creating bean with name 'sysTenantServiceImpl' defined in URL [jar:nested:/Users/wkui/Project/profile/project/freelance/projects/jiangxia-organoid/code/RuoYi-Vue-Plus/ruoyi-admin/target/ruoyi-admin.jar/!BOOT-INF/lib/ruoyi-system-5.5.3.jar!/org/dromara/system/service/impl/SysTenantServiceImpl.class]: Unsatisfied dependency expressed through constructor parameter 0: Error creating bean with name 'sysTenantMapper' defined in URL [jar:nested:/Users/wkui/Project/profile/project/freelance/projects/jiangxia-organoid/code/RuoYi-Vue-Plus/ruoyi-admin/target/ruoyi-admin.jar/!BOOT-INF/lib/ruoyi-system-5.5.3.jar!/org/dromara/system/mapper/SysTenantMapper.class]: Unsatisfied dependency expressed through bean property 'sqlSessionFactory': Error creating bean with name 'sqlSessionFactory' defined in class path resource [com/baomidou/mybatisplus/autoconfigure/MybatisPlusAutoConfiguration.class]: Failed to instantiate [org.apache.ibatis.session.SqlSessionFactory]: Factory method 'sqlSessionFactory' threw exception with message: The alias 'CryoFlowVo' is already mapped to the value 'org.dromara.lqg.cryo.flow.domain.vo.CryoFlowVo'.
	at org.springframework.beans.factory.support.ConstructorResolver.createArgumentArray(ConstructorResolver.java:804)
	at org.springframework.beans.factory.support.ConstructorResolver.autowireConstructor(ConstructorResolver.java:240)
	at org.springframework.beans.factory.support.AbstractAutowireCapableBeanFactory.autowireConstructor(AbstractAutowireCapableBeanFactory.java:1395)
	at org.springframework.beans.factory.support.AbstractAutowireCapableBeanFactory.createBeanInstance(AbstractAutowireCapableBeanFactory.java:1232)
	at org.springframework.beans.factory.support.AbstractAutowireCapableBeanFactory.doCreateBean(AbstractAutowireCapableBeanFactory.java:569)
	at org.springframework.beans.factory.support.AbstractAutowireCapableBeanFactory.createBean(AbstractAutowireCapableBeanFactory.java:529)
	at org.springframework.beans.factory.support.AbstractBeanFactory.lambda$doGetBean$0(AbstractBeanFactory.java:339)
	at org.springframework.beans.factory.support.DefaultSingletonBeanRegistry.getSingleton(DefaultSingletonBeanRegistry.java:373)
	at org.springframework.beans.factory.support.AbstractBeanFactory.doGetBean(AbstractBeanFactory.java:337)
	at org.springframework.beans.factory.support.AbstractBeanFactory.getBean(AbstractBeanFactory.java:202)
	at org.springframework.beans.factory.config.DependencyDescriptor.resolveCandidate(DependencyDescriptor.java:254)
	at org.springframework.beans.factory.support.DefaultListableBeanFactory.doResolveDependency(DefaultListableBeanFactory.java:1770)
	at org.springframework.beans.factory.support.DefaultListableBeanFactory.resolveDependency(DefaultListableBeanFactory.java:1653)
	at org.springframework.beans.factory.support.ConstructorResolver.resolveAutowiredArgument(ConstructorResolver.java:913)
	at org.springframework.beans.factory.support.ConstructorResolver.createArgumentArray(ConstructorResolver.java:791)
	... 38 common frames omitted
Caused by: org.springframework.beans.factory.UnsatisfiedDependencyException: Error creating bean with name 'sysTenantMapper' defined in URL [jar:nested:/Users/wkui/Project/profile/project/freelance/projects/jiangxia-organoid/code/RuoYi-Vue-Plus/ruoyi-admin/target/ruoyi-admin.jar/!BOOT-INF/lib/ruoyi-system-5.5.3.jar!/org/dromara/system/mapper/SysTenantMapper.class]: Unsatisfied dependency expressed through bean property 'sqlSessionFactory': Error creating bean with name 'sqlSessionFactory' defined in class path resource [com/baomidou/mybatisplus/autoconfigure/MybatisPlusAutoConfiguration.class]: Failed to instantiate [org.apache.ibatis.session.SqlSessionFactory]: Factory method 'sqlSessionFactory' threw exception with message: The alias 'CryoFlowVo' is already mapped to the value 'org.dromara.lqg.cryo.flow.domain.vo.CryoFlowVo'.
	at org.springframework.beans.factory.support.AbstractAutowireCapableBeanFactory.autowireByType(AbstractAutowireCapableBeanFactory.java:1556)
	at org.springframework.beans.factory.support.AbstractAutowireCapableBeanFactory.populateBean(AbstractAutowireCapableBeanFactory.java:1450)
	at org.springframework.beans.factory.support.AbstractAutowireCapableBeanFactory.doCreateBean(AbstractAutowireCapableBeanFactory.java:606)
	at org.springframework.beans.factory.support.AbstractAutowireCapableBeanFactory.createBean(AbstractAutowireCapableBeanFactory.java:529)
	at org.springframework.beans.factory.support.AbstractBeanFactory.lambda$doGetBean$0(AbstractBeanFactory.java:339)
	at org.springframework.beans.factory.support.DefaultSingletonBeanRegistry.getSingleton(DefaultSingletonBeanRegistry.java:373)
	at org.springframework.beans.factory.support.AbstractBeanFactory.doGetBean(AbstractBeanFactory.java:337)
	at org.springframework.beans.factory.support.AbstractBeanFactory.getBean(AbstractBeanFactory.java:202)
	at org.springframework.beans.factory.config.DependencyDescriptor.resolveCandidate(DependencyDescriptor.java:254)
	at org.springframework.beans.factory.support.DefaultListableBeanFactory.doResolveDependency(DefaultListableBeanFactory.java:1770)
	at org.springframework.beans.factory.support.DefaultListableBeanFactory.resolveDependency(DefaultListableBeanFactory.java:1653)
	at org.springframework.beans.factory.support.ConstructorResolver.resolveAutowiredArgument(ConstructorResolver.java:913)
	at org.springframework.beans.factory.support.ConstructorResolver.createArgumentArray(ConstructorResolver.java:791)
	... 52 common frames omitted
Caused by: org.springframework.beans.factory.BeanCreationException: Error creating bean with name 'sqlSessionFactory' defined in class path resource [com/baomidou/mybatisplus/autoconfigure/MybatisPlusAutoConfiguration.class]: Failed to instantiate [org.apache.ibatis.session.SqlSessionFactory]: Factory method 'sqlSessionFactory' threw exception with message: The alias 'CryoFlowVo' is already mapped to the value 'org.dromara.lqg.cryo.flow.domain.vo.CryoFlowVo'.
	at org.springframework.beans.factory.support.ConstructorResolver.instantiate(ConstructorResolver.java:657)
	at org.springframework.beans.factory.support.ConstructorResolver.instantiateUsingFactoryMethod(ConstructorResolver.java:645)
	at org.springframework.beans.factory.support.AbstractAutowireCapableBeanFactory.instantiateUsingFactoryMethod(AbstractAutowireCapableBeanFactory.java:1375)
	at org.springframework.beans.factory.support.AbstractAutowireCapableBeanFactory.createBeanInstance(AbstractAutowireCapableBeanFactory.java:1205)
	at org.springframework.beans.factory.support.AbstractAutowireCapableBeanFactory.doCreateBean(AbstractAutowireCapableBeanFactory.java:569)
	at org.springframework.beans.factory.support.AbstractAutowireCapableBeanFactory.createBean(AbstractAutowireCapableBeanFactory.java:529)
	at org.springframework.beans.factory.support.AbstractBeanFactory.lambda$doGetBean$0(AbstractBeanFactory.java:339)
	at org.springframework.beans.factory.support.DefaultSingletonBeanRegistry.getSingleton(DefaultSingletonBeanRegistry.java:373)
	at org.springframework.beans.factory.support.AbstractBeanFactory.doGetBean(AbstractBeanFactory.java:337)
	at org.springframework.beans.factory.support.AbstractBeanFactory.getBean(AbstractBeanFactory.java:202)
	at org.springframework.beans.factory.config.DependencyDescriptor.resolveCandidate(DependencyDescriptor.java:254)
	at org.springframework.beans.factory.support.DefaultListableBeanFactory.doResolveDependency(DefaultListableBeanFactory.java:1770)
	at org.springframework.beans.factory.support.DefaultListableBeanFactory.resolveDependency(DefaultListableBeanFactory.java:1653)
	at org.springframework.beans.factory.support.AbstractAutowireCapableBeanFactory.autowireByType(AbstractAutowireCapableBeanFactory.java:1541)
	... 64 common frames omitted
Caused by: org.springframework.beans.BeanInstantiationException: Failed to instantiate [org.apache.ibatis.session.SqlSessionFactory]: Factory method 'sqlSessionFactory' threw exception with message: The alias 'CryoFlowVo' is already mapped to the value 'org.dromara.lqg.cryo.flow.domain.vo.CryoFlowVo'.
	at org.springframework.beans.factory.support.SimpleInstantiationStrategy.lambda$instantiate$0(SimpleInstantiationStrategy.java:200)
	at org.springframework.beans.factory.support.SimpleInstantiationStrategy.instantiateWithFactoryMethod(SimpleInstantiationStrategy.java:89)
	at org.springframework.beans.factory.support.SimpleInstantiationStrategy.instantiate(SimpleInstantiationStrategy.java:169)
	at org.springframework.beans.factory.support.ConstructorResolver.instantiate(ConstructorResolver.java:653)
	... 77 common frames omitted
Caused by: org.apache.ibatis.type.TypeException: The alias 'CryoFlowVo' is already mapped to the value 'org.dromara.lqg.cryo.flow.domain.vo.CryoFlowVo'.
	at org.apache.ibatis.type.TypeAliasRegistry.registerAlias(TypeAliasRegistry.java:166)
	at org.apache.ibatis.type.TypeAliasRegistry.registerAlias(TypeAliasRegistry.java:155)
	at java.base/java.util.stream.ForEachOps$ForEachOp$OfRef.accept(ForEachOps.java:184)
	at java.base/java.util.stream.ReferencePipeline$2$1.accept(ReferencePipeline.java:179)
	at java.base/java.util.stream.ReferencePipeline$2$1.accept(ReferencePipeline.java:179)
	at java.base/java.util.stream.ReferencePipeline$2$1.accept(ReferencePipeline.java:179)
	at java.base/java.util.HashMap$KeySpliterator.forEachRemaining(HashMap.java:1715)
	at java.base/java.util.stream.AbstractPipeline.copyInto(AbstractPipeline.java:509)
	at java.base/java.util.stream.AbstractPipeline.wrapAndCopyInto(AbstractPipeline.java:499)
	at java.base/java.util.stream.ForEachOps$ForEachOp.evaluateSequential(ForEachOps.java:151)
	at java.base/java.util.stream.ForEachOps$ForEachOp$OfRef.evaluateSequential(ForEachOps.java:174)
	at java.base/java.util.stream.AbstractPipeline.evaluate(AbstractPipeline.java:234)
	at java.base/java.util.stream.ReferencePipeline.forEach(ReferencePipeline.java:596)
	at com.baomidou.mybatisplus.extension.spring.MybatisSqlSessionFactoryBean.buildSqlSessionFactory(MybatisSqlSessionFactoryBean.java:605)
	at com.baomidou.mybatisplus.extension.spring.MybatisSqlSessionFactoryBean.afterPropertiesSet(MybatisSqlSessionFactoryBean.java:557)
	at com.baomidou.mybatisplus.extension.spring.MybatisSqlSessionFactoryBean.getObject(MybatisSqlSessionFactoryBean.java:715)
	at com.baomidou.mybatisplus.autoconfigure.MybatisPlusAutoConfiguration.sqlSessionFactory(MybatisPlusAutoConfiguration.java:223)
	at java.base/jdk.internal.reflect.DirectMethodHandleAccessor.invoke(DirectMethodHandleAccessor.java:103)
	at java.base/java.lang.reflect.Method.invoke(Method.java:580)
	at org.springframework.beans.factory.support.SimpleInstantiationStrategy.lambda$instantiate$0(SimpleInstantiationStrategy.java:172)
	... 80 common frames omitted
2026-09-22 11:59:06 [XNIO-1 task-2] ERROR o.d.c.w.h.GlobalExceptionHandler - 已取走 11 支，冻存数量不能少于 11
2026-09-22 11:59:06 [XNIO-1 task-2] ERROR o.d.c.w.h.GlobalExceptionHandler - 盘点调整必须写原因
2026-09-22 11:59:07 [XNIO-1 task-2] ERROR o.d.c.w.h.GlobalExceptionHandler - 已取走 10 支，冻存数量不能少于 10
2026-09-22 11:59:07 [XNIO-1 task-2] ERROR o.d.c.w.h.GlobalExceptionHandler - 取走支数必须是正整数（当前：-1）
2026-09-22 11:59:12 [XNIO-1 task-2] ERROR o.d.c.w.h.GlobalExceptionHandler - 登记类型不能改（要换类型请删掉重新登记）
2026-09-22 11:59:12 [XNIO-1 task-2] ERROR o.d.c.w.h.GlobalExceptionHandler - 冻存出入库登记不存在
2026-09-22 11:59:13 [XNIO-1 task-2] ERROR o.d.c.w.h.GlobalExceptionHandler - 已取走 7 支，冻存数量不能少于 7
2026-09-22 11:59:13 [XNIO-1 task-2] ERROR o.d.c.w.h.GlobalExceptionHandler - 已取走 7 支，冻存数量不能少于 7
2026-09-22 11:59:28 [XNIO-1 task-2] ERROR o.d.c.w.h.GlobalExceptionHandler - 已取走 7 支，冻存数量不能少于 7
2026-09-22 12:01:08 [XNIO-1 task-2] ERROR o.d.c.w.h.GlobalExceptionHandler - 取走支数超过当前剩余（当前剩余 3 支，本次要 9 支）
2026-09-22 12:01:08 [XNIO-1 task-2] ERROR o.d.c.w.h.GlobalExceptionHandler - 盘点调整必须写原因
2026-09-22 12:01:08 [XNIO-1 task-2] ERROR o.d.c.w.h.GlobalExceptionHandler - 取走支数超过当前剩余（当前剩余 3 支，本次要 9 支）
2026-09-22 12:01:08 [XNIO-1 task-2] ERROR o.d.c.w.h.GlobalExceptionHandler - 取走支数必须是正整数（当前：-1）
2026-09-22 12:01:33 [XNIO-1 task-2] ERROR o.d.c.w.h.GlobalExceptionHandler - 取走支数超过当前剩余（当前剩余 3 支，本次要 9 支）
2026-09-22 12:01:33 [XNIO-1 task-2] ERROR o.d.c.w.h.GlobalExceptionHandler - 盘点调整必须写原因
2026-09-22 12:01:33 [XNIO-1 task-2] ERROR o.d.c.w.h.GlobalExceptionHandler - 取走支数超过当前剩余（当前剩余 3 支，本次要 9 支）
2026-09-22 12:01:33 [XNIO-1 task-2] ERROR o.d.c.w.h.GlobalExceptionHandler - 取走支数必须是正整数（当前：-1）
2026-09-22 12:01:38 [XNIO-1 task-2] ERROR o.d.c.w.h.GlobalExceptionHandler - 登记类型不能改（要换类型请删掉重新登记）
2026-09-22 12:01:38 [XNIO-1 task-2] ERROR o.d.c.w.h.GlobalExceptionHandler - 冻存出入库登记不存在
2026-09-22 12:01:38 [XNIO-1 task-2] ERROR o.d.c.w.h.GlobalExceptionHandler - 已取走 7 支，冻存数量不能少于 7
2026-09-22 12:01:39 [XNIO-1 task-2] ERROR o.d.c.w.h.GlobalExceptionHandler - 已取走 7 支，冻存数量不能少于 7
2026-09-22 12:01:43 [XNIO-1 task-6] ERROR o.d.c.w.h.GlobalExceptionHandler - 取走支数超过当前剩余（当前剩余 0 支，本次要 2 支）
2026-09-22 12:01:43 [XNIO-1 task-5] ERROR o.d.c.w.h.GlobalExceptionHandler - 取走支数超过当前剩余（当前剩余 0 支，本次要 2 支）
2026-09-22 12:01:43 [XNIO-1 task-5] ERROR o.d.c.w.h.GlobalExceptionHandler - 取走支数超过当前剩余（当前剩余 0 支，本次要 2 支）
2026-09-22 12:01:43 [XNIO-1 task-5] ERROR o.d.c.w.h.GlobalExceptionHandler - 取走支数超过当前剩余（当前剩余 0 支，本次要 2 支）
2026-09-22 12:01:43 [XNIO-1 task-5] ERROR o.d.c.w.h.GlobalExceptionHandler - 转移至液氮时间（2020-01-01）不能早于冻存时间（2026-09-02）
2026-09-22 12:01:56 [XNIO-1 task-5] ERROR o.d.c.w.h.GlobalExceptionHandler - 代数格式不对，应形如 P3（P + 1~3 位数字）：3
2026-09-22 12:01:56 [XNIO-1 task-5] ERROR o.d.c.w.h.GlobalExceptionHandler - 冻存数量必须是正整数（当前：0）
2026-09-22 12:01:56 [XNIO-1 task-5] ERROR o.d.c.w.h.GlobalExceptionHandler - 直接进液氮（暂存 -80 选「否」）必须填液氮储存位置
2026-09-22 12:01:56 [XNIO-1 task-5] ERROR o.d.c.w.h.GlobalExceptionHandler - 冻存只能挂到已核验有效的样本（当前状态：pending）
2026-09-22 12:01:56 [XNIO-1 task-5] ERROR o.d.c.w.h.GlobalExceptionHandler - 转移至液氮时间（2026-09-01）不能早于冻存时间（2026-09-17）
2026-09-22 12:01:57 [XNIO-1 task-2] ERROR o.d.c.w.h.GlobalExceptionHandler - 已取走 2 支，冻存数量不能少于 2
2026-09-22 12:01:57 [XNIO-1 task-2] ERROR o.d.c.w.h.GlobalExceptionHandler - 该批次已有 1 笔出入库登记，不能删除（删了「谁取走了几支」就查不到了）
2026-09-22 12:01:57 [XNIO-1 task-2] ERROR o.d.c.s.h.SaTokenExceptionHandler - 请求地址'/lqg/auth/staff',权限码校验失败'无此权限：lqg:auth:staff:grant'
2026-09-22 12:02:02 [XNIO-1 task-2] ERROR o.d.c.w.h.GlobalExceptionHandler - 判有效必须同时给收样日期与内部编号，缺少：内部编号
2026-09-22 12:02:02 [XNIO-1 task-2] ERROR o.d.c.w.h.GlobalExceptionHandler - 内部编号「T-hli01」已存在，请换一个
2026-09-22 12:02:02 [XNIO-1 task-2] ERROR o.d.c.w.h.GlobalExceptionHandler - 判无效必须写原因
2026-09-22 12:03:00 [XNIO-1 task-2] ERROR o.d.c.w.h.GlobalExceptionHandler - 冻存批次不存在
2026-09-22 12:03:00 [XNIO-1 task-2] ERROR o.d.c.w.h.GlobalExceptionHandler - 冻存出入库登记不存在
2026-09-22 12:03:00 [XNIO-1 task-2] ERROR o.d.c.w.h.GlobalExceptionHandler - 请求地址'/mp/int/cryo/batch/9000003003/flow'不存在.
2026-09-22 12:17:00 [XNIO-1 task-2] ERROR o.d.c.s.h.SaTokenExceptionHandler - 请求地址'/lqg/sys/ping',认证失败'未能读取到有效 token',无法访问系统资源
2026-09-22 12:17:09 [XNIO-1 task-2] ERROR o.d.c.w.h.GlobalExceptionHandler - 请求地址'/lqg/cryo/batch/list',发生未知异常.
org.springframework.jdbc.BadSqlGrammarException: 
### Error querying database.  Cause: org.postgresql.util.PSQLException: ERROR: column "t_lqg_cryo_batch.del_flag" must appear in the GROUP BY clause or be used in an aggregate function
  Position: 88
### The error may exist in org/dromara/lqg/cryo/batch/mapper/CryoBatchMapper.java (best guess)
### The error may involve defaultParameterMap
### The error occurred while setting parameters
### SQL: SELECT COUNT(*) AS total FROM t_lqg_cryo_batch WHERE del_flag = '0' ORDER BY CASE WHEN del_flag = '0' AND in_minus80 = 'Y' AND to_ln2_time IS NULL AND (CURRENT_DATE - freeze_time) >= ? AND init_qty + COALESCE((SELECT SUM(f.delta) FROM t_lqg_cryo_flow f WHERE f.batch_id = t_lqg_cryo_batch.id AND f.del_flag = '0'), 0) > 0 THEN 0 ELSE 1 END ASC, create_time DESC, id DESC
### Cause: org.postgresql.util.PSQLException: ERROR: column "t_lqg_cryo_batch.del_flag" must appear in the GROUP BY clause or be used in an aggregate function
  Position: 88
; bad SQL grammar []
	at org.springframework.jdbc.support.SQLStateSQLExceptionTranslator.doTranslate(SQLStateSQLExceptionTranslator.java:134)
	at org.springframework.jdbc.support.AbstractFallbackSQLExceptionTranslator.translate(AbstractFallbackSQLExceptionTranslator.java:107)
	at org.springframework.jdbc.support.AbstractFallbackSQLExceptionTranslator.translate(AbstractFallbackSQLExceptionTranslator.java:116)
	at org.springframework.jdbc.support.AbstractFallbackSQLExceptionTranslator.translate(AbstractFallbackSQLExceptionTranslator.java:116)
	at org.mybatis.spring.MyBatisExceptionTranslator.translateExceptionIfPossible(MyBatisExceptionTranslator.java:95)
	at org.mybatis.spring.SqlSessionTemplate$SqlSessionInterceptor.invoke(SqlSessionTemplate.java:347)
	at jdk.proxy2/jdk.proxy2.$Proxy156.selectList(Unknown Source)
	at org.mybatis.spring.SqlSessionTemplate.selectList(SqlSessionTemplate.java:194)
	at com.baomidou.mybatisplus.core.override.MybatisMapperMethod.executeForMany(MybatisMapperMethod.java:164)
	at com.baomidou.mybatisplus.core.override.MybatisMapperMethod.execute(MybatisMapperMethod.java:77)
	at com.baomidou.mybatisplus.core.override.MybatisMapperProxy$PlainMethodInvoker.invoke(MybatisMapperProxy.java:156)
	at com.baomidou.mybatisplus.core.override.MybatisMapperProxy.invoke(MybatisMapperProxy.java:93)
	at jdk.proxy2/jdk.proxy2.$Proxy211.selectList(Unknown Source)
	at com.baomidou.mybatisplus.core.mapper.BaseMapper.selectPage(BaseMapper.java:463)
	at java.base/java.lang.invoke.MethodHandle.invokeWithArguments(MethodHandle.java:733)
	at com.baomidou.mybatisplus.core.override.MybatisMapperProxy$DefaultMethodInvoker.invoke(MybatisMapperProxy.java:172)
	at com.baomidou.mybatisplus.core.override.MybatisMapperProxy.invoke(MybatisMapperProxy.java:93)
	at jdk.proxy2/jdk.proxy2.$Proxy211.selectPage(Unknown Source)
	at org.dromara.lqg.cryo.batch.service.CryoQueryService.lambda$list$0(CryoQueryService.java:107)
	at org.dromara.common.mybatis.helper.DataPermissionHelper.ignore(DataPermissionHelper.java:170)
	at org.dromara.lqg.cryo.batch.service.CryoQueryService.list(CryoQueryService.java:98)
	at org.dromara.lqg.cryo.batch.controller.CryoBatchController.list(CryoBatchController.java:71)
	at java.base/jdk.internal.reflect.DirectMethodHandleAccessor.invoke(DirectMethodHandleAccessor.java:103)
	at java.base/java.lang.reflect.Method.invoke(Method.java:580)
	at org.springframework.web.method.support.InvocableHandlerMethod.doInvoke(InvocableHandlerMethod.java:258)
	at org.springframework.web.method.support.InvocableHandlerMethod.invokeForRequest(InvocableHandlerMethod.java:191)
	at org.springframework.web.servlet.mvc.method.annotation.ServletInvocableHandlerMethod.invokeAndHandle(ServletInvocableHandlerMethod.java:118)
	at org.springframework.web.servlet.mvc.method.annotation.RequestMappingHandlerAdapter.invokeHandlerMethod(RequestMappingHandlerAdapter.java:991)
	at org.springframework.web.servlet.mvc.method.annotation.RequestMappingHandlerAdapter.handleInternal(RequestMappingHandlerAdapter.java:896)
	at org.springframework.web.servlet.mvc.method.AbstractHandlerMethodAdapter.handle(AbstractHandlerMethodAdapter.java:87)
	at org.springframework.web.servlet.DispatcherServlet.doDispatch(DispatcherServlet.java:1089)
	at org.springframework.web.servlet.DispatcherServlet.doService(DispatcherServlet.java:979)
	at org.springframework.web.servlet.FrameworkServlet.processRequest(FrameworkServlet.java:1014)
	at org.springframework.web.servlet.FrameworkServlet.doGet(FrameworkServlet.java:903)
	at jakarta.servlet.http.HttpServlet.service(HttpServlet.java:527)
	at org.springframework.web.servlet.FrameworkServlet.service(FrameworkServlet.java:885)
	at jakarta.servlet.http.HttpServlet.service(HttpServlet.java:614)
	at io.undertow.servlet.handlers.ServletHandler.handleRequest(ServletHandler.java:74)
	at io.undertow.servlet.handlers.FilterHandler$FilterChainImpl.doFilter(FilterHandler.java:129)
	at org.springframework.web.filter.CorsFilter.doFilterInternal(CorsFilter.java:91)
	at org.springframework.web.filter.OncePerRequestFilter.doFilter(OncePerRequestFilter.java:116)
	at io.undertow.servlet.core.ManagedFilter.doFilter(ManagedFilter.java:67)
	at io.undertow.servlet.handlers.FilterHandler$FilterChainImpl.doFilter(FilterHandler.java:131)
	at org.dromara.common.web.filter.RepeatableFilter.doFilter(RepeatableFilter.java:32)
	at io.undertow.servlet.core.ManagedFilter.doFilter(ManagedFilter.java:67)
	at io.undertow.servlet.handlers.FilterHandler$FilterChainImpl.doFilter(FilterHandler.java:131)
	at cn.dev33.satoken.filter.SaServletFilter.doFilter(SaServletFilter.java:143)
	at io.undertow.servlet.core.ManagedFilter.doFilter(ManagedFilter.java:67)
	at io.undertow.servlet.handlers.FilterHandler$FilterChainImpl.doFilter(FilterHandler.java:131)
	at cn.dev33.satoken.filter.SaFirewallCheckFilterForJakartaServlet.doFilter(SaFirewallCheckFilterForJakartaServlet.java:69)
	at io.undertow.servlet.core.ManagedFilter.doFilter(ManagedFilter.java:67)
	at io.undertow.servlet.handlers.FilterHandler$FilterChainImpl.doFilter(FilterHandler.java:131)
	at cn.dev33.satoken.filter.SaTokenCorsFilterForJakartaServlet.doFilter(SaTokenCorsFilterForJakartaServlet.java:52)
	at io.undertow.servlet.core.ManagedFilter.doFilter(ManagedFilter.java:67)
	at io.undertow.servlet.handlers.FilterHandler$FilterChainImpl.doFilter(FilterHandler.java:131)
	at cn.dev33.satoken.filter.SaTokenContextFilterForJakartaServlet.doFilter(SaTokenContextFilterForJakartaServlet.java:40)
	at io.undertow.servlet.core.ManagedFilter.doFilter(ManagedFilter.java:67)
	at io.undertow.servlet.handlers.FilterHandler$FilterChainImpl.doFilter(FilterHandler.java:131)
	at org.springframework.web.filter.RequestContextFilter.doFilterInternal(RequestContextFilter.java:100)
	at org.springframework.web.filter.OncePerRequestFilter.doFilter(OncePerRequestFilter.java:116)
	at io.undertow.servlet.core.ManagedFilter.doFilter(ManagedFilter.java:67)
	at io.undertow.servlet.handlers.FilterHandler$FilterChainImpl.doFilter(FilterHandler.java:131)
	at org.springframework.web.filter.FormContentFilter.doFilterInternal(FormContentFilter.java:93)
	at org.springframework.web.filter.OncePerRequestFilter.doFilter(OncePerRequestFilter.java:116)
	at io.undertow.servlet.core.ManagedFilter.doFilter(ManagedFilter.java:67)
	at io.undertow.servlet.handlers.FilterHandler$FilterChainImpl.doFilter(FilterHandler.java:131)
	at org.dromara.common.web.filter.XssFilter.doFilter(XssFilter.java:38)
	at io.undertow.servlet.core.ManagedFilter.doFilter(ManagedFilter.java:67)
	at io.undertow.servlet.handlers.FilterHandler$FilterChainImpl.doFilter(FilterHandler.java:131)
	at org.springframework.web.filter.ServerHttpObservationFilter.doFilterInternal(ServerHttpObservationFilter.java:110)
	at org.springframework.web.filter.OncePerRequestFilter.doFilter(OncePerRequestFilter.java:116)
	at io.undertow.servlet.core.ManagedFilter.doFilter(ManagedFilter.java:67)
	at io.undertow.servlet.handlers.FilterHandler$FilterChainImpl.doFilter(FilterHandler.java:131)
	at org.springframework.web.filter.CharacterEncodingFilter.doFilterInternal(CharacterEncodingFilter.java:201)
	at org.springframework.web.filter.OncePerRequestFilter.doFilter(OncePerRequestFilter.java:116)
	at io.undertow.servlet.core.ManagedFilter.doFilter(ManagedFilter.java:67)
	at io.undertow.servlet.handlers.FilterHandler$FilterChainImpl.doFilter(FilterHandler.java:131)
	at io.undertow.servlet.handlers.FilterHandler.handleRequest(FilterHandler.java:84)
	at io.undertow.servlet.handlers.security.ServletSecurityRoleHandler.handleRequest(ServletSecurityRoleHandler.java:62)
	at io.undertow.servlet.handlers.ServletChain$1.handleRequest(ServletChain.java:68)
	at io.undertow.servlet.handlers.ServletDispatchingHandler.handleRequest(ServletDispatchingHandler.java:36)
	at io.undertow.servlet.handlers.RedirectDirHandler.handleRequest(RedirectDirHandler.java:68)
	at io.undertow.servlet.handlers.security.SSLInformationAssociationHandler.handleRequest(SSLInformationAssociationHandler.java:117)
	at io.undertow.servlet.handlers.security.ServletAuthenticationCallHandler.handleRequest(ServletAuthenticationCallHandler.java:57)
	at io.undertow.server.handlers.PredicateHandler.handleRequest(PredicateHandler.java:43)
	at io.undertow.security.handlers.AbstractConfidentialityHandler.handleRequest(AbstractConfidentialityHandler.java:46)
	at io.undertow.servlet.handlers.security.ServletConfidentialityConstraintHandler.handleRequest(ServletConfidentialityConstraintHandler.java:64)
	at io.undertow.security.handlers.AuthenticationMechanismsHandler.handleRequest(AuthenticationMechanismsHandler.java:60)
	at io.undertow.servlet.handlers.security.CachedAuthenticatedSessionHandler.handleRequest(CachedAuthenticatedSessionHandler.java:75)
	at io.undertow.security.handlers.AbstractSecurityContextAssociationHandler.handleRequest(AbstractSecurityContextAssociationHandler.java:43)
	at io.undertow.server.handlers.PredicateHandler.handleRequest(PredicateHandler.java:43)
	at io.undertow.servlet.handlers.SendErrorPageHandler.handleRequest(SendErrorPageHandler.java:52)
	at io.undertow.server.handlers.PredicateHandler.handleRequest(PredicateHandler.java:43)
	at io.undertow.servlet.handlers.ServletInitialHandler.handleFirstRequest(ServletInitialHandler.java:271)
	at io.undertow.servlet.handlers.ServletInitialHandler$1.call(ServletInitialHandler.java:130)
	at io.undertow.servlet.handlers.ServletInitialHandler$1.call(ServletInitialHandler.java:127)
	at io.undertow.servlet.core.ServletRequestContextThreadSetupAction$1.call(ServletRequestContextThreadSetupAction.java:48)
	at io.undertow.servlet.core.ContextClassLoaderSetupAction$1.call(ContextClassLoaderSetupAction.java:43)
	at io.undertow.servlet.handlers.ServletInitialHandler.dispatchRequest(ServletInitialHandler.java:251)
	at io.undertow.servlet.handlers.ServletInitialHandler.lambda$new$1(ServletInitialHandler.java:99)
	at io.undertow.server.Connectors.executeRootHandler(Connectors.java:418)
	at io.undertow.server.HttpServerExchange$1.run(HttpServerExchange.java:938)
	at org.jboss.threads.ContextHandler$1.runWith(ContextHandler.java:18)
	at org.jboss.threads.EnhancedQueueExecutor$Task.doRunWith(EnhancedQueueExecutor.java:2691)
	at org.jboss.threads.EnhancedQueueExecutor$Task.run(EnhancedQueueExecutor.java:2670)
	at org.jboss.threads.EnhancedQueueExecutor$ThreadBody.run(EnhancedQueueExecutor.java:1615)
	at org.xnio.XnioWorker$WorkerThreadFactory$1$1.run(XnioWorker.java:1282)
	at java.base/java.lang.Thread.run(Thread.java:1583)
Caused by: org.postgresql.util.PSQLException: ERROR: column "t_lqg_cryo_batch.del_flag" must appear in the GROUP BY clause or be used in an aggregate function
  Position: 88
	at org.postgresql.core.v3.QueryExecutorImpl.receiveErrorResponse(QueryExecutorImpl.java:2846)
	at org.postgresql.core.v3.QueryExecutorImpl.processResults(QueryExecutorImpl.java:2531)
	at org.postgresql.core.v3.QueryExecutorImpl.execute(QueryExecutorImpl.java:429)
	at org.postgresql.jdbc.PgStatement.executeInternal(PgStatement.java:526)
	at org.postgresql.jdbc.PgStatement.execute(PgStatement.java:436)
	at org.postgresql.jdbc.PgPreparedStatement.executeWithFlags(PgPreparedStatement.java:196)
	at org.postgresql.jdbc.PgPreparedStatement.execute(PgPreparedStatement.java:182)
	at com.zaxxer.hikari.pool.ProxyPreparedStatement.execute(ProxyPreparedStatement.java:44)
	at com.zaxxer.hikari.pool.HikariProxyPreparedStatement.execute(HikariProxyPreparedStatement.java)
	at com.p6spy.engine.wrapper.PreparedStatementWrapper.execute(PreparedStatementWrapper.java:362)
	at org.apache.ibatis.executor.statement.PreparedStatementHandler.query(PreparedStatementHandler.java:65)
	at org.apache.ibatis.executor.statement.RoutingStatementHandler.query(RoutingStatementHandler.java:80)
	at java.base/jdk.internal.reflect.DirectMethodHandleAccessor.invoke(DirectMethodHandleAccessor.java:103)
	at java.base/java.lang.reflect.Method.invoke(Method.java:580)
	at org.apache.ibatis.plugin.Plugin.invoke(Plugin.java:61)
	at jdk.proxy2/jdk.proxy2.$Proxy246.query(Unknown Source)
	at org.apache.ibatis.executor.SimpleExecutor.doQuery(SimpleExecutor.java:65)
	at org.apache.ibatis.executor.BaseExecutor.queryFromDatabase(BaseExecutor.java:336)
	at org.apache.ibatis.executor.BaseExecutor.query(BaseExecutor.java:158)
	at org.apache.ibatis.executor.CachingExecutor.query(CachingExecutor.java:110)
	at com.baomidou.mybatisplus.extension.plugins.inner.PaginationInnerInterceptor.willDoQuery(PaginationInnerInterceptor.java:135)
	at com.baomidou.mybatisplus.extension.plugins.MybatisPlusInterceptor.intercept(MybatisPlusInterceptor.java:75)
	at org.apache.ibatis.plugin.Plugin.invoke(Plugin.java:59)
	at jdk.proxy2/jdk.proxy2.$Proxy244.query(Unknown Source)
	at org.apache.ibatis.session.defaults.DefaultSqlSession.selectList(DefaultSqlSession.java:154)
	at org.apache.ibatis.session.defaults.DefaultSqlSession.selectList(DefaultSqlSession.java:147)
	at org.apache.ibatis.session.defaults.DefaultSqlSession.selectList(DefaultSqlSession.java:142)
	at java.base/jdk.internal.reflect.DirectMethodHandleAccessor.invoke(DirectMethodHandleAccessor.java:103)
	at java.base/java.lang.reflect.Method.invoke(Method.java:580)
	at org.mybatis.spring.SqlSessionTemplate$SqlSessionInterceptor.invoke(SqlSessionTemplate.java:333)
	... 102 common frames omitted
2026-09-22 12:17:13 [XNIO-1 task-2] ERROR o.d.c.w.h.GlobalExceptionHandler - 请求地址'/lqg/cryo/batch/list',发生未知异常.
org.springframework.jdbc.BadSqlGrammarException: 
### Error querying database.  Cause: org.postgresql.util.PSQLException: ERROR: column "t_lqg_cryo_batch.del_flag" must appear in the GROUP BY clause or be used in an aggregate function
  Position: 88
### The error may exist in org/dromara/lqg/cryo/batch/mapper/CryoBatchMapper.java (best guess)
### The error may involve defaultParameterMap
### The error occurred while setting parameters
### SQL: SELECT COUNT(*) AS total FROM t_lqg_cryo_batch WHERE del_flag = '0' ORDER BY CASE WHEN del_flag = '0' AND in_minus80 = 'Y' AND to_ln2_time IS NULL AND (CURRENT_DATE - freeze_time) >= ? AND init_qty + COALESCE((SELECT SUM(f.delta) FROM t_lqg_cryo_flow f WHERE f.batch_id = t_lqg_cryo_batch.id AND f.del_flag = '0'), 0) > 0 THEN 0 ELSE 1 END ASC, create_time DESC, id DESC
### Cause: org.postgresql.util.PSQLException: ERROR: column "t_lqg_cryo_batch.del_flag" must appear in the GROUP BY clause or be used in an aggregate function
  Position: 88
; bad SQL grammar []
	at org.springframework.jdbc.support.SQLStateSQLExceptionTranslator.doTranslate(SQLStateSQLExceptionTranslator.java:134)
	at org.springframework.jdbc.support.AbstractFallbackSQLExceptionTranslator.translate(AbstractFallbackSQLExceptionTranslator.java:107)
	at org.springframework.jdbc.support.AbstractFallbackSQLExceptionTranslator.translate(AbstractFallbackSQLExceptionTranslator.java:116)
	at org.springframework.jdbc.support.AbstractFallbackSQLExceptionTranslator.translate(AbstractFallbackSQLExceptionTranslator.java:116)
	at org.mybatis.spring.MyBatisExceptionTranslator.translateExceptionIfPossible(MyBatisExceptionTranslator.java:95)
	at org.mybatis.spring.SqlSessionTemplate$SqlSessionInterceptor.invoke(SqlSessionTemplate.java:347)
	at jdk.proxy2/jdk.proxy2.$Proxy156.selectList(Unknown Source)
	at org.mybatis.spring.SqlSessionTemplate.selectList(SqlSessionTemplate.java:194)
	at com.baomidou.mybatisplus.core.override.MybatisMapperMethod.executeForMany(MybatisMapperMethod.java:164)
	at com.baomidou.mybatisplus.core.override.MybatisMapperMethod.execute(MybatisMapperMethod.java:77)
	at com.baomidou.mybatisplus.core.override.MybatisMapperProxy$PlainMethodInvoker.invoke(MybatisMapperProxy.java:156)
	at com.baomidou.mybatisplus.core.override.MybatisMapperProxy.invoke(MybatisMapperProxy.java:93)
	at jdk.proxy2/jdk.proxy2.$Proxy211.selectList(Unknown Source)
	at com.baomidou.mybatisplus.core.mapper.BaseMapper.selectPage(BaseMapper.java:463)
	at java.base/java.lang.invoke.MethodHandle.invokeWithArguments(MethodHandle.java:733)
	at com.baomidou.mybatisplus.core.override.MybatisMapperProxy$DefaultMethodInvoker.invoke(MybatisMapperProxy.java:172)
	at com.baomidou.mybatisplus.core.override.MybatisMapperProxy.invoke(MybatisMapperProxy.java:93)
	at jdk.proxy2/jdk.proxy2.$Proxy211.selectPage(Unknown Source)
	at org.dromara.lqg.cryo.batch.service.CryoQueryService.lambda$list$0(CryoQueryService.java:107)
	at org.dromara.common.mybatis.helper.DataPermissionHelper.ignore(DataPermissionHelper.java:170)
	at org.dromara.lqg.cryo.batch.service.CryoQueryService.list(CryoQueryService.java:98)
	at org.dromara.lqg.cryo.batch.controller.CryoBatchController.list(CryoBatchController.java:71)
	at java.base/jdk.internal.reflect.DirectMethodHandleAccessor.invoke(DirectMethodHandleAccessor.java:103)
	at java.base/java.lang.reflect.Method.invoke(Method.java:580)
	at org.springframework.web.method.support.InvocableHandlerMethod.doInvoke(InvocableHandlerMethod.java:258)
	at org.springframework.web.method.support.InvocableHandlerMethod.invokeForRequest(InvocableHandlerMethod.java:191)
	at org.springframework.web.servlet.mvc.method.annotation.ServletInvocableHandlerMethod.invokeAndHandle(ServletInvocableHandlerMethod.java:118)
	at org.springframework.web.servlet.mvc.method.annotation.RequestMappingHandlerAdapter.invokeHandlerMethod(RequestMappingHandlerAdapter.java:991)
	at org.springframework.web.servlet.mvc.method.annotation.RequestMappingHandlerAdapter.handleInternal(RequestMappingHandlerAdapter.java:896)
	at org.springframework.web.servlet.mvc.method.AbstractHandlerMethodAdapter.handle(AbstractHandlerMethodAdapter.java:87)
	at org.springframework.web.servlet.DispatcherServlet.doDispatch(DispatcherServlet.java:1089)
	at org.springframework.web.servlet.DispatcherServlet.doService(DispatcherServlet.java:979)
	at org.springframework.web.servlet.FrameworkServlet.processRequest(FrameworkServlet.java:1014)
	at org.springframework.web.servlet.FrameworkServlet.doGet(FrameworkServlet.java:903)
	at jakarta.servlet.http.HttpServlet.service(HttpServlet.java:527)
	at org.springframework.web.servlet.FrameworkServlet.service(FrameworkServlet.java:885)
	at jakarta.servlet.http.HttpServlet.service(HttpServlet.java:614)
	at io.undertow.servlet.handlers.ServletHandler.handleRequest(ServletHandler.java:74)
	at io.undertow.servlet.handlers.FilterHandler$FilterChainImpl.doFilter(FilterHandler.java:129)
	at org.springframework.web.filter.CorsFilter.doFilterInternal(CorsFilter.java:91)
	at org.springframework.web.filter.OncePerRequestFilter.doFilter(OncePerRequestFilter.java:116)
	at io.undertow.servlet.core.ManagedFilter.doFilter(ManagedFilter.java:67)
	at io.undertow.servlet.handlers.FilterHandler$FilterChainImpl.doFilter(FilterHandler.java:131)
	at org.dromara.common.web.filter.RepeatableFilter.doFilter(RepeatableFilter.java:32)
	at io.undertow.servlet.core.ManagedFilter.doFilter(ManagedFilter.java:67)
	at io.undertow.servlet.handlers.FilterHandler$FilterChainImpl.doFilter(FilterHandler.java:131)
	at cn.dev33.satoken.filter.SaServletFilter.doFilter(SaServletFilter.java:143)
	at io.undertow.servlet.core.ManagedFilter.doFilter(ManagedFilter.java:67)
	at io.undertow.servlet.handlers.FilterHandler$FilterChainImpl.doFilter(FilterHandler.java:131)
	at cn.dev33.satoken.filter.SaFirewallCheckFilterForJakartaServlet.doFilter(SaFirewallCheckFilterForJakartaServlet.java:69)
	at io.undertow.servlet.core.ManagedFilter.doFilter(ManagedFilter.java:67)
	at io.undertow.servlet.handlers.FilterHandler$FilterChainImpl.doFilter(FilterHandler.java:131)
	at cn.dev33.satoken.filter.SaTokenCorsFilterForJakartaServlet.doFilter(SaTokenCorsFilterForJakartaServlet.java:52)
	at io.undertow.servlet.core.ManagedFilter.doFilter(ManagedFilter.java:67)
	at io.undertow.servlet.handlers.FilterHandler$FilterChainImpl.doFilter(FilterHandler.java:131)
	at cn.dev33.satoken.filter.SaTokenContextFilterForJakartaServlet.doFilter(SaTokenContextFilterForJakartaServlet.java:40)
	at io.undertow.servlet.core.ManagedFilter.doFilter(ManagedFilter.java:67)
	at io.undertow.servlet.handlers.FilterHandler$FilterChainImpl.doFilter(FilterHandler.java:131)
	at org.springframework.web.filter.RequestContextFilter.doFilterInternal(RequestContextFilter.java:100)
	at org.springframework.web.filter.OncePerRequestFilter.doFilter(OncePerRequestFilter.java:116)
	at io.undertow.servlet.core.ManagedFilter.doFilter(ManagedFilter.java:67)
	at io.undertow.servlet.handlers.FilterHandler$FilterChainImpl.doFilter(FilterHandler.java:131)
	at org.springframework.web.filter.FormContentFilter.doFilterInternal(FormContentFilter.java:93)
	at org.springframework.web.filter.OncePerRequestFilter.doFilter(OncePerRequestFilter.java:116)
	at io.undertow.servlet.core.ManagedFilter.doFilter(ManagedFilter.java:67)
	at io.undertow.servlet.handlers.FilterHandler$FilterChainImpl.doFilter(FilterHandler.java:131)
	at org.dromara.common.web.filter.XssFilter.doFilter(XssFilter.java:38)
	at io.undertow.servlet.core.ManagedFilter.doFilter(ManagedFilter.java:67)
	at io.undertow.servlet.handlers.FilterHandler$FilterChainImpl.doFilter(FilterHandler.java:131)
	at org.springframework.web.filter.ServerHttpObservationFilter.doFilterInternal(ServerHttpObservationFilter.java:110)
	at org.springframework.web.filter.OncePerRequestFilter.doFilter(OncePerRequestFilter.java:116)
	at io.undertow.servlet.core.ManagedFilter.doFilter(ManagedFilter.java:67)
	at io.undertow.servlet.handlers.FilterHandler$FilterChainImpl.doFilter(FilterHandler.java:131)
	at org.springframework.web.filter.CharacterEncodingFilter.doFilterInternal(CharacterEncodingFilter.java:201)
	at org.springframework.web.filter.OncePerRequestFilter.doFilter(OncePerRequestFilter.java:116)
	at io.undertow.servlet.core.ManagedFilter.doFilter(ManagedFilter.java:67)
	at io.undertow.servlet.handlers.FilterHandler$FilterChainImpl.doFilter(FilterHandler.java:131)
	at io.undertow.servlet.handlers.FilterHandler.handleRequest(FilterHandler.java:84)
	at io.undertow.servlet.handlers.security.ServletSecurityRoleHandler.handleRequest(ServletSecurityRoleHandler.java:62)
	at io.undertow.servlet.handlers.ServletChain$1.handleRequest(ServletChain.java:68)
	at io.undertow.servlet.handlers.ServletDispatchingHandler.handleRequest(ServletDispatchingHandler.java:36)
	at io.undertow.servlet.handlers.RedirectDirHandler.handleRequest(RedirectDirHandler.java:68)
	at io.undertow.servlet.handlers.security.SSLInformationAssociationHandler.handleRequest(SSLInformationAssociationHandler.java:117)
	at io.undertow.servlet.handlers.security.ServletAuthenticationCallHandler.handleRequest(ServletAuthenticationCallHandler.java:57)
	at io.undertow.server.handlers.PredicateHandler.handleRequest(PredicateHandler.java:43)
	at io.undertow.security.handlers.AbstractConfidentialityHandler.handleRequest(AbstractConfidentialityHandler.java:46)
	at io.undertow.servlet.handlers.security.ServletConfidentialityConstraintHandler.handleRequest(ServletConfidentialityConstraintHandler.java:64)
	at io.undertow.security.handlers.AuthenticationMechanismsHandler.handleRequest(AuthenticationMechanismsHandler.java:60)
	at io.undertow.servlet.handlers.security.CachedAuthenticatedSessionHandler.handleRequest(CachedAuthenticatedSessionHandler.java:75)
	at io.undertow.security.handlers.AbstractSecurityContextAssociationHandler.handleRequest(AbstractSecurityContextAssociationHandler.java:43)
	at io.undertow.server.handlers.PredicateHandler.handleRequest(PredicateHandler.java:43)
	at io.undertow.servlet.handlers.SendErrorPageHandler.handleRequest(SendErrorPageHandler.java:52)
	at io.undertow.server.handlers.PredicateHandler.handleRequest(PredicateHandler.java:43)
	at io.undertow.servlet.handlers.ServletInitialHandler.handleFirstRequest(ServletInitialHandler.java:271)
	at io.undertow.servlet.handlers.ServletInitialHandler$1.call(ServletInitialHandler.java:130)
	at io.undertow.servlet.handlers.ServletInitialHandler$1.call(ServletInitialHandler.java:127)
	at io.undertow.servlet.core.ServletRequestContextThreadSetupAction$1.call(ServletRequestContextThreadSetupAction.java:48)
	at io.undertow.servlet.core.ContextClassLoaderSetupAction$1.call(ContextClassLoaderSetupAction.java:43)
	at io.undertow.servlet.handlers.ServletInitialHandler.dispatchRequest(ServletInitialHandler.java:251)
	at io.undertow.servlet.handlers.ServletInitialHandler.lambda$new$1(ServletInitialHandler.java:99)
	at io.undertow.server.Connectors.executeRootHandler(Connectors.java:418)
	at io.undertow.server.HttpServerExchange$1.run(HttpServerExchange.java:938)
	at org.jboss.threads.ContextHandler$1.runWith(ContextHandler.java:18)
	at org.jboss.threads.EnhancedQueueExecutor$Task.doRunWith(EnhancedQueueExecutor.java:2691)
	at org.jboss.threads.EnhancedQueueExecutor$Task.run(EnhancedQueueExecutor.java:2670)
	at org.jboss.threads.EnhancedQueueExecutor$ThreadBody.run(EnhancedQueueExecutor.java:1615)
	at org.xnio.XnioWorker$WorkerThreadFactory$1$1.run(XnioWorker.java:1282)
	at java.base/java.lang.Thread.run(Thread.java:1583)
Caused by: org.postgresql.util.PSQLException: ERROR: column "t_lqg_cryo_batch.del_flag" must appear in the GROUP BY clause or be used in an aggregate function
  Position: 88
	at org.postgresql.core.v3.QueryExecutorImpl.receiveErrorResponse(QueryExecutorImpl.java:2846)
	at org.postgresql.core.v3.QueryExecutorImpl.processResults(QueryExecutorImpl.java:2531)
	at org.postgresql.core.v3.QueryExecutorImpl.execute(QueryExecutorImpl.java:429)
	at org.postgresql.jdbc.PgStatement.executeInternal(PgStatement.java:526)
	at org.postgresql.jdbc.PgStatement.execute(PgStatement.java:436)
	at org.postgresql.jdbc.PgPreparedStatement.executeWithFlags(PgPreparedStatement.java:196)
	at org.postgresql.jdbc.PgPreparedStatement.execute(PgPreparedStatement.java:182)
	at com.zaxxer.hikari.pool.ProxyPreparedStatement.execute(ProxyPreparedStatement.java:44)
	at com.zaxxer.hikari.pool.HikariProxyPreparedStatement.execute(HikariProxyPreparedStatement.java)
	at com.p6spy.engine.wrapper.PreparedStatementWrapper.execute(PreparedStatementWrapper.java:362)
	at org.apache.ibatis.executor.statement.PreparedStatementHandler.query(PreparedStatementHandler.java:65)
	at org.apache.ibatis.executor.statement.RoutingStatementHandler.query(RoutingStatementHandler.java:80)
	at java.base/jdk.internal.reflect.DirectMethodHandleAccessor.invoke(DirectMethodHandleAccessor.java:103)
	at java.base/java.lang.reflect.Method.invoke(Method.java:580)
	at org.apache.ibatis.plugin.Plugin.invoke(Plugin.java:61)
	at jdk.proxy2/jdk.proxy2.$Proxy246.query(Unknown Source)
	at org.apache.ibatis.executor.SimpleExecutor.doQuery(SimpleExecutor.java:65)
	at org.apache.ibatis.executor.BaseExecutor.queryFromDatabase(BaseExecutor.java:336)
	at org.apache.ibatis.executor.BaseExecutor.query(BaseExecutor.java:158)
	at org.apache.ibatis.executor.CachingExecutor.query(CachingExecutor.java:110)
	at com.baomidou.mybatisplus.extension.plugins.inner.PaginationInnerInterceptor.willDoQuery(PaginationInnerInterceptor.java:135)
	at com.baomidou.mybatisplus.extension.plugins.MybatisPlusInterceptor.intercept(MybatisPlusInterceptor.java:75)
	at org.apache.ibatis.plugin.Plugin.invoke(Plugin.java:59)
	at jdk.proxy2/jdk.proxy2.$Proxy244.query(Unknown Source)
	at org.apache.ibatis.session.defaults.DefaultSqlSession.selectList(DefaultSqlSession.java:154)
	at org.apache.ibatis.session.defaults.DefaultSqlSession.selectList(DefaultSqlSession.java:147)
	at org.apache.ibatis.session.defaults.DefaultSqlSession.selectList(DefaultSqlSession.java:142)
	at java.base/jdk.internal.reflect.DirectMethodHandleAccessor.invoke(DirectMethodHandleAccessor.java:103)
	at java.base/java.lang.reflect.Method.invoke(Method.java:580)
	at org.mybatis.spring.SqlSessionTemplate$SqlSessionInterceptor.invoke(SqlSessionTemplate.java:333)
	... 102 common frames omitted
2026-09-22 12:17:17 [XNIO-1 task-2] ERROR o.d.c.w.h.GlobalExceptionHandler - 请求地址'/lqg/cryo/batch/list',发生未知异常.
org.springframework.jdbc.BadSqlGrammarException: 
### Error querying database.  Cause: org.postgresql.util.PSQLException: ERROR: column "t_lqg_cryo_batch.del_flag" must appear in the GROUP BY clause or be used in an aggregate function
  Position: 88
### The error may exist in org/dromara/lqg/cryo/batch/mapper/CryoBatchMapper.java (best guess)
### The error may involve defaultParameterMap
### The error occurred while setting parameters
### SQL: SELECT COUNT(*) AS total FROM t_lqg_cryo_batch WHERE del_flag = '0' ORDER BY CASE WHEN del_flag = '0' AND in_minus80 = 'Y' AND to_ln2_time IS NULL AND (CURRENT_DATE - freeze_time) >= ? AND init_qty + COALESCE((SELECT SUM(f.delta) FROM t_lqg_cryo_flow f WHERE f.batch_id = t_lqg_cryo_batch.id AND f.del_flag = '0'), 0) > 0 THEN 0 ELSE 1 END ASC, create_time DESC, id DESC
### Cause: org.postgresql.util.PSQLException: ERROR: column "t_lqg_cryo_batch.del_flag" must appear in the GROUP BY clause or be used in an aggregate function
  Position: 88
; bad SQL grammar []
	at org.springframework.jdbc.support.SQLStateSQLExceptionTranslator.doTranslate(SQLStateSQLExceptionTranslator.java:134)
	at org.springframework.jdbc.support.AbstractFallbackSQLExceptionTranslator.translate(AbstractFallbackSQLExceptionTranslator.java:107)
	at org.springframework.jdbc.support.AbstractFallbackSQLExceptionTranslator.translate(AbstractFallbackSQLExceptionTranslator.java:116)
	at org.springframework.jdbc.support.AbstractFallbackSQLExceptionTranslator.translate(AbstractFallbackSQLExceptionTranslator.java:116)
	at org.mybatis.spring.MyBatisExceptionTranslator.translateExceptionIfPossible(MyBatisExceptionTranslator.java:95)
	at org.mybatis.spring.SqlSessionTemplate$SqlSessionInterceptor.invoke(SqlSessionTemplate.java:347)
	at jdk.proxy2/jdk.proxy2.$Proxy156.selectList(Unknown Source)
	at org.mybatis.spring.SqlSessionTemplate.selectList(SqlSessionTemplate.java:194)
	at com.baomidou.mybatisplus.core.override.MybatisMapperMethod.executeForMany(MybatisMapperMethod.java:164)
	at com.baomidou.mybatisplus.core.override.MybatisMapperMethod.execute(MybatisMapperMethod.java:77)
	at com.baomidou.mybatisplus.core.override.MybatisMapperProxy$PlainMethodInvoker.invoke(MybatisMapperProxy.java:156)
	at com.baomidou.mybatisplus.core.override.MybatisMapperProxy.invoke(MybatisMapperProxy.java:93)
	at jdk.proxy2/jdk.proxy2.$Proxy211.selectList(Unknown Source)
	at com.baomidou.mybatisplus.core.mapper.BaseMapper.selectPage(BaseMapper.java:463)
	at java.base/java.lang.invoke.MethodHandle.invokeWithArguments(MethodHandle.java:733)
	at com.baomidou.mybatisplus.core.override.MybatisMapperProxy$DefaultMethodInvoker.invoke(MybatisMapperProxy.java:172)
	at com.baomidou.mybatisplus.core.override.MybatisMapperProxy.invoke(MybatisMapperProxy.java:93)
	at jdk.proxy2/jdk.proxy2.$Proxy211.selectPage(Unknown Source)
	at org.dromara.lqg.cryo.batch.service.CryoQueryService.lambda$list$0(CryoQueryService.java:107)
	at org.dromara.common.mybatis.helper.DataPermissionHelper.ignore(DataPermissionHelper.java:170)
	at org.dromara.lqg.cryo.batch.service.CryoQueryService.list(CryoQueryService.java:98)
	at org.dromara.lqg.cryo.batch.controller.CryoBatchController.list(CryoBatchController.java:71)
	at java.base/jdk.internal.reflect.DirectMethodHandleAccessor.invoke(DirectMethodHandleAccessor.java:103)
	at java.base/java.lang.reflect.Method.invoke(Method.java:580)
	at org.springframework.web.method.support.InvocableHandlerMethod.doInvoke(InvocableHandlerMethod.java:258)
	at org.springframework.web.method.support.InvocableHandlerMethod.invokeForRequest(InvocableHandlerMethod.java:191)
	at org.springframework.web.servlet.mvc.method.annotation.ServletInvocableHandlerMethod.invokeAndHandle(ServletInvocableHandlerMethod.java:118)
	at org.springframework.web.servlet.mvc.method.annotation.RequestMappingHandlerAdapter.invokeHandlerMethod(RequestMappingHandlerAdapter.java:991)
	at org.springframework.web.servlet.mvc.method.annotation.RequestMappingHandlerAdapter.handleInternal(RequestMappingHandlerAdapter.java:896)
	at org.springframework.web.servlet.mvc.method.AbstractHandlerMethodAdapter.handle(AbstractHandlerMethodAdapter.java:87)
	at org.springframework.web.servlet.DispatcherServlet.doDispatch(DispatcherServlet.java:1089)
	at org.springframework.web.servlet.DispatcherServlet.doService(DispatcherServlet.java:979)
	at org.springframework.web.servlet.FrameworkServlet.processRequest(FrameworkServlet.java:1014)
	at org.springframework.web.servlet.FrameworkServlet.doGet(FrameworkServlet.java:903)
	at jakarta.servlet.http.HttpServlet.service(HttpServlet.java:527)
	at org.springframework.web.servlet.FrameworkServlet.service(FrameworkServlet.java:885)
	at jakarta.servlet.http.HttpServlet.service(HttpServlet.java:614)
	at io.undertow.servlet.handlers.ServletHandler.handleRequest(ServletHandler.java:74)
	at io.undertow.servlet.handlers.FilterHandler$FilterChainImpl.doFilter(FilterHandler.java:129)
	at org.springframework.web.filter.CorsFilter.doFilterInternal(CorsFilter.java:91)
	at org.springframework.web.filter.OncePerRequestFilter.doFilter(OncePerRequestFilter.java:116)
	at io.undertow.servlet.core.ManagedFilter.doFilter(ManagedFilter.java:67)
	at io.undertow.servlet.handlers.FilterHandler$FilterChainImpl.doFilter(FilterHandler.java:131)
	at org.dromara.common.web.filter.RepeatableFilter.doFilter(RepeatableFilter.java:32)
	at io.undertow.servlet.core.ManagedFilter.doFilter(ManagedFilter.java:67)
	at io.undertow.servlet.handlers.FilterHandler$FilterChainImpl.doFilter(FilterHandler.java:131)
	at cn.dev33.satoken.filter.SaServletFilter.doFilter(SaServletFilter.java:143)
	at io.undertow.servlet.core.ManagedFilter.doFilter(ManagedFilter.java:67)
	at io.undertow.servlet.handlers.FilterHandler$FilterChainImpl.doFilter(FilterHandler.java:131)
	at cn.dev33.satoken.filter.SaFirewallCheckFilterForJakartaServlet.doFilter(SaFirewallCheckFilterForJakartaServlet.java:69)
	at io.undertow.servlet.core.ManagedFilter.doFilter(ManagedFilter.java:67)
	at io.undertow.servlet.handlers.FilterHandler$FilterChainImpl.doFilter(FilterHandler.java:131)
	at cn.dev33.satoken.filter.SaTokenCorsFilterForJakartaServlet.doFilter(SaTokenCorsFilterForJakartaServlet.java:52)
	at io.undertow.servlet.core.ManagedFilter.doFilter(ManagedFilter.java:67)
	at io.undertow.servlet.handlers.FilterHandler$FilterChainImpl.doFilter(FilterHandler.java:131)
	at cn.dev33.satoken.filter.SaTokenContextFilterForJakartaServlet.doFilter(SaTokenContextFilterForJakartaServlet.java:40)
	at io.undertow.servlet.core.ManagedFilter.doFilter(ManagedFilter.java:67)
	at io.undertow.servlet.handlers.FilterHandler$FilterChainImpl.doFilter(FilterHandler.java:131)
	at org.springframework.web.filter.RequestContextFilter.doFilterInternal(RequestContextFilter.java:100)
	at org.springframework.web.filter.OncePerRequestFilter.doFilter(OncePerRequestFilter.java:116)
	at io.undertow.servlet.core.ManagedFilter.doFilter(ManagedFilter.java:67)
	at io.undertow.servlet.handlers.FilterHandler$FilterChainImpl.doFilter(FilterHandler.java:131)
	at org.springframework.web.filter.FormContentFilter.doFilterInternal(FormContentFilter.java:93)
	at org.springframework.web.filter.OncePerRequestFilter.doFilter(OncePerRequestFilter.java:116)
	at io.undertow.servlet.core.ManagedFilter.doFilter(ManagedFilter.java:67)
	at io.undertow.servlet.handlers.FilterHandler$FilterChainImpl.doFilter(FilterHandler.java:131)
	at org.dromara.common.web.filter.XssFilter.doFilter(XssFilter.java:38)
	at io.undertow.servlet.core.ManagedFilter.doFilter(ManagedFilter.java:67)
	at io.undertow.servlet.handlers.FilterHandler$FilterChainImpl.doFilter(FilterHandler.java:131)
	at org.springframework.web.filter.ServerHttpObservationFilter.doFilterInternal(ServerHttpObservationFilter.java:110)
	at org.springframework.web.filter.OncePerRequestFilter.doFilter(OncePerRequestFilter.java:116)
	at io.undertow.servlet.core.ManagedFilter.doFilter(ManagedFilter.java:67)
	at io.undertow.servlet.handlers.FilterHandler$FilterChainImpl.doFilter(FilterHandler.java:131)
	at org.springframework.web.filter.CharacterEncodingFilter.doFilterInternal(CharacterEncodingFilter.java:201)
	at org.springframework.web.filter.OncePerRequestFilter.doFilter(OncePerRequestFilter.java:116)
	at io.undertow.servlet.core.ManagedFilter.doFilter(ManagedFilter.java:67)
	at io.undertow.servlet.handlers.FilterHandler$FilterChainImpl.doFilter(FilterHandler.java:131)
	at io.undertow.servlet.handlers.FilterHandler.handleRequest(FilterHandler.java:84)
	at io.undertow.servlet.handlers.security.ServletSecurityRoleHandler.handleRequest(ServletSecurityRoleHandler.java:62)
	at io.undertow.servlet.handlers.ServletChain$1.handleRequest(ServletChain.java:68)
	at io.undertow.servlet.handlers.ServletDispatchingHandler.handleRequest(ServletDispatchingHandler.java:36)
	at io.undertow.servlet.handlers.RedirectDirHandler.handleRequest(RedirectDirHandler.java:68)
	at io.undertow.servlet.handlers.security.SSLInformationAssociationHandler.handleRequest(SSLInformationAssociationHandler.java:117)
	at io.undertow.servlet.handlers.security.ServletAuthenticationCallHandler.handleRequest(ServletAuthenticationCallHandler.java:57)
	at io.undertow.server.handlers.PredicateHandler.handleRequest(PredicateHandler.java:43)
	at io.undertow.security.handlers.AbstractConfidentialityHandler.handleRequest(AbstractConfidentialityHandler.java:46)
	at io.undertow.servlet.handlers.security.ServletConfidentialityConstraintHandler.handleRequest(ServletConfidentialityConstraintHandler.java:64)
	at io.undertow.security.handlers.AuthenticationMechanismsHandler.handleRequest(AuthenticationMechanismsHandler.java:60)
	at io.undertow.servlet.handlers.security.CachedAuthenticatedSessionHandler.handleRequest(CachedAuthenticatedSessionHandler.java:75)
	at io.undertow.security.handlers.AbstractSecurityContextAssociationHandler.handleRequest(AbstractSecurityContextAssociationHandler.java:43)
	at io.undertow.server.handlers.PredicateHandler.handleRequest(PredicateHandler.java:43)
	at io.undertow.servlet.handlers.SendErrorPageHandler.handleRequest(SendErrorPageHandler.java:52)
	at io.undertow.server.handlers.PredicateHandler.handleRequest(PredicateHandler.java:43)
	at io.undertow.servlet.handlers.ServletInitialHandler.handleFirstRequest(ServletInitialHandler.java:271)
	at io.undertow.servlet.handlers.ServletInitialHandler$1.call(ServletInitialHandler.java:130)
	at io.undertow.servlet.handlers.ServletInitialHandler$1.call(ServletInitialHandler.java:127)
	at io.undertow.servlet.core.ServletRequestContextThreadSetupAction$1.call(ServletRequestContextThreadSetupAction.java:48)
	at io.undertow.servlet.core.ContextClassLoaderSetupAction$1.call(ContextClassLoaderSetupAction.java:43)
	at io.undertow.servlet.handlers.ServletInitialHandler.dispatchRequest(ServletInitialHandler.java:251)
	at io.undertow.servlet.handlers.ServletInitialHandler.lambda$new$1(ServletInitialHandler.java:99)
	at io.undertow.server.Connectors.executeRootHandler(Connectors.java:418)
	at io.undertow.server.HttpServerExchange$1.run(HttpServerExchange.java:938)
	at org.jboss.threads.ContextHandler$1.runWith(ContextHandler.java:18)
	at org.jboss.threads.EnhancedQueueExecutor$Task.doRunWith(EnhancedQueueExecutor.java:2691)
	at org.jboss.threads.EnhancedQueueExecutor$Task.run(EnhancedQueueExecutor.java:2670)
	at org.jboss.threads.EnhancedQueueExecutor$ThreadBody.run(EnhancedQueueExecutor.java:1615)
	at org.xnio.XnioWorker$WorkerThreadFactory$1$1.run(XnioWorker.java:1282)
	at java.base/java.lang.Thread.run(Thread.java:1583)
Caused by: org.postgresql.util.PSQLException: ERROR: column "t_lqg_cryo_batch.del_flag" must appear in the GROUP BY clause or be used in an aggregate function
  Position: 88
	at org.postgresql.core.v3.QueryExecutorImpl.receiveErrorResponse(QueryExecutorImpl.java:2846)
	at org.postgresql.core.v3.QueryExecutorImpl.processResults(QueryExecutorImpl.java:2531)
	at org.postgresql.core.v3.QueryExecutorImpl.execute(QueryExecutorImpl.java:429)
	at org.postgresql.jdbc.PgStatement.executeInternal(PgStatement.java:526)
	at org.postgresql.jdbc.PgStatement.execute(PgStatement.java:436)
	at org.postgresql.jdbc.PgPreparedStatement.executeWithFlags(PgPreparedStatement.java:196)
	at org.postgresql.jdbc.PgPreparedStatement.execute(PgPreparedStatement.java:182)
	at com.zaxxer.hikari.pool.ProxyPreparedStatement.execute(ProxyPreparedStatement.java:44)
	at com.zaxxer.hikari.pool.HikariProxyPreparedStatement.execute(HikariProxyPreparedStatement.java)
	at com.p6spy.engine.wrapper.PreparedStatementWrapper.execute(PreparedStatementWrapper.java:362)
	at org.apache.ibatis.executor.statement.PreparedStatementHandler.query(PreparedStatementHandler.java:65)
	at org.apache.ibatis.executor.statement.RoutingStatementHandler.query(RoutingStatementHandler.java:80)
	at java.base/jdk.internal.reflect.DirectMethodHandleAccessor.invoke(DirectMethodHandleAccessor.java:103)
	at java.base/java.lang.reflect.Method.invoke(Method.java:580)
	at org.apache.ibatis.plugin.Plugin.invoke(Plugin.java:61)
	at jdk.proxy2/jdk.proxy2.$Proxy246.query(Unknown Source)
	at org.apache.ibatis.executor.SimpleExecutor.doQuery(SimpleExecutor.java:65)
	at org.apache.ibatis.executor.BaseExecutor.queryFromDatabase(BaseExecutor.java:336)
	at org.apache.ibatis.executor.BaseExecutor.query(BaseExecutor.java:158)
	at org.apache.ibatis.executor.CachingExecutor.query(CachingExecutor.java:110)
	at com.baomidou.mybatisplus.extension.plugins.inner.PaginationInnerInterceptor.willDoQuery(PaginationInnerInterceptor.java:135)
	at com.baomidou.mybatisplus.extension.plugins.MybatisPlusInterceptor.intercept(MybatisPlusInterceptor.java:75)
	at org.apache.ibatis.plugin.Plugin.invoke(Plugin.java:59)
	at jdk.proxy2/jdk.proxy2.$Proxy244.query(Unknown Source)
	at org.apache.ibatis.session.defaults.DefaultSqlSession.selectList(DefaultSqlSession.java:154)
	at org.apache.ibatis.session.defaults.DefaultSqlSession.selectList(DefaultSqlSession.java:147)
	at org.apache.ibatis.session.defaults.DefaultSqlSession.selectList(DefaultSqlSession.java:142)
	at java.base/jdk.internal.reflect.DirectMethodHandleAccessor.invoke(DirectMethodHandleAccessor.java:103)
	at java.base/java.lang.reflect.Method.invoke(Method.java:580)
	at org.mybatis.spring.SqlSessionTemplate$SqlSessionInterceptor.invoke(SqlSessionTemplate.java:333)
	... 102 common frames omitted
2026-09-22 12:18:42 [XNIO-1 task-2] ERROR o.d.c.s.h.SaTokenExceptionHandler - 请求地址'/lqg/cryo/overdue',权限码校验失败'无此权限：lqg:cryo:list'
2026-09-22 12:19:22 [XNIO-1 task-2] ERROR o.d.c.w.h.GlobalExceptionHandler - 代数格式不对，应形如 P3（P + 1~3 位数字）：3
2026-09-22 12:19:22 [XNIO-1 task-2] ERROR o.d.c.w.h.GlobalExceptionHandler - 冻存数量必须是正整数（当前：0）
2026-09-22 12:19:22 [XNIO-1 task-2] ERROR o.d.c.w.h.GlobalExceptionHandler - 直接进液氮（暂存 -80 选「否」）必须填液氮储存位置
2026-09-22 12:19:22 [XNIO-1 task-2] ERROR o.d.c.w.h.GlobalExceptionHandler - 冻存只能挂到已核验有效的样本（当前状态：pending）
2026-09-22 12:19:22 [XNIO-1 task-2] ERROR o.d.c.w.h.GlobalExceptionHandler - 转移至液氮时间（2026-09-01）不能早于冻存时间（2026-09-17）
2026-09-22 12:19:23 [XNIO-1 task-2] ERROR o.d.c.w.h.GlobalExceptionHandler - 已取走 2 支，冻存数量不能少于 2
2026-09-22 12:19:23 [XNIO-1 task-2] ERROR o.d.c.w.h.GlobalExceptionHandler - 该批次已有 1 笔出入库登记，不能删除（删了「谁取走了几支」就查不到了）
2026-09-22 12:19:26 [XNIO-1 task-2] ERROR o.d.c.w.h.GlobalExceptionHandler - 取走支数超过当前剩余（当前剩余 3 支，本次要 9 支）
2026-09-22 12:19:26 [XNIO-1 task-2] ERROR o.d.c.w.h.GlobalExceptionHandler - 盘点调整必须写原因
2026-09-22 12:19:26 [XNIO-1 task-2] ERROR o.d.c.w.h.GlobalExceptionHandler - 取走支数超过当前剩余（当前剩余 3 支，本次要 9 支）
2026-09-22 12:19:26 [XNIO-1 task-2] ERROR o.d.c.w.h.GlobalExceptionHandler - 取走支数必须是正整数（当前：-1）
2026-09-22 12:19:28 [XNIO-1 task-2] ERROR o.d.c.w.h.GlobalExceptionHandler - 登记类型不能改（要换类型请删掉重新登记）
2026-09-22 12:19:28 [XNIO-1 task-2] ERROR o.d.c.w.h.GlobalExceptionHandler - 冻存出入库登记不存在
2026-09-22 12:19:28 [XNIO-1 task-2] ERROR o.d.c.w.h.GlobalExceptionHandler - 已取走 7 支，冻存数量不能少于 7
2026-09-22 12:19:29 [XNIO-1 task-2] ERROR o.d.c.w.h.GlobalExceptionHandler - 已取走 7 支，冻存数量不能少于 7
2026-09-22 12:19:31 [XNIO-1 task-5] ERROR o.d.c.w.h.GlobalExceptionHandler - 取走支数超过当前剩余（当前剩余 0 支，本次要 2 支）
2026-09-22 12:19:31 [XNIO-1 task-5] ERROR o.d.c.w.h.GlobalExceptionHandler - 取走支数超过当前剩余（当前剩余 0 支，本次要 2 支）
2026-09-22 12:19:31 [XNIO-1 task-6] ERROR o.d.c.w.h.GlobalExceptionHandler - 取走支数超过当前剩余（当前剩余 0 支，本次要 2 支）
2026-09-22 12:19:31 [XNIO-1 task-6] ERROR o.d.c.w.h.GlobalExceptionHandler - 取走支数超过当前剩余（当前剩余 0 支，本次要 2 支）
2026-09-22 12:19:31 [XNIO-1 task-6] ERROR o.d.c.w.h.GlobalExceptionHandler - 转移至液氮时间（2020-01-01）不能早于冻存时间（2026-09-02）
2026-09-22 12:20:09 [XNIO-1 task-6] ERROR o.d.c.s.h.SaTokenExceptionHandler - 请求地址'/lqg/cryo/overdue',权限码校验失败'无此权限：lqg:cryo:list'
2026-09-22 12:20:17 [XNIO-1 task-6] ERROR o.d.c.s.h.SaTokenExceptionHandler - 请求地址'/lqg/cryo/overdue',权限码校验失败'无此权限：lqg:cryo:list'
2026-09-22 12:22:39 [XNIO-1 task-2] ERROR o.d.c.s.h.SaTokenExceptionHandler - 请求地址'/lqg/cryo/overdue',权限码校验失败'无此权限：lqg:cryo:list'
2026-09-22 12:22:48 [XNIO-1 task-2] ERROR o.d.c.w.h.GlobalExceptionHandler - 代数格式不对，应形如 P3（P + 1~3 位数字）：3
2026-09-22 12:22:48 [XNIO-1 task-2] ERROR o.d.c.w.h.GlobalExceptionHandler - 冻存数量必须是正整数（当前：0）
2026-09-22 12:22:48 [XNIO-1 task-2] ERROR o.d.c.w.h.GlobalExceptionHandler - 直接进液氮（暂存 -80 选「否」）必须填液氮储存位置
2026-09-22 12:22:48 [XNIO-1 task-2] ERROR o.d.c.w.h.GlobalExceptionHandler - 冻存只能挂到已核验有效的样本（当前状态：pending）
2026-09-22 12:22:48 [XNIO-1 task-2] ERROR o.d.c.w.h.GlobalExceptionHandler - 转移至液氮时间（2026-09-01）不能早于冻存时间（2026-09-17）
2026-09-22 12:22:48 [XNIO-1 task-2] ERROR o.d.c.w.h.GlobalExceptionHandler - 已取走 2 支，冻存数量不能少于 2
2026-09-22 12:22:48 [XNIO-1 task-2] ERROR o.d.c.w.h.GlobalExceptionHandler - 该批次已有 1 笔出入库登记，不能删除（删了「谁取走了几支」就查不到了）
2026-09-22 12:22:51 [XNIO-1 task-2] ERROR o.d.c.w.h.GlobalExceptionHandler - 取走支数超过当前剩余（当前剩余 3 支，本次要 9 支）
2026-09-22 12:22:51 [XNIO-1 task-2] ERROR o.d.c.w.h.GlobalExceptionHandler - 盘点调整必须写原因
2026-09-22 12:22:51 [XNIO-1 task-2] ERROR o.d.c.w.h.GlobalExceptionHandler - 取走支数超过当前剩余（当前剩余 3 支，本次要 9 支）
2026-09-22 12:22:51 [XNIO-1 task-2] ERROR o.d.c.w.h.GlobalExceptionHandler - 取走支数必须是正整数（当前：-1）
2026-09-22 12:22:53 [XNIO-1 task-2] ERROR o.d.c.w.h.GlobalExceptionHandler - 登记类型不能改（要换类型请删掉重新登记）
2026-09-22 12:22:53 [XNIO-1 task-2] ERROR o.d.c.w.h.GlobalExceptionHandler - 冻存出入库登记不存在
2026-09-22 12:22:53 [XNIO-1 task-2] ERROR o.d.c.w.h.GlobalExceptionHandler - 已取走 7 支，冻存数量不能少于 7
2026-09-22 12:22:54 [XNIO-1 task-2] ERROR o.d.c.w.h.GlobalExceptionHandler - 已取走 7 支，冻存数量不能少于 7
2026-09-22 12:22:56 [XNIO-1 task-4] ERROR o.d.c.w.h.GlobalExceptionHandler - 取走支数超过当前剩余（当前剩余 0 支，本次要 2 支）
2026-09-22 12:22:56 [XNIO-1 task-3] ERROR o.d.c.w.h.GlobalExceptionHandler - 取走支数超过当前剩余（当前剩余 0 支，本次要 2 支）
2026-09-22 12:22:56 [XNIO-1 task-6] ERROR o.d.c.w.h.GlobalExceptionHandler - 取走支数超过当前剩余（当前剩余 0 支，本次要 2 支）
2026-09-22 12:22:56 [XNIO-1 task-6] ERROR o.d.c.w.h.GlobalExceptionHandler - 取走支数超过当前剩余（当前剩余 0 支，本次要 2 支）
2026-09-22 12:22:56 [XNIO-1 task-6] ERROR o.d.c.w.h.GlobalExceptionHandler - 转移至液氮时间（2020-01-01）不能早于冻存时间（2026-09-02）
2026-09-22 12:41:41 [XNIO-1 task-2] ERROR o.d.c.w.h.GlobalExceptionHandler - 代数格式不对，应形如 P3（P + 1~3 位数字）：3
2026-09-22 12:41:41 [XNIO-1 task-2] ERROR o.d.c.w.h.GlobalExceptionHandler - 冻存数量必须是正整数（当前：0）
2026-09-22 12:41:41 [XNIO-1 task-2] ERROR o.d.c.w.h.GlobalExceptionHandler - 直接进液氮（暂存 -80 选「否」）必须填液氮储存位置
2026-09-22 12:41:41 [XNIO-1 task-2] ERROR o.d.c.w.h.GlobalExceptionHandler - 冻存只能挂到已核验有效的样本（当前状态：pending）
2026-09-22 12:41:41 [XNIO-1 task-2] ERROR o.d.c.w.h.GlobalExceptionHandler - 转移至液氮时间（2026-09-01）不能早于冻存时间（2026-09-17）
2026-09-22 12:41:42 [XNIO-1 task-2] ERROR o.d.c.w.h.GlobalExceptionHandler - 已取走 2 支，冻存数量不能少于 2
2026-09-22 12:41:42 [XNIO-1 task-2] ERROR o.d.c.w.h.GlobalExceptionHandler - 该批次已有 1 笔出入库登记，不能删除（删了「谁取走了几支」就查不到了）
2026-09-22 12:41:46 [XNIO-1 task-2] ERROR o.d.c.w.h.GlobalExceptionHandler - 取走支数超过当前剩余（当前剩余 3 支，本次要 9 支）
2026-09-22 12:41:46 [XNIO-1 task-2] ERROR o.d.c.w.h.GlobalExceptionHandler - 盘点调整必须写原因
2026-09-22 12:41:46 [XNIO-1 task-2] ERROR o.d.c.w.h.GlobalExceptionHandler - 取走支数超过当前剩余（当前剩余 3 支，本次要 9 支）
2026-09-22 12:41:46 [XNIO-1 task-2] ERROR o.d.c.w.h.GlobalExceptionHandler - 取走支数必须是正整数（当前：-1）
2026-09-22 12:41:49 [XNIO-1 task-2] ERROR o.d.c.w.h.GlobalExceptionHandler - 登记类型不能改（要换类型请删掉重新登记）
2026-09-22 12:41:49 [XNIO-1 task-2] ERROR o.d.c.w.h.GlobalExceptionHandler - 冻存出入库登记不存在
2026-09-22 12:41:49 [XNIO-1 task-2] ERROR o.d.c.w.h.GlobalExceptionHandler - 已取走 7 支，冻存数量不能少于 7
2026-09-22 12:41:50 [XNIO-1 task-2] ERROR o.d.c.w.h.GlobalExceptionHandler - 已取走 7 支，冻存数量不能少于 7
2026-09-22 12:41:52 [XNIO-1 task-4] ERROR o.d.c.w.h.GlobalExceptionHandler - 取走支数超过当前剩余（当前剩余 0 支，本次要 2 支）
2026-09-22 12:41:52 [XNIO-1 task-2] ERROR o.d.c.w.h.GlobalExceptionHandler - 取走支数超过当前剩余（当前剩余 0 支，本次要 2 支）
2026-09-22 12:41:52 [XNIO-1 task-3] ERROR o.d.c.w.h.GlobalExceptionHandler - 取走支数超过当前剩余（当前剩余 0 支，本次要 2 支）
2026-09-22 12:41:52 [XNIO-1 task-4] ERROR o.d.c.w.h.GlobalExceptionHandler - 取走支数超过当前剩余（当前剩余 0 支，本次要 2 支）
2026-09-22 12:41:52 [XNIO-1 task-4] ERROR o.d.c.w.h.GlobalExceptionHandler - 转移至液氮时间（2020-01-01）不能早于冻存时间（2026-09-02）
2026-09-22 12:42:00 [XNIO-1 task-4] ERROR o.d.c.s.h.SaTokenExceptionHandler - 请求地址'/lqg/cryo/overdue',权限码校验失败'无此权限：lqg:cryo:list'
2026-09-22 12:56:56 [XNIO-1 task-2] ERROR o.d.c.w.h.GlobalExceptionHandler - 已取走 3 支，冻存数量不能少于 3
2026-09-22 12:56:56 [XNIO-1 task-2] ERROR o.d.c.s.h.SaTokenExceptionHandler - 请求地址'/mp/int/cryo/batch/list',角色权限校验失败'无此角色：lqg_internal'
2026-09-22 12:57:02 [XNIO-1 task-2] ERROR o.d.c.w.h.GlobalExceptionHandler - 请求地址'/mp/int/cryo/batch/9000003002/flow'不存在.
2026-09-22 12:57:02 [XNIO-1 task-2] ERROR o.d.c.w.h.GlobalExceptionHandler - 请求地址'/mp/int/cryo/batch/9000003001/flow/9000003101'不存在.
2026-09-22 12:57:02 [XNIO-1 task-2] ERROR o.d.c.w.h.GlobalExceptionHandler - 请求地址'/mp/int/cryo/batch/9000003001/flow/9000003101'不存在.
2026-09-22 12:57:02 [XNIO-1 task-2] ERROR o.d.c.w.h.GlobalExceptionHandler - 请求地址'/mp/int/cryo/batch/9000003001/to-ln2'不存在.
2026-09-22 12:57:02 [XNIO-1 task-2] ERROR o.d.c.s.h.SaTokenExceptionHandler - 请求地址'/mp/int/cryo/batch/9000003001/flows',角色权限校验失败'无此角色：lqg_internal'
2026-09-22 12:59:45 [XNIO-1 task-3] ERROR o.d.c.s.h.SaTokenExceptionHandler - 请求地址'/mp/int/cryo/batch/list',角色权限校验失败'无此角色：lqg_internal'
2026-09-22 12:59:45 [XNIO-1 task-3] ERROR o.d.c.s.h.SaTokenExceptionHandler - 请求地址'/mp/int/cryo/batch/9000003001/flows',角色权限校验失败'无此角色：lqg_internal'
2026-09-22 12:59:45 [XNIO-1 task-3] ERROR o.d.c.w.h.GlobalExceptionHandler - 请求地址'/mp/int/cryo/batch/9000003002/flow'不存在.
2026-09-22 12:59:45 [XNIO-1 task-3] ERROR o.d.c.w.h.GlobalExceptionHandler - 请求地址'/mp/int/cryo/batch/9000003001/flow/9000003101'不存在.
2026-09-22 12:59:45 [XNIO-1 task-3] ERROR o.d.c.w.h.GlobalExceptionHandler - 请求地址'/mp/int/cryo/batch/9000003001/flow/9000003101'不存在.
2026-09-22 12:59:45 [XNIO-1 task-3] ERROR o.d.c.w.h.GlobalExceptionHandler - 请求地址'/mp/int/cryo/batch/9000003001/to-ln2'不存在.
2026-09-22 12:59:45 [XNIO-1 task-3] ERROR o.d.c.w.h.GlobalExceptionHandler - 请求地址'/mp/int/cryo/batch/9000003001',不支持'DELETE'请求
2026-09-22 12:59:45 [XNIO-1 task-3] ERROR o.d.c.w.h.GlobalExceptionHandler - 已取走 3 支，冻存数量不能少于 3
2026-09-22 13:00:53 [XNIO-1 task-2] ERROR o.d.c.w.h.GlobalExceptionHandler - 已取走 3 支，冻存数量不能少于 3
2026-09-22 13:00:53 [XNIO-1 task-2] ERROR o.d.c.s.h.SaTokenExceptionHandler - 请求地址'/mp/int/cryo/batch/list',角色权限校验失败'无此角色：lqg_internal'
2026-09-22 13:00:55 [XNIO-1 task-2] ERROR o.d.c.w.h.GlobalExceptionHandler - 请求地址'/mp/int/cryo/batch/9000003002/flow'不存在.
2026-09-22 13:00:55 [XNIO-1 task-2] ERROR o.d.c.w.h.GlobalExceptionHandler - 请求地址'/mp/int/cryo/batch/9000003001/flow/9000003101'不存在.
2026-09-22 13:00:55 [XNIO-1 task-2] ERROR o.d.c.w.h.GlobalExceptionHandler - 请求地址'/mp/int/cryo/batch/9000003001/flow/9000003101'不存在.
2026-09-22 13:00:55 [XNIO-1 task-2] ERROR o.d.c.w.h.GlobalExceptionHandler - 请求地址'/mp/int/cryo/batch/9000003001/to-ln2'不存在.
2026-09-22 13:00:55 [XNIO-1 task-2] ERROR o.d.c.s.h.SaTokenExceptionHandler - 请求地址'/mp/int/cryo/batch/9000003001/flows',角色权限校验失败'无此角色：lqg_internal'
2026-09-22 13:01:14 [XNIO-1 task-2] ERROR o.d.c.w.h.GlobalExceptionHandler - 代数格式不对，应形如 P3（P + 1~3 位数字）：3
2026-09-22 13:01:14 [XNIO-1 task-2] ERROR o.d.c.w.h.GlobalExceptionHandler - 冻存数量必须是正整数（当前：0）
2026-09-22 13:01:14 [XNIO-1 task-2] ERROR o.d.c.w.h.GlobalExceptionHandler - 直接进液氮（暂存 -80 选「否」）必须填液氮储存位置
2026-09-22 13:01:14 [XNIO-1 task-2] ERROR o.d.c.w.h.GlobalExceptionHandler - 冻存只能挂到已核验有效的样本（当前状态：pending）
2026-09-22 13:01:14 [XNIO-1 task-2] ERROR o.d.c.w.h.GlobalExceptionHandler - 转移至液氮时间（2026-09-01）不能早于冻存时间（2026-09-17）
2026-09-22 13:01:14 [XNIO-1 task-2] ERROR o.d.c.w.h.GlobalExceptionHandler - 已取走 2 支，冻存数量不能少于 2
2026-09-22 13:01:14 [XNIO-1 task-2] ERROR o.d.c.w.h.GlobalExceptionHandler - 该批次已有 1 笔出入库登记，不能删除（删了「谁取走了几支」就查不到了）
2026-09-22 13:01:18 [XNIO-1 task-2] ERROR o.d.c.w.h.GlobalExceptionHandler - 取走支数超过当前剩余（当前剩余 3 支，本次要 9 支）
2026-09-22 13:01:18 [XNIO-1 task-2] ERROR o.d.c.w.h.GlobalExceptionHandler - 盘点调整必须写原因
2026-09-22 13:01:19 [XNIO-1 task-2] ERROR o.d.c.w.h.GlobalExceptionHandler - 取走支数超过当前剩余（当前剩余 3 支，本次要 9 支）
2026-09-22 13:01:19 [XNIO-1 task-2] ERROR o.d.c.w.h.GlobalExceptionHandler - 取走支数必须是正整数（当前：-1）
2026-09-22 13:01:21 [XNIO-1 task-2] ERROR o.d.c.w.h.GlobalExceptionHandler - 登记类型不能改（要换类型请删掉重新登记）
2026-09-22 13:01:21 [XNIO-1 task-2] ERROR o.d.c.w.h.GlobalExceptionHandler - 冻存出入库登记不存在
2026-09-22 13:01:22 [XNIO-1 task-2] ERROR o.d.c.w.h.GlobalExceptionHandler - 已取走 7 支，冻存数量不能少于 7
2026-09-22 13:01:22 [XNIO-1 task-2] ERROR o.d.c.w.h.GlobalExceptionHandler - 已取走 7 支，冻存数量不能少于 7
2026-09-22 13:01:25 [XNIO-1 task-2] ERROR o.d.c.w.h.GlobalExceptionHandler - 取走支数超过当前剩余（当前剩余 0 支，本次要 2 支）
2026-09-22 13:01:25 [XNIO-1 task-5] ERROR o.d.c.w.h.GlobalExceptionHandler - 取走支数超过当前剩余（当前剩余 0 支，本次要 2 支）
2026-09-22 13:01:25 [XNIO-1 task-3] ERROR o.d.c.w.h.GlobalExceptionHandler - 取走支数超过当前剩余（当前剩余 0 支，本次要 2 支）
2026-09-22 13:01:25 [XNIO-1 task-3] ERROR o.d.c.w.h.GlobalExceptionHandler - 取走支数超过当前剩余（当前剩余 0 支，本次要 2 支）
2026-09-22 13:01:25 [XNIO-1 task-3] ERROR o.d.c.w.h.GlobalExceptionHandler - 转移至液氮时间（2020-01-01）不能早于冻存时间（2026-09-02）
2026-09-22 13:01:33 [XNIO-1 task-3] ERROR o.d.c.s.h.SaTokenExceptionHandler - 请求地址'/lqg/cryo/overdue',权限码校验失败'无此权限：lqg:cryo:list'
2026-09-22 13:01:47 [XNIO-1 task-3] ERROR o.d.c.s.h.SaTokenExceptionHandler - 请求地址'/mp/int/embed/list',角色权限校验失败'无此角色：lqg_internal'
2026-09-22 13:03:33 [XNIO-1 task-3] ERROR o.d.c.w.h.GlobalExceptionHandler - 代数格式不对，应形如 P3（P + 1~3 位数字）：3
2026-09-22 13:03:33 [XNIO-1 task-3] ERROR o.d.c.w.h.GlobalExceptionHandler - 冻存数量必须是正整数（当前：0）
2026-09-22 13:03:33 [XNIO-1 task-3] ERROR o.d.c.w.h.GlobalExceptionHandler - 直接进液氮（暂存 -80 选「否」）必须填液氮储存位置
2026-09-22 13:03:33 [XNIO-1 task-3] ERROR o.d.c.w.h.GlobalExceptionHandler - 冻存只能挂到已核验有效的样本（当前状态：pending）
2026-09-22 13:03:33 [XNIO-1 task-3] ERROR o.d.c.w.h.GlobalExceptionHandler - 转移至液氮时间（2026-09-01）不能早于冻存时间（2026-09-17）
2026-09-22 13:03:34 [XNIO-1 task-3] ERROR o.d.c.w.h.GlobalExceptionHandler - 已取走 2 支，冻存数量不能少于 2
2026-09-22 13:03:34 [XNIO-1 task-3] ERROR o.d.c.w.h.GlobalExceptionHandler - 该批次已有 1 笔出入库登记，不能删除（删了「谁取走了几支」就查不到了）
2026-09-22 13:03:38 [XNIO-1 task-3] ERROR o.d.c.w.h.GlobalExceptionHandler - 取走支数超过当前剩余（当前剩余 3 支，本次要 9 支）
2026-09-22 13:03:38 [XNIO-1 task-3] ERROR o.d.c.w.h.GlobalExceptionHandler - 盘点调整必须写原因
2026-09-22 13:03:38 [XNIO-1 task-3] ERROR o.d.c.w.h.GlobalExceptionHandler - 取走支数超过当前剩余（当前剩余 3 支，本次要 9 支）
2026-09-22 13:03:38 [XNIO-1 task-3] ERROR o.d.c.w.h.GlobalExceptionHandler - 取走支数必须是正整数（当前：-1）
2026-09-22 13:03:40 [XNIO-1 task-3] ERROR o.d.c.w.h.GlobalExceptionHandler - 登记类型不能改（要换类型请删掉重新登记）
2026-09-22 13:03:40 [XNIO-1 task-3] ERROR o.d.c.w.h.GlobalExceptionHandler - 冻存出入库登记不存在
2026-09-22 13:03:41 [XNIO-1 task-3] ERROR o.d.c.w.h.GlobalExceptionHandler - 已取走 7 支，冻存数量不能少于 7
2026-09-22 13:03:41 [XNIO-1 task-3] ERROR o.d.c.w.h.GlobalExceptionHandler - 已取走 7 支，冻存数量不能少于 7
2026-09-22 13:03:44 [XNIO-1 task-4] ERROR o.d.c.w.h.GlobalExceptionHandler - 取走支数超过当前剩余（当前剩余 0 支，本次要 2 支）
2026-09-22 13:03:44 [XNIO-1 task-5] ERROR o.d.c.w.h.GlobalExceptionHandler - 取走支数超过当前剩余（当前剩余 0 支，本次要 2 支）
2026-09-22 13:03:44 [XNIO-1 task-4] ERROR o.d.c.w.h.GlobalExceptionHandler - 取走支数超过当前剩余（当前剩余 0 支，本次要 2 支）
2026-09-22 13:03:44 [XNIO-1 task-4] ERROR o.d.c.w.h.GlobalExceptionHandler - 取走支数超过当前剩余（当前剩余 0 支，本次要 2 支）
2026-09-22 13:03:44 [XNIO-1 task-4] ERROR o.d.c.w.h.GlobalExceptionHandler - 转移至液氮时间（2020-01-01）不能早于冻存时间（2026-09-02）
2026-09-22 13:03:53 [XNIO-1 task-4] ERROR o.d.c.s.h.SaTokenExceptionHandler - 请求地址'/lqg/cryo/overdue',权限码校验失败'无此权限：lqg:cryo:list'
2026-09-22 13:04:06 [XNIO-1 task-4] ERROR o.d.c.s.h.SaTokenExceptionHandler - 请求地址'/mp/int/embed/list',角色权限校验失败'无此角色：lqg_internal'
2026-09-22 13:04:44 [XNIO-1 task-4] ERROR o.d.c.w.h.GlobalExceptionHandler - 已取走 3 支，冻存数量不能少于 3
2026-09-22 13:04:44 [XNIO-1 task-4] ERROR o.d.c.s.h.SaTokenExceptionHandler - 请求地址'/mp/int/cryo/batch/list',角色权限校验失败'无此角色：lqg_internal'
2026-09-22 13:04:46 [XNIO-1 task-4] ERROR o.d.c.w.h.GlobalExceptionHandler - 请求地址'/mp/int/cryo/batch/9000003002/flow'不存在.
2026-09-22 13:04:46 [XNIO-1 task-4] ERROR o.d.c.w.h.GlobalExceptionHandler - 请求地址'/mp/int/cryo/batch/9000003001/flow/9000003101'不存在.
2026-09-22 13:04:46 [XNIO-1 task-4] ERROR o.d.c.w.h.GlobalExceptionHandler - 请求地址'/mp/int/cryo/batch/9000003001/flow/9000003101'不存在.
2026-09-22 13:04:46 [XNIO-1 task-4] ERROR o.d.c.w.h.GlobalExceptionHandler - 请求地址'/mp/int/cryo/batch/9000003001/to-ln2'不存在.
2026-09-22 13:04:46 [XNIO-1 task-4] ERROR o.d.c.s.h.SaTokenExceptionHandler - 请求地址'/mp/int/cryo/batch/9000003001/flows',角色权限校验失败'无此角色：lqg_internal'
2026-09-22 13:04:53 [XNIO-1 task-4] ERROR o.d.c.s.h.SaTokenExceptionHandler - 请求地址'/mp/int/cryo/batch/list',角色权限校验失败'无此角色：lqg_internal'
2026-09-22 13:04:53 [XNIO-1 task-4] ERROR o.d.c.s.h.SaTokenExceptionHandler - 请求地址'/mp/int/cryo/batch/9000003001/flows',角色权限校验失败'无此角色：lqg_internal'
2026-09-22 13:04:53 [XNIO-1 task-4] ERROR o.d.c.w.h.GlobalExceptionHandler - 请求地址'/mp/int/cryo/batch/9000003002/flow'不存在.
2026-09-22 13:04:53 [XNIO-1 task-4] ERROR o.d.c.w.h.GlobalExceptionHandler - 请求地址'/mp/int/cryo/batch/9000003001/flow/9000003101'不存在.
2026-09-22 13:04:53 [XNIO-1 task-4] ERROR o.d.c.w.h.GlobalExceptionHandler - 请求地址'/mp/int/cryo/batch/9000003001/flow/9000003101'不存在.
2026-09-22 13:04:53 [XNIO-1 task-4] ERROR o.d.c.w.h.GlobalExceptionHandler - 请求地址'/mp/int/cryo/batch/9000003001/to-ln2'不存在.
2026-09-22 13:04:53 [XNIO-1 task-4] ERROR o.d.c.w.h.GlobalExceptionHandler - 请求地址'/mp/int/cryo/batch/9000003001',不支持'DELETE'请求
2026-09-22 13:04:54 [XNIO-1 task-4] ERROR o.d.c.w.h.GlobalExceptionHandler - 已取走 3 支，冻存数量不能少于 3
