2026-09-21 22:14:46 [88144] DRYRUN 会 resume：心跳已停 706s，未完成任务=D1,D2,D3,D4,D5,D6,D7,D8；dsh=/Users/wkui/.npm/_npx/1e7f6d9597241db0/node_modules/.bin/dsh
2026-09-21 22:14:46 [88161] SKIP PAUSE 哨兵存在：test —— 主会话停在等人，不自动接手
2026-09-21 22:18:49 [4786] DRYRUN 会 resume：心跳已停 709s，未完成任务=D1,D2,D3,D4,D5,D6,D7,D8；dsh=/Users/wkui/.npm/_npx/1e7f6d9597241db0/node_modules/.bin/dsh
2026-09-21 22:18:56 [5133] SKIP 没有 heartbeat 文件（本次会话没 arm 看门狗），不接手
2026-09-28 21:23:44 [29174] SKIP 需要人（escalated=DOC-PROOF-001,OCR-SPIKE-001 qa_failed>=2=-）—— 按 zhixing 规矩不许自动接手
2026-09-28 21:24:44 [31274] SKIP 需要人（escalated=DOC-PROOF-001,OCR-SPIKE-001 qa_failed>=2=-）—— 按 zhixing 规矩不许自动接手
2026-09-28 21:25:44 [32949] SKIP 需要人（escalated=DOC-PROOF-001,OCR-SPIKE-001 qa_failed>=2=-）—— 按 zhixing 规矩不许自动接手
2026-09-28 21:26:44 [34606] SKIP 需要人（escalated=DOC-PROOF-001,OCR-SPIKE-001 qa_failed>=2=-）—— 按 zhixing 规矩不许自动接手
2026-09-28 21:27:45 [36256] SKIP 需要人（escalated=DOC-PROOF-001,OCR-SPIKE-001 qa_failed>=2=-）—— 按 zhixing 规矩不许自动接手
2026-09-28 21:28:45 [38166] SKIP 需要人（escalated=DOC-PROOF-001,OCR-SPIKE-001 qa_failed>=2=-）—— 按 zhixing 规矩不许自动接手
2026-09-28 21:29:45 [40152] SKIP 需要人（escalated=DOC-PROOF-001,OCR-SPIKE-001 qa_failed>=2=-）—— 按 zhixing 规矩不许自动接手
2026-09-28 21:30:45 [42320] SKIP 需要人（escalated=DOC-PROOF-001,OCR-SPIKE-001 qa_failed>=2=-）—— 按 zhixing 规矩不许自动接手
2026-09-28 21:31:45 [46503] SKIP 需要人（escalated=DOC-PROOF-001,OCR-SPIKE-001 qa_failed>=2=-）—— 按 zhixing 规矩不许自动接手
2026-09-28 21:32:45 [49347] SKIP 需要人（escalated=DOC-PROOF-001,OCR-SPIKE-001 qa_failed>=2=-）—— 按 zhixing 规矩不许自动接手
2026-09-28 21:33:45 [51445] SKIP 需要人（escalated=DOC-PROOF-001,OCR-SPIKE-001 qa_failed>=2=-）—— 按 zhixing 规矩不许自动接手
2026-09-28 21:34:45 [53433] SKIP 需要人（escalated=DOC-PROOF-001,OCR-SPIKE-001 qa_failed>=2=-）—— 按 zhixing 规矩不许自动接手
2026-09-28 21:35:45 [55897] SKIP 需要人（escalated=DOC-PROOF-001,OCR-SPIKE-001 qa_failed>=2=-）—— 按 zhixing 规矩不许自动接手
2026-09-28 21:36:45 [58038] SKIP 需要人（escalated=DOC-PROOF-001,OCR-SPIKE-001 qa_failed>=2=-）—— 按 zhixing 规矩不许自动接手
2026-09-28 21:37:45 [60593] SKIP 需要人（escalated=DOC-PROOF-001,OCR-SPIKE-001 qa_failed>=2=-）—— 按 zhixing 规矩不许自动接手
2026-09-28 21:38:45 [62615] SKIP 需要人（escalated=DOC-PROOF-001,OCR-SPIKE-001 qa_failed>=2=-）—— 按 zhixing 规矩不许自动接手
2026-09-28 21:39:46 [64645] SKIP 需要人（escalated=DOC-PROOF-001,OCR-SPIKE-001 qa_failed>=2=-）—— 按 zhixing 规矩不许自动接手
2026-09-28 21:40:46 [66623] SKIP 需要人（escalated=DOC-PROOF-001,OCR-SPIKE-001 qa_failed>=2=-）—— 按 zhixing 规矩不许自动接手
2026-09-28 21:41:46 [68578] SKIP 需要人（escalated=DOC-PROOF-001,OCR-SPIKE-001 qa_failed>=2=-）—— 按 zhixing 规矩不许自动接手
2026-09-28 21:42:46 [70686] SKIP 需要人（escalated=DOC-PROOF-001,OCR-SPIKE-001 qa_failed>=2=-）—— 按 zhixing 规矩不许自动接手
2026-09-28 21:43:46 [72641] SKIP 需要人（escalated=DOC-PROOF-001,OCR-SPIKE-001 qa_failed>=2=-）—— 按 zhixing 规矩不许自动接手
2026-09-28 21:44:46 [74591] SKIP 需要人（escalated=DOC-PROOF-001,OCR-SPIKE-001 qa_failed>=2=-）—— 按 zhixing 规矩不许自动接手
2026-09-28 21:45:46 [76609] SKIP 需要人（escalated=DOC-PROOF-001,OCR-SPIKE-001 qa_failed>=2=-）—— 按 zhixing 规矩不许自动接手
2026-09-28 21:46:46 [78572] SKIP 需要人（escalated=DOC-PROOF-001,OCR-SPIKE-001 qa_failed>=2=-）—— 按 zhixing 规矩不许自动接手
2026-09-28 21:47:46 [80552] SKIP 需要人（escalated=DOC-PROOF-001,OCR-SPIKE-001 qa_failed>=2=-）—— 按 zhixing 规矩不许自动接手
2026-09-28 21:48:46 [82570] SKIP 需要人（escalated=DOC-PROOF-001,OCR-SPIKE-001 qa_failed>=2=-）—— 按 zhixing 规矩不许自动接手
2026-09-28 21:49:46 [84521] SKIP 需要人（escalated=DOC-PROOF-001,OCR-SPIKE-001 qa_failed>=2=-）—— 按 zhixing 规矩不许自动接手
2026-09-28 21:50:47 [86472] SKIP 需要人（escalated=DOC-PROOF-001,OCR-SPIKE-001 qa_failed>=2=-）—— 按 zhixing 规矩不许自动接手
2026-09-28 21:51:47 [88498] SKIP 需要人（escalated=DOC-PROOF-001,OCR-SPIKE-001 qa_failed>=2=-）—— 按 zhixing 规矩不许自动接手
2026-09-28 21:52:47 [90464] SKIP 需要人（escalated=DOC-PROOF-001,OCR-SPIKE-001 qa_failed>=2=-）—— 按 zhixing 规矩不许自动接手
2026-09-28 21:53:47 [92492] SKIP 需要人（escalated=DOC-PROOF-001,OCR-SPIKE-001 qa_failed>=2=-）—— 按 zhixing 规矩不许自动接手
2026-09-28 21:54:47 [94441] SKIP 需要人（escalated=DOC-PROOF-001,OCR-SPIKE-001 qa_failed>=2=-）—— 按 zhixing 规矩不许自动接手
2026-09-28 21:55:47 [96458] SKIP 需要人（escalated=DOC-PROOF-001,OCR-SPIKE-001 qa_failed>=2=-）—— 按 zhixing 规矩不许自动接手
2026-09-28 21:56:47 [98407] SKIP 需要人（escalated=DOC-PROOF-001,OCR-SPIKE-001 qa_failed>=2=-）—— 按 zhixing 规矩不许自动接手
2026-09-28 21:57:47 [522] SKIP 需要人（escalated=DOC-PROOF-001,OCR-SPIKE-001 qa_failed>=2=-）—— 按 zhixing 规矩不许自动接手
2026-09-28 21:58:47 [2527] SKIP 需要人（escalated=DOC-PROOF-001,OCR-SPIKE-001 qa_failed>=2=-）—— 按 zhixing 规矩不许自动接手
2026-09-28 21:59:47 [4547] SKIP 需要人（escalated=DOC-PROOF-001,OCR-SPIKE-001 qa_failed>=2=-）—— 按 zhixing 规矩不许自动接手
2026-09-28 22:00:47 [6507] SKIP 需要人（escalated=DOC-PROOF-001,OCR-SPIKE-001 qa_failed>=2=-）—— 按 zhixing 规矩不许自动接手
2026-09-28 22:01:48 [8455] SKIP 需要人（escalated=DOC-PROOF-001,OCR-SPIKE-001 qa_failed>=2=-）—— 按 zhixing 规矩不许自动接手
2026-09-28 22:02:48 [10406] SKIP 需要人（escalated=DOC-PROOF-001,OCR-SPIKE-001 qa_failed>=2=-）—— 按 zhixing 规矩不许自动接手
2026-09-28 22:03:48 [12431] SKIP 需要人（escalated=DOC-PROOF-001,OCR-SPIKE-001 qa_failed>=2=-）—— 按 zhixing 规矩不许自动接手
2026-09-28 22:04:48 [14387] SKIP 需要人（escalated=DOC-PROOF-001,OCR-SPIKE-001 qa_failed>=2=-）—— 按 zhixing 规矩不许自动接手
2026-09-28 22:05:48 [16370] SKIP 需要人（escalated=DOC-PROOF-001,OCR-SPIKE-001 qa_failed>=2=-）—— 按 zhixing 规矩不许自动接手
2026-09-28 22:06:48 [18326] SKIP 需要人（escalated=DOC-PROOF-001,OCR-SPIKE-001 qa_failed>=2=-）—— 按 zhixing 规矩不许自动接手
2026-09-28 22:07:48 [20718] SKIP 需要人（escalated=DOC-PROOF-001,OCR-SPIKE-001 qa_failed>=2=-）—— 按 zhixing 规矩不许自动接手
2026-09-28 22:08:48 [22748] SKIP 需要人（escalated=DOC-PROOF-001,OCR-SPIKE-001 qa_failed>=2=-）—— 按 zhixing 规矩不许自动接手
2026-09-28 22:09:48 [24709] SKIP 需要人（escalated=DOC-PROOF-001,OCR-SPIKE-001 qa_failed>=2=-）—— 按 zhixing 规矩不许自动接手
2026-09-28 22:10:48 [26696] SKIP 需要人（escalated=DOC-PROOF-001,OCR-SPIKE-001 qa_failed>=2=-）—— 按 zhixing 规矩不许自动接手
2026-09-28 22:11:48 [28764] SKIP 需要人（escalated=DOC-PROOF-001,OCR-SPIKE-001 qa_failed>=2=-）—— 按 zhixing 规矩不许自动接手
2026-09-28 22:12:49 [30774] SKIP 需要人（escalated=DOC-PROOF-001,OCR-SPIKE-001 qa_failed>=2=-）—— 按 zhixing 规矩不许自动接手
2026-09-28 22:13:49 [32736] SKIP 需要人（escalated=DOC-PROOF-001,OCR-SPIKE-001 qa_failed>=2=-）—— 按 zhixing 规矩不许自动接手
2026-09-28 22:14:49 [34688] SKIP 需要人（escalated=DOC-PROOF-001,OCR-SPIKE-001 qa_failed>=2=-）—— 按 zhixing 规矩不许自动接手
2026-09-28 22:15:49 [36661] SKIP 需要人（escalated=DOC-PROOF-001,OCR-SPIKE-001 qa_failed>=2=-）—— 按 zhixing 规矩不许自动接手
2026-09-28 22:16:49 [38701] SKIP 需要人（escalated=DOC-PROOF-001,OCR-SPIKE-001 qa_failed>=2=-）—— 按 zhixing 规矩不许自动接手
2026-09-28 22:17:49 [40653] SKIP 需要人（escalated=DOC-PROOF-001,OCR-SPIKE-001 qa_failed>=2=-）—— 按 zhixing 规矩不许自动接手
2026-09-28 22:18:49 [42604] SKIP 需要人（escalated=DOC-PROOF-001,OCR-SPIKE-001 qa_failed>=2=-）—— 按 zhixing 规矩不许自动接手
2026-09-28 22:19:49 [44572] SKIP 需要人（escalated=DOC-PROOF-001,OCR-SPIKE-001 qa_failed>=2=-）—— 按 zhixing 规矩不许自动接手
2026-09-28 22:20:49 [46596] SKIP 需要人（escalated=DOC-PROOF-001,OCR-SPIKE-001 qa_failed>=2=-）—— 按 zhixing 规矩不许自动接手
2026-09-28 22:21:49 [48565] SKIP 需要人（escalated=DOC-PROOF-001,OCR-SPIKE-001 qa_failed>=2=-）—— 按 zhixing 规矩不许自动接手
2026-09-28 22:22:49 [50606] SKIP 需要人（escalated=DOC-PROOF-001,OCR-SPIKE-001 qa_failed>=2=-）—— 按 zhixing 规矩不许自动接手
2026-09-28 22:23:50 [53229] SKIP 需要人（escalated=DOC-PROOF-001,OCR-SPIKE-001 qa_failed>=2=-）—— 按 zhixing 规矩不许自动接手
2026-09-28 22:24:50 [55551] SKIP 需要人（escalated=DOC-PROOF-001,OCR-SPIKE-001 qa_failed>=2=-）—— 按 zhixing 规矩不许自动接手
2026-09-28 22:25:50 [57541] SKIP 需要人（escalated=DOC-PROOF-001,OCR-SPIKE-001 qa_failed>=2=-）—— 按 zhixing 规矩不许自动接手
2026-09-28 22:26:50 [59678] SKIP 需要人（escalated=DOC-PROOF-001,OCR-SPIKE-001 qa_failed>=2=-）—— 按 zhixing 规矩不许自动接手
2026-09-28 22:27:50 [61635] SKIP 需要人（escalated=DOC-PROOF-001,OCR-SPIKE-001 qa_failed>=2=-）—— 按 zhixing 规矩不许自动接手
2026-09-28 22:28:50 [63613] SKIP 需要人（escalated=DOC-PROOF-001,OCR-SPIKE-001 qa_failed>=2=-）—— 按 zhixing 规矩不许自动接手
2026-09-28 22:29:50 [65631] SKIP 需要人（escalated=DOC-PROOF-001,OCR-SPIKE-001 qa_failed>=2=-）—— 按 zhixing 规矩不许自动接手
2026-09-28 22:30:50 [67589] SKIP 需要人（escalated=DOC-PROOF-001,OCR-SPIKE-001 qa_failed>=2=-）—— 按 zhixing 规矩不许自动接手
2026-09-28 22:31:50 [69558] SKIP 需要人（escalated=DOC-PROOF-001,OCR-SPIKE-001 qa_failed>=2=-）—— 按 zhixing 规矩不许自动接手
2026-09-28 22:32:50 [71516] SKIP 需要人（escalated=DOC-PROOF-001,OCR-SPIKE-001 qa_failed>=2=-）—— 按 zhixing 规矩不许自动接手
2026-09-28 22:33:51 [73534] SKIP 需要人（escalated=DOC-PROOF-001,OCR-SPIKE-001 qa_failed>=2=-）—— 按 zhixing 规矩不许自动接手
2026-09-28 22:34:51 [75500] SKIP 需要人（escalated=DOC-PROOF-001,OCR-SPIKE-001 qa_failed>=2=-）—— 按 zhixing 规矩不许自动接手
2026-09-28 22:35:51 [77449] SKIP 需要人（escalated=DOC-PROOF-001,OCR-SPIKE-001 qa_failed>=2=-）—— 按 zhixing 规矩不许自动接手
2026-09-28 22:36:51 [79426] SKIP 需要人（escalated=DOC-PROOF-001,OCR-SPIKE-001 qa_failed>=2=-）—— 按 zhixing 规矩不许自动接手
2026-09-28 22:37:51 [81443] SKIP 需要人（escalated=DOC-PROOF-001,OCR-SPIKE-001 qa_failed>=2=-）—— 按 zhixing 规矩不许自动接手
2026-09-28 22:38:51 [83468] SKIP 需要人（escalated=DOC-PROOF-001,OCR-SPIKE-001 qa_failed>=2=-）—— 按 zhixing 规矩不许自动接手
2026-09-28 22:39:51 [85418] SKIP 需要人（escalated=DOC-PROOF-001,OCR-SPIKE-001 qa_failed>=2=-）—— 按 zhixing 规矩不许自动接手
2026-09-28 22:40:51 [87369] SKIP 需要人（escalated=DOC-PROOF-001,OCR-SPIKE-001 qa_failed>=2=-）—— 按 zhixing 规矩不许自动接手
2026-09-28 22:41:51 [89394] SKIP 需要人（escalated=DOC-PROOF-001,OCR-SPIKE-001 qa_failed>=2=-）—— 按 zhixing 规矩不许自动接手
2026-09-28 22:42:51 [91353] SKIP 需要人（escalated=DOC-PROOF-001,OCR-SPIKE-001 qa_failed>=2=-）—— 按 zhixing 规矩不许自动接手
2026-09-28 22:43:52 [93309] SKIP 需要人（escalated=DOC-PROOF-001,OCR-SPIKE-001 qa_failed>=2=-）—— 按 zhixing 规矩不许自动接手
2026-09-28 22:44:52 [95268] SKIP 需要人（escalated=DOC-PROOF-001,OCR-SPIKE-001 qa_failed>=2=-）—— 按 zhixing 规矩不许自动接手
2026-09-28 22:45:52 [97285] SKIP 需要人（escalated=DOC-PROOF-001,OCR-SPIKE-001 qa_failed>=2=-）—— 按 zhixing 规矩不许自动接手
2026-09-28 22:46:52 [99236] SKIP 需要人（escalated=DOC-PROOF-001,OCR-SPIKE-001 qa_failed>=2=-）—— 按 zhixing 规矩不许自动接手
2026-09-28 22:47:52 [1410] SKIP 需要人（escalated=DOC-PROOF-001,OCR-SPIKE-001 qa_failed>=2=-）—— 按 zhixing 规矩不许自动接手
2026-09-28 22:48:52 [3373] SKIP 需要人（escalated=DOC-PROOF-001,OCR-SPIKE-001 qa_failed>=2=-）—— 按 zhixing 规矩不许自动接手
2026-09-28 22:49:52 [5405] SKIP 需要人（escalated=DOC-PROOF-001,OCR-SPIKE-001 qa_failed>=2=-）—— 按 zhixing 规矩不许自动接手
2026-09-28 22:50:52 [7354] SKIP 需要人（escalated=DOC-PROOF-001,OCR-SPIKE-001 qa_failed>=2=-）—— 按 zhixing 规矩不许自动接手
2026-09-28 22:51:52 [9306] SKIP 需要人（escalated=DOC-PROOF-001,OCR-SPIKE-001 qa_failed>=2=-）—— 按 zhixing 规矩不许自动接手
2026-09-28 22:52:52 [11276] SKIP 需要人（escalated=DOC-PROOF-001,OCR-SPIKE-001 qa_failed>=2=-）—— 按 zhixing 规矩不许自动接手
2026-09-28 22:53:52 [13372] SKIP 需要人（escalated=DOC-PROOF-001,OCR-SPIKE-001 qa_failed>=2=-）—— 按 zhixing 规矩不许自动接手
2026-09-28 22:54:53 [15325] SKIP 需要人（escalated=DOC-PROOF-001,OCR-SPIKE-001 qa_failed>=2=-）—— 按 zhixing 规矩不许自动接手
2026-09-28 22:55:53 [17278] SKIP 需要人（escalated=DOC-PROOF-001,OCR-SPIKE-001 qa_failed>=2=-）—— 按 zhixing 规矩不许自动接手
2026-09-28 22:56:53 [19266] SKIP 需要人（escalated=DOC-PROOF-001,OCR-SPIKE-001 qa_failed>=2=-）—— 按 zhixing 规矩不许自动接手
2026-09-28 22:57:53 [21517] SKIP 需要人（escalated=DOC-PROOF-001,OCR-SPIKE-001 qa_failed>=2=-）—— 按 zhixing 规矩不许自动接手
2026-09-28 22:58:53 [23535] SKIP 需要人（escalated=DOC-PROOF-001,OCR-SPIKE-001 qa_failed>=2=-）—— 按 zhixing 规矩不许自动接手
2026-09-28 22:59:53 [25510] SKIP 需要人（escalated=DOC-PROOF-001,OCR-SPIKE-001 qa_failed>=2=-）—— 按 zhixing 规矩不许自动接手
2026-09-28 23:00:53 [27472] SKIP 需要人（escalated=DOC-PROOF-001,OCR-SPIKE-001 qa_failed>=2=-）—— 按 zhixing 规矩不许自动接手
2026-09-28 23:01:53 [29488] SKIP 需要人（escalated=DOC-PROOF-001,OCR-SPIKE-001 qa_failed>=2=-）—— 按 zhixing 规矩不许自动接手
2026-09-28 23:02:53 [31530] SKIP 需要人（escalated=DOC-PROOF-001,OCR-SPIKE-001 qa_failed>=2=-）—— 按 zhixing 规矩不许自动接手
2026-09-28 23:03:53 [33499] SKIP 需要人（escalated=DOC-PROOF-001,OCR-SPIKE-001 qa_failed>=2=-）—— 按 zhixing 规矩不许自动接手
2026-09-28 23:04:54 [35463] SKIP 需要人（escalated=DOC-PROOF-001,OCR-SPIKE-001 qa_failed>=2=-）—— 按 zhixing 规矩不许自动接手
2026-09-28 23:05:54 [37424] SKIP 需要人（escalated=DOC-PROOF-001,OCR-SPIKE-001 qa_failed>=2=-）—— 按 zhixing 规矩不许自动接手
2026-09-28 23:06:54 [39446] SKIP 需要人（escalated=DOC-PROOF-001,OCR-SPIKE-001 qa_failed>=2=-）—— 按 zhixing 规矩不许自动接手
2026-09-28 23:07:54 [41406] SKIP 需要人（escalated=DOC-PROOF-001,OCR-SPIKE-001 qa_failed>=2=-）—— 按 zhixing 规矩不许自动接手
2026-09-28 23:08:54 [43433] SKIP 需要人（escalated=DOC-PROOF-001,OCR-SPIKE-001 qa_failed>=2=-）—— 按 zhixing 规矩不许自动接手
2026-09-28 23:09:54 [45388] SKIP 需要人（escalated=DOC-PROOF-001,OCR-SPIKE-001 qa_failed>=2=-）—— 按 zhixing 规矩不许自动接手
2026-09-28 23:10:54 [47406] SKIP 需要人（escalated=DOC-PROOF-001,OCR-SPIKE-001 qa_failed>=2=-）—— 按 zhixing 规矩不许自动接手
2026-09-28 23:11:54 [49354] SKIP 需要人（escalated=DOC-PROOF-001,OCR-SPIKE-001 qa_failed>=2=-）—— 按 zhixing 规矩不许自动接手
2026-09-28 23:12:54 [51336] SKIP 需要人（escalated=DOC-PROOF-001,OCR-SPIKE-001 qa_failed>=2=-）—— 按 zhixing 规矩不许自动接手
2026-09-28 23:13:54 [53315] SKIP 需要人（escalated=DOC-PROOF-001,OCR-SPIKE-001 qa_failed>=2=-）—— 按 zhixing 规矩不许自动接手
2026-09-28 23:14:54 [55340] SKIP 需要人（escalated=DOC-PROOF-001,OCR-SPIKE-001 qa_failed>=2=-）—— 按 zhixing 规矩不许自动接手
2026-09-28 23:15:55 [57294] SKIP 需要人（escalated=DOC-PROOF-001,OCR-SPIKE-001 qa_failed>=2=-）—— 按 zhixing 规矩不许自动接手
2026-09-28 23:16:55 [59245] SKIP 需要人（escalated=DOC-PROOF-001,OCR-SPIKE-001 qa_failed>=2=-）—— 按 zhixing 规矩不许自动接手
2026-09-28 23:17:55 [61199] SKIP 需要人（escalated=DOC-PROOF-001,OCR-SPIKE-001 qa_failed>=2=-）—— 按 zhixing 规矩不许自动接手
2026-09-28 23:18:55 [63240] SKIP 需要人（escalated=DOC-PROOF-001,OCR-SPIKE-001 qa_failed>=2=-）—— 按 zhixing 规矩不许自动接手
2026-09-28 23:19:55 [65194] SKIP 需要人（escalated=DOC-PROOF-001,OCR-SPIKE-001 qa_failed>=2=-）—— 按 zhixing 规矩不许自动接手
2026-09-28 23:20:55 [67148] SKIP 需要人（escalated=DOC-PROOF-001,OCR-SPIKE-001 qa_failed>=2=-）—— 按 zhixing 规矩不许自动接手
2026-09-28 23:21:55 [69098] SKIP 需要人（escalated=DOC-PROOF-001,OCR-SPIKE-001 qa_failed>=2=-）—— 按 zhixing 规矩不许自动接手
2026-09-28 23:22:55 [71171] SKIP 需要人（escalated=DOC-PROOF-001,OCR-SPIKE-001 qa_failed>=2=-）—— 按 zhixing 规矩不许自动接手
2026-09-28 23:23:55 [73183] SKIP 需要人（escalated=DOC-PROOF-001,OCR-SPIKE-001 qa_failed>=2=-）—— 按 zhixing 规矩不许自动接手
2026-09-28 23:24:55 [75131] SKIP 需要人（escalated=DOC-PROOF-001,OCR-SPIKE-001 qa_failed>=2=-）—— 按 zhixing 规矩不许自动接手
2026-09-28 23:25:56 [77085] SKIP 需要人（escalated=DOC-PROOF-001,OCR-SPIKE-001 qa_failed>=2=-）—— 按 zhixing 规矩不许自动接手
2026-09-28 23:26:56 [79105] SKIP 需要人（escalated=DOC-PROOF-001,OCR-SPIKE-001 qa_failed>=2=-）—— 按 zhixing 规矩不许自动接手
2026-09-28 23:27:56 [81060] SKIP 需要人（escalated=DOC-PROOF-001,OCR-SPIKE-001 qa_failed>=2=-）—— 按 zhixing 规矩不许自动接手
2026-09-28 23:28:56 [83026] SKIP 需要人（escalated=DOC-PROOF-001,OCR-SPIKE-001 qa_failed>=2=-）—— 按 zhixing 规矩不许自动接手
2026-09-28 23:29:56 [84981] SKIP 需要人（escalated=DOC-PROOF-001,OCR-SPIKE-001 qa_failed>=2=-）—— 按 zhixing 规矩不许自动接手
2026-09-28 23:30:56 [86991] SKIP 需要人（escalated=DOC-PROOF-001,OCR-SPIKE-001 qa_failed>=2=-）—— 按 zhixing 规矩不许自动接手
2026-09-28 23:31:56 [88949] SKIP 需要人（escalated=DOC-PROOF-001,OCR-SPIKE-001 qa_failed>=2=-）—— 按 zhixing 规矩不许自动接手
2026-09-28 23:32:56 [90901] SKIP 需要人（escalated=DOC-PROOF-001,OCR-SPIKE-001 qa_failed>=2=-）—— 按 zhixing 规矩不许自动接手
2026-09-28 23:33:56 [92871] SKIP 需要人（escalated=DOC-PROOF-001,OCR-SPIKE-001 qa_failed>=2=-）—— 按 zhixing 规矩不许自动接手
2026-09-28 23:34:56 [94837] SKIP 需要人（escalated=DOC-PROOF-001,OCR-SPIKE-001 qa_failed>=2=-）—— 按 zhixing 规矩不许自动接手
2026-09-28 23:35:56 [96855] SKIP 需要人（escalated=DOC-PROOF-001,OCR-SPIKE-001 qa_failed>=2=-）—— 按 zhixing 规矩不许自动接手
2026-09-28 23:36:57 [98804] SKIP 需要人（escalated=DOC-PROOF-001,OCR-SPIKE-001 qa_failed>=2=-）—— 按 zhixing 规矩不许自动接手
2026-09-28 23:37:57 [1021] SKIP 需要人（escalated=DOC-PROOF-001,OCR-SPIKE-001 qa_failed>=2=-）—— 按 zhixing 规矩不许自动接手
2026-09-28 23:38:57 [2994] SKIP 需要人（escalated=DOC-PROOF-001,OCR-SPIKE-001 qa_failed>=2=-）—— 按 zhixing 规矩不许自动接手
2026-09-28 23:39:57 [5036] SKIP 需要人（escalated=DOC-PROOF-001,OCR-SPIKE-001 qa_failed>=2=-）—— 按 zhixing 规矩不许自动接手
2026-09-28 23:40:57 [6991] SKIP 需要人（escalated=DOC-PROOF-001,OCR-SPIKE-001 qa_failed>=2=-）—— 按 zhixing 规矩不许自动接手
2026-09-28 23:41:57 [8940] SKIP 需要人（escalated=DOC-PROOF-001,OCR-SPIKE-001 qa_failed>=2=-）—— 按 zhixing 规矩不许自动接手
2026-09-28 23:42:57 [10895] SKIP 需要人（escalated=DOC-PROOF-001,OCR-SPIKE-001 qa_failed>=2=-）—— 按 zhixing 规矩不许自动接手
2026-09-28 23:43:57 [12917] SKIP 需要人（escalated=DOC-PROOF-001,OCR-SPIKE-001 qa_failed>=2=-）—— 按 zhixing 规矩不许自动接手
2026-09-28 23:44:57 [14883] SKIP 需要人（escalated=DOC-PROOF-001,OCR-SPIKE-001 qa_failed>=2=-）—— 按 zhixing 规矩不许自动接手
2026-09-28 23:45:57 [16850] SKIP 需要人（escalated=DOC-PROOF-001,OCR-SPIKE-001 qa_failed>=2=-）—— 按 zhixing 规矩不许自动接手
2026-09-28 23:46:58 [18808] SKIP 需要人（escalated=DOC-PROOF-001,OCR-SPIKE-001 qa_failed>=2=-）—— 按 zhixing 规矩不许自动接手
2026-09-28 23:47:58 [21138] SKIP 需要人（escalated=DOC-PROOF-001,OCR-SPIKE-001 qa_failed>=2=-）—— 按 zhixing 规矩不许自动接手
2026-09-28 23:48:58 [23089] SKIP 需要人（escalated=DOC-PROOF-001,OCR-SPIKE-001 qa_failed>=2=-）—— 按 zhixing 规矩不许自动接手
2026-09-28 23:49:58 [25059] SKIP 需要人（escalated=DOC-PROOF-001,OCR-SPIKE-001 qa_failed>=2=-）—— 按 zhixing 规矩不许自动接手
2026-09-28 23:50:58 [27031] SKIP 需要人（escalated=DOC-PROOF-001,OCR-SPIKE-001 qa_failed>=2=-）—— 按 zhixing 规矩不许自动接手
2026-09-28 23:51:58 [29092] SKIP 需要人（escalated=DOC-PROOF-001,OCR-SPIKE-001 qa_failed>=2=-）—— 按 zhixing 规矩不许自动接手
2026-09-28 23:52:58 [31160] SKIP 需要人（escalated=DOC-PROOF-001,OCR-SPIKE-001 qa_failed>=2=-）—— 按 zhixing 规矩不许自动接手
2026-09-28 23:53:58 [33120] SKIP 需要人（escalated=DOC-PROOF-001,OCR-SPIKE-001 qa_failed>=2=-）—— 按 zhixing 规矩不许自动接手
2026-09-28 23:54:58 [35072] SKIP 需要人（escalated=DOC-PROOF-001,OCR-SPIKE-001 qa_failed>=2=-）—— 按 zhixing 规矩不许自动接手
2026-09-28 23:55:58 [37109] SKIP 需要人（escalated=DOC-PROOF-001,OCR-SPIKE-001 qa_failed>=2=-）—— 按 zhixing 规矩不许自动接手
2026-09-28 23:56:58 [39082] SKIP 需要人（escalated=DOC-PROOF-001,OCR-SPIKE-001 qa_failed>=2=-）—— 按 zhixing 规矩不许自动接手
2026-09-28 23:57:59 [41037] SKIP 需要人（escalated=DOC-PROOF-001,OCR-SPIKE-001 qa_failed>=2=-）—— 按 zhixing 规矩不许自动接手
2026-09-28 23:58:59 [42987] SKIP 需要人（escalated=DOC-PROOF-001,OCR-SPIKE-001 qa_failed>=2=-）—— 按 zhixing 规矩不许自动接手
2026-09-28 23:59:59 [45007] SKIP 需要人（escalated=DOC-PROOF-001,OCR-SPIKE-001 qa_failed>=2=-）—— 按 zhixing 规矩不许自动接手
2026-09-29 00:00:59 [46988] SKIP 需要人（escalated=DOC-PROOF-001,OCR-SPIKE-001 qa_failed>=2=-）—— 按 zhixing 规矩不许自动接手
2026-09-29 00:01:59 [48951] SKIP 需要人（escalated=DOC-PROOF-001,OCR-SPIKE-001 qa_failed>=2=-）—— 按 zhixing 规矩不许自动接手
2026-09-29 00:02:59 [50910] SKIP 需要人（escalated=DOC-PROOF-001,OCR-SPIKE-001 qa_failed>=2=-）—— 按 zhixing 规矩不许自动接手
2026-09-29 00:03:59 [52957] SKIP 需要人（escalated=DOC-PROOF-001,OCR-SPIKE-001 qa_failed>=2=-）—— 按 zhixing 规矩不许自动接手
2026-09-29 00:04:59 [54920] SKIP 需要人（escalated=DOC-PROOF-001,OCR-SPIKE-001 qa_failed>=2=-）—— 按 zhixing 规矩不许自动接手
2026-09-29 00:05:59 [56881] SKIP 需要人（escalated=DOC-PROOF-001,OCR-SPIKE-001 qa_failed>=2=-）—— 按 zhixing 规矩不许自动接手
2026-09-29 00:06:59 [58843] SKIP 需要人（escalated=DOC-PROOF-001,OCR-SPIKE-001 qa_failed>=2=-）—— 按 zhixing 规矩不许自动接手
2026-09-29 00:07:59 [60861] SKIP 需要人（escalated=DOC-PROOF-001,OCR-SPIKE-001 qa_failed>=2=-）—— 按 zhixing 规矩不许自动接手
2026-09-29 00:09:00 [62882] SKIP 需要人（escalated=DOC-PROOF-001,OCR-SPIKE-001 qa_failed>=2=-）—— 按 zhixing 规矩不许自动接手
2026-09-29 00:10:00 [64838] SKIP 需要人（escalated=DOC-PROOF-001,OCR-SPIKE-001 qa_failed>=2=-）—— 按 zhixing 规矩不许自动接手
2026-09-29 00:11:00 [66798] SKIP 需要人（escalated=DOC-PROOF-001,OCR-SPIKE-001 qa_failed>=2=-）—— 按 zhixing 规矩不许自动接手
2026-09-29 00:12:00 [68762] SKIP 需要人（escalated=DOC-PROOF-001,OCR-SPIKE-001 qa_failed>=2=-）—— 按 zhixing 规矩不许自动接手
2026-09-29 00:13:00 [70782] SKIP 需要人（escalated=DOC-PROOF-001,OCR-SPIKE-001 qa_failed>=2=-）—— 按 zhixing 规矩不许自动接手
2026-09-29 00:14:00 [72740] SKIP 需要人（escalated=DOC-PROOF-001,OCR-SPIKE-001 qa_failed>=2=-）—— 按 zhixing 规矩不许自动接手
2026-09-29 00:15:00 [74689] SKIP 需要人（escalated=DOC-PROOF-001,OCR-SPIKE-001 qa_failed>=2=-）—— 按 zhixing 规矩不许自动接手
2026-09-29 00:16:00 [76650] SKIP 需要人（escalated=DOC-PROOF-001,OCR-SPIKE-001 qa_failed>=2=-）—— 按 zhixing 规矩不许自动接手
2026-09-29 00:17:00 [78678] SKIP 需要人（escalated=DOC-PROOF-001,OCR-SPIKE-001 qa_failed>=2=-）—— 按 zhixing 规矩不许自动接手
2026-09-29 00:18:00 [80636] SKIP 需要人（escalated=DOC-PROOF-001,OCR-SPIKE-001 qa_failed>=2=-）—— 按 zhixing 规矩不许自动接手
2026-09-29 00:19:01 [82601] SKIP 需要人（escalated=DOC-PROOF-001,OCR-SPIKE-001 qa_failed>=2=-）—— 按 zhixing 规矩不许自动接手
2026-09-29 00:20:01 [84553] SKIP 需要人（escalated=DOC-PROOF-001,OCR-SPIKE-001 qa_failed>=2=-）—— 按 zhixing 规矩不许自动接手
2026-09-29 00:21:01 [86574] SKIP 需要人（escalated=DOC-PROOF-001,OCR-SPIKE-001 qa_failed>=2=-）—— 按 zhixing 规矩不许自动接手
2026-09-29 00:22:01 [88534] SKIP 需要人（escalated=DOC-PROOF-001,OCR-SPIKE-001 qa_failed>=2=-）—— 按 zhixing 规矩不许自动接手
2026-09-29 00:23:01 [90579] SKIP 需要人（escalated=DOC-PROOF-001,OCR-SPIKE-001 qa_failed>=2=-）—— 按 zhixing 规矩不许自动接手
2026-09-29 00:24:01 [92532] SKIP 需要人（escalated=DOC-PROOF-001,OCR-SPIKE-001 qa_failed>=2=-）—— 按 zhixing 规矩不许自动接手
2026-09-29 00:25:01 [94549] SKIP 需要人（escalated=DOC-PROOF-001,OCR-SPIKE-001 qa_failed>=2=-）—— 按 zhixing 规矩不许自动接手
2026-09-29 00:26:01 [96507] SKIP 需要人（escalated=DOC-PROOF-001,OCR-SPIKE-001 qa_failed>=2=-）—— 按 zhixing 规矩不许自动接手
2026-09-29 00:27:01 [98465] SKIP 需要人（escalated=DOC-PROOF-001,OCR-SPIKE-001 qa_failed>=2=-）—— 按 zhixing 规矩不许自动接手
2026-09-29 00:28:01 [602] SKIP 需要人（escalated=DOC-PROOF-001,OCR-SPIKE-001 qa_failed>=2=-）—— 按 zhixing 规矩不许自动接手
2026-09-29 00:29:01 [2654] SKIP 需要人（escalated=DOC-PROOF-001,OCR-SPIKE-001 qa_failed>=2=-）—— 按 zhixing 规矩不许自动接手
2026-09-29 00:30:02 [4618] SKIP 需要人（escalated=DOC-PROOF-001,OCR-SPIKE-001 qa_failed>=2=-）—— 按 zhixing 规矩不许自动接手
2026-09-29 00:31:02 [6575] SKIP 需要人（escalated=DOC-PROOF-001,OCR-SPIKE-001 qa_failed>=2=-）—— 按 zhixing 规矩不许自动接手
2026-09-29 00:32:02 [8525] SKIP 需要人（escalated=DOC-PROOF-001,OCR-SPIKE-001 qa_failed>=2=-）—— 按 zhixing 规矩不许自动接手
2026-09-29 00:33:02 [10559] SKIP 需要人（escalated=DOC-PROOF-001,OCR-SPIKE-001 qa_failed>=2=-）—— 按 zhixing 规矩不许自动接手
2026-09-29 00:34:02 [12520] SKIP 需要人（escalated=DOC-PROOF-001,OCR-SPIKE-001 qa_failed>=2=-）—— 按 zhixing 规矩不许自动接手
2026-09-29 00:35:02 [14481] SKIP 需要人（escalated=DOC-PROOF-001,OCR-SPIKE-001 qa_failed>=2=-）—— 按 zhixing 规矩不许自动接手
2026-09-29 00:36:02 [16434] SKIP 需要人（escalated=DOC-PROOF-001,OCR-SPIKE-001 qa_failed>=2=-）—— 按 zhixing 规矩不许自动接手
2026-09-29 00:37:02 [18461] SKIP 需要人（escalated=DOC-PROOF-001,OCR-SPIKE-001 qa_failed>=2=-）—— 按 zhixing 规矩不许自动接手
2026-09-29 00:38:02 [20797] SKIP 需要人（escalated=DOC-PROOF-001,OCR-SPIKE-001 qa_failed>=2=-）—— 按 zhixing 规矩不许自动接手
2026-09-29 00:39:02 [22756] SKIP 需要人（escalated=DOC-PROOF-001,OCR-SPIKE-001 qa_failed>=2=-）—— 按 zhixing 规矩不许自动接手
2026-09-29 00:40:03 [24713] SKIP 需要人（escalated=DOC-PROOF-001,OCR-SPIKE-001 qa_failed>=2=-）—— 按 zhixing 规矩不许自动接手
2026-09-29 00:41:03 [26747] SKIP 需要人（escalated=DOC-PROOF-001,OCR-SPIKE-001 qa_failed>=2=-）—— 按 zhixing 规矩不许自动接手
2026-09-29 00:42:03 [28735] SKIP 需要人（escalated=DOC-PROOF-001,OCR-SPIKE-001 qa_failed>=2=-）—— 按 zhixing 规矩不许自动接手
2026-09-29 00:43:03 [30746] SKIP 需要人（escalated=DOC-PROOF-001,OCR-SPIKE-001 qa_failed>=2=-）—— 按 zhixing 规矩不许自动接手
2026-09-29 00:44:03 [32717] SKIP 需要人（escalated=DOC-PROOF-001,OCR-SPIKE-001 qa_failed>=2=-）—— 按 zhixing 规矩不许自动接手
2026-09-29 00:45:03 [34728] SKIP 需要人（escalated=DOC-PROOF-001,OCR-SPIKE-001 qa_failed>=2=-）—— 按 zhixing 规矩不许自动接手
2026-09-29 00:46:03 [36706] SKIP 需要人（escalated=DOC-PROOF-001,OCR-SPIKE-001 qa_failed>=2=-）—— 按 zhixing 规矩不许自动接手
2026-09-29 00:47:03 [38674] SKIP 需要人（escalated=DOC-PROOF-001,OCR-SPIKE-001 qa_failed>=2=-）—— 按 zhixing 规矩不许自动接手
2026-09-29 00:48:03 [40640] SKIP 需要人（escalated=DOC-PROOF-001,OCR-SPIKE-001 qa_failed>=2=-）—— 按 zhixing 规矩不许自动接手
2026-09-29 00:49:03 [42591] SKIP 需要人（escalated=DOC-PROOF-001,OCR-SPIKE-001 qa_failed>=2=-）—— 按 zhixing 规矩不许自动接手
2026-09-29 00:50:03 [44612] SKIP 需要人（escalated=DOC-PROOF-001,OCR-SPIKE-001 qa_failed>=2=-）—— 按 zhixing 规矩不许自动接手
2026-09-29 00:51:04 [46566] SKIP 需要人（escalated=DOC-PROOF-001,OCR-SPIKE-001 qa_failed>=2=-）—— 按 zhixing 规矩不许自动接手
2026-09-29 00:52:04 [48521] SKIP 需要人（escalated=DOC-PROOF-001,OCR-SPIKE-001 qa_failed>=2=-）—— 按 zhixing 规矩不许自动接手
2026-09-29 00:53:04 [50568] SKIP 需要人（escalated=DOC-PROOF-001,OCR-SPIKE-001 qa_failed>=2=-）—— 按 zhixing 规矩不许自动接手
2026-09-29 00:54:04 [52617] SKIP 需要人（escalated=DOC-PROOF-001,OCR-SPIKE-001 qa_failed>=2=-）—— 按 zhixing 规矩不许自动接手
2026-09-29 00:55:04 [54569] SKIP 需要人（escalated=DOC-PROOF-001,OCR-SPIKE-001 qa_failed>=2=-）—— 按 zhixing 规矩不许自动接手
2026-09-29 00:56:04 [56526] SKIP 需要人（escalated=DOC-PROOF-001,OCR-SPIKE-001 qa_failed>=2=-）—— 按 zhixing 规矩不许自动接手
2026-09-29 00:57:04 [58485] SKIP 需要人（escalated=DOC-PROOF-001,OCR-SPIKE-001 qa_failed>=2=-）—— 按 zhixing 规矩不许自动接手
2026-09-29 00:58:04 [60509] SKIP 需要人（escalated=DOC-PROOF-001,OCR-SPIKE-001 qa_failed>=2=-）—— 按 zhixing 规矩不许自动接手
2026-09-29 00:59:04 [62473] SKIP 需要人（escalated=DOC-PROOF-001,OCR-SPIKE-001 qa_failed>=2=-）—— 按 zhixing 规矩不许自动接手
2026-09-29 01:00:04 [64426] SKIP 需要人（escalated=DOC-PROOF-001,OCR-SPIKE-001 qa_failed>=2=-）—— 按 zhixing 规矩不许自动接手
2026-09-29 01:01:04 [66381] SKIP 需要人（escalated=DOC-PROOF-001,OCR-SPIKE-001 qa_failed>=2=-）—— 按 zhixing 规矩不许自动接手
2026-09-29 01:02:05 [68423] SKIP 需要人（escalated=DOC-PROOF-001,OCR-SPIKE-001 qa_failed>=2=-）—— 按 zhixing 规矩不许自动接手
2026-09-29 01:03:05 [70377] SKIP 需要人（escalated=DOC-PROOF-001,OCR-SPIKE-001 qa_failed>=2=-）—— 按 zhixing 规矩不许自动接手
2026-09-29 01:04:05 [72345] SKIP 需要人（escalated=DOC-PROOF-001,OCR-SPIKE-001 qa_failed>=2=-）—— 按 zhixing 规矩不许自动接手
2026-09-29 01:05:05 [74300] SKIP 需要人（escalated=DOC-PROOF-001,OCR-SPIKE-001 qa_failed>=2=-）—— 按 zhixing 规矩不许自动接手
2026-09-29 01:06:05 [76318] SKIP 需要人（escalated=DOC-PROOF-001,OCR-SPIKE-001 qa_failed>=2=-）—— 按 zhixing 规矩不许自动接手
2026-09-29 01:07:05 [78276] SKIP 需要人（escalated=DOC-PROOF-001,OCR-SPIKE-001 qa_failed>=2=-）—— 按 zhixing 规矩不许自动接手
2026-09-29 01:08:05 [80304] SKIP 需要人（escalated=DOC-PROOF-001,OCR-SPIKE-001 qa_failed>=2=-）—— 按 zhixing 规矩不许自动接手
2026-09-29 01:09:05 [82262] SKIP 需要人（escalated=DOC-PROOF-001,OCR-SPIKE-001 qa_failed>=2=-）—— 按 zhixing 规矩不许自动接手
2026-09-29 01:10:05 [84277] SKIP 需要人（escalated=DOC-PROOF-001,OCR-SPIKE-001 qa_failed>=2=-）—— 按 zhixing 规矩不许自动接手
2026-09-29 01:11:05 [86228] SKIP 需要人（escalated=DOC-PROOF-001,OCR-SPIKE-001 qa_failed>=2=-）—— 按 zhixing 规矩不许自动接手
2026-09-29 01:12:06 [88177] SKIP 需要人（escalated=DOC-PROOF-001,OCR-SPIKE-001 qa_failed>=2=-）—— 按 zhixing 规矩不许自动接手
2026-09-29 01:13:06 [90134] SKIP 需要人（escalated=DOC-PROOF-001,OCR-SPIKE-001 qa_failed>=2=-）—— 按 zhixing 规矩不许自动接手
2026-09-29 01:14:06 [92173] SKIP 需要人（escalated=DOC-PROOF-001,OCR-SPIKE-001 qa_failed>=2=-）—— 按 zhixing 规矩不许自动接手
2026-09-29 01:15:06 [94122] SKIP 需要人（escalated=DOC-PROOF-001,OCR-SPIKE-001 qa_failed>=2=-）—— 按 zhixing 规矩不许自动接手
2026-09-29 01:16:06 [96075] SKIP 需要人（escalated=DOC-PROOF-001,OCR-SPIKE-001 qa_failed>=2=-）—— 按 zhixing 规矩不许自动接手
2026-09-29 01:17:06 [98024] SKIP 需要人（escalated=DOC-PROOF-001,OCR-SPIKE-001 qa_failed>=2=-）—— 按 zhixing 规矩不许自动接手
2026-09-29 01:18:06 [148] SKIP 需要人（escalated=DOC-PROOF-001,OCR-SPIKE-001 qa_failed>=2=-）—— 按 zhixing 规矩不许自动接手
2026-09-29 01:19:06 [2225] SKIP 需要人（escalated=DOC-PROOF-001,OCR-SPIKE-001 qa_failed>=2=-）—— 按 zhixing 规矩不许自动接手
2026-09-29 01:20:06 [4177] SKIP 需要人（escalated=DOC-PROOF-001,OCR-SPIKE-001 qa_failed>=2=-）—— 按 zhixing 规矩不许自动接手
2026-09-29 01:21:06 [6138] SKIP 需要人（escalated=DOC-PROOF-001,OCR-SPIKE-001 qa_failed>=2=-）—— 按 zhixing 规矩不许自动接手
2026-09-29 01:22:06 [8153] SKIP 需要人（escalated=DOC-PROOF-001,OCR-SPIKE-001 qa_failed>=2=-）—— 按 zhixing 规矩不许自动接手
2026-09-29 01:23:07 [10308] SKIP 需要人（escalated=DOC-PROOF-001,OCR-SPIKE-001 qa_failed>=2=-）—— 按 zhixing 规矩不许自动接手
2026-09-29 01:24:07 [12591] SKIP 需要人（escalated=DOC-PROOF-001,OCR-SPIKE-001 qa_failed>=2=-）—— 按 zhixing 规矩不许自动接手
2026-09-29 01:25:07 [14646] SKIP 需要人（escalated=DOC-PROOF-001,OCR-SPIKE-001 qa_failed>=2=-）—— 按 zhixing 规矩不许自动接手
2026-09-29 01:26:07 [16770] SKIP 需要人（escalated=DOC-PROOF-001,OCR-SPIKE-001 qa_failed>=2=-）—— 按 zhixing 规矩不许自动接手
2026-09-29 01:27:07 [18730] SKIP 需要人（escalated=DOC-PROOF-001,OCR-SPIKE-001 qa_failed>=2=-）—— 按 zhixing 规矩不许自动接手
2026-09-29 01:28:07 [20996] SKIP 需要人（escalated=DOC-PROOF-001,OCR-SPIKE-001 qa_failed>=2=-）—— 按 zhixing 规矩不许自动接手
2026-09-29 01:29:07 [22962] SKIP 需要人（escalated=DOC-PROOF-001,OCR-SPIKE-001 qa_failed>=2=-）—— 按 zhixing 规矩不许自动接手
2026-09-29 01:30:07 [24985] SKIP 需要人（escalated=DOC-PROOF-001,OCR-SPIKE-001 qa_failed>=2=-）—— 按 zhixing 规矩不许自动接手
2026-09-29 01:31:07 [26951] SKIP 需要人（escalated=DOC-PROOF-001,OCR-SPIKE-001 qa_failed>=2=-）—— 按 zhixing 规矩不许自动接手
2026-09-29 01:32:07 [28935] SKIP 需要人（escalated=DOC-PROOF-001,OCR-SPIKE-001 qa_failed>=2=-）—— 按 zhixing 规矩不许自动接手
2026-09-29 01:33:08 [30938] SKIP 需要人（escalated=DOC-PROOF-001,OCR-SPIKE-001 qa_failed>=2=-）—— 按 zhixing 规矩不许自动接手
2026-09-29 01:34:08 [32979] SKIP 需要人（escalated=DOC-PROOF-001,OCR-SPIKE-001 qa_failed>=2=-）—— 按 zhixing 规矩不许自动接手
2026-09-29 01:35:08 [34939] SKIP 需要人（escalated=DOC-PROOF-001,OCR-SPIKE-001 qa_failed>=2=-）—— 按 zhixing 规矩不许自动接手
2026-09-29 01:36:08 [36908] SKIP 需要人（escalated=DOC-PROOF-001,OCR-SPIKE-001 qa_failed>=2=-）—— 按 zhixing 规矩不许自动接手
2026-09-29 01:37:08 [38868] SKIP 需要人（escalated=DOC-PROOF-001,OCR-SPIKE-001 qa_failed>=2=-）—— 按 zhixing 规矩不许自动接手
2026-09-29 01:38:08 [40956] SKIP 需要人（escalated=DOC-PROOF-001,OCR-SPIKE-001 qa_failed>=2=-）—— 按 zhixing 规矩不许自动接手
2026-09-29 01:39:08 [42915] SKIP 需要人（escalated=DOC-PROOF-001,OCR-SPIKE-001 qa_failed>=2=-）—— 按 zhixing 规矩不许自动接手
2026-09-29 01:40:08 [44883] SKIP 需要人（escalated=DOC-PROOF-001,OCR-SPIKE-001 qa_failed>=2=-）—— 按 zhixing 规矩不许自动接手
2026-09-29 01:41:08 [46836] SKIP 需要人（escalated=DOC-PROOF-001,OCR-SPIKE-001 qa_failed>=2=-）—— 按 zhixing 规矩不许自动接手
2026-09-29 01:42:08 [48850] SKIP 需要人（escalated=DOC-PROOF-001,OCR-SPIKE-001 qa_failed>=2=-）—— 按 zhixing 规矩不许自动接手
2026-09-29 01:43:09 [50810] SKIP 需要人（escalated=DOC-PROOF-001,OCR-SPIKE-001 qa_failed>=2=-）—— 按 zhixing 规矩不许自动接手
2026-09-29 01:44:09 [52806] SKIP 需要人（escalated=DOC-PROOF-001,OCR-SPIKE-001 qa_failed>=2=-）—— 按 zhixing 规矩不许自动接手
2026-09-29 01:45:09 [54757] SKIP 需要人（escalated=DOC-PROOF-001,OCR-SPIKE-001 qa_failed>=2=-）—— 按 zhixing 规矩不许自动接手
2026-09-29 01:46:09 [56785] SKIP 需要人（escalated=DOC-PROOF-001,OCR-SPIKE-001 qa_failed>=2=-）—— 按 zhixing 规矩不许自动接手
2026-09-29 01:47:09 [58741] SKIP 需要人（escalated=DOC-PROOF-001,OCR-SPIKE-001 qa_failed>=2=-）—— 按 zhixing 规矩不许自动接手
2026-09-29 01:48:09 [60693] SKIP 需要人（escalated=DOC-PROOF-001,OCR-SPIKE-001 qa_failed>=2=-）—— 按 zhixing 规矩不许自动接手
2026-09-29 01:49:09 [62656] SKIP 需要人（escalated=DOC-PROOF-001,OCR-SPIKE-001 qa_failed>=2=-）—— 按 zhixing 规矩不许自动接手
2026-09-29 01:50:09 [64612] SKIP 需要人（escalated=DOC-PROOF-001,OCR-SPIKE-001 qa_failed>=2=-）—— 按 zhixing 规矩不许自动接手
2026-09-29 01:51:09 [66643] SKIP 需要人（escalated=DOC-PROOF-001,OCR-SPIKE-001 qa_failed>=2=-）—— 按 zhixing 规矩不许自动接手
2026-09-29 01:52:09 [68611] SKIP 需要人（escalated=DOC-PROOF-001,OCR-SPIKE-001 qa_failed>=2=-）—— 按 zhixing 规矩不许自动接手
2026-09-29 01:53:09 [70639] SKIP 需要人（escalated=DOC-PROOF-001,OCR-SPIKE-001 qa_failed>=2=-）—— 按 zhixing 规矩不许自动接手
2026-09-29 01:54:10 [72600] SKIP 需要人（escalated=DOC-PROOF-001,OCR-SPIKE-001 qa_failed>=2=-）—— 按 zhixing 规矩不许自动接手
2026-09-29 01:55:10 [74617] SKIP 需要人（escalated=DOC-PROOF-001,OCR-SPIKE-001 qa_failed>=2=-）—— 按 zhixing 规矩不许自动接手
2026-09-29 01:56:10 [76583] SKIP 需要人（escalated=DOC-PROOF-001,OCR-SPIKE-001 qa_failed>=2=-）—— 按 zhixing 规矩不许自动接手
2026-09-29 01:57:10 [78535] SKIP 需要人（escalated=DOC-PROOF-001,OCR-SPIKE-001 qa_failed>=2=-）—— 按 zhixing 规矩不许自动接手
2026-09-29 01:58:10 [80496] SKIP 需要人（escalated=DOC-PROOF-001,OCR-SPIKE-001 qa_failed>=2=-）—— 按 zhixing 规矩不许自动接手
2026-09-29 01:59:10 [82521] SKIP 需要人（escalated=DOC-PROOF-001,OCR-SPIKE-001 qa_failed>=2=-）—— 按 zhixing 规矩不许自动接手
2026-09-29 02:00:10 [84471] SKIP 需要人（escalated=DOC-PROOF-001,OCR-SPIKE-001 qa_failed>=2=-）—— 按 zhixing 规矩不许自动接手
2026-09-29 02:01:10 [86430] SKIP 需要人（escalated=DOC-PROOF-001,OCR-SPIKE-001 qa_failed>=2=-）—— 按 zhixing 规矩不许自动接手
2026-09-29 02:02:10 [88386] SKIP 需要人（escalated=DOC-PROOF-001,OCR-SPIKE-001 qa_failed>=2=-）—— 按 zhixing 规矩不许自动接手
2026-09-29 02:03:10 [90402] SKIP 需要人（escalated=DOC-PROOF-001,OCR-SPIKE-001 qa_failed>=2=-）—— 按 zhixing 规矩不许自动接手
2026-09-29 02:04:11 [92357] SKIP 需要人（escalated=DOC-PROOF-001,OCR-SPIKE-001 qa_failed>=2=-）—— 按 zhixing 规矩不许自动接手
2026-09-29 02:05:11 [94322] SKIP 需要人（escalated=DOC-PROOF-001,OCR-SPIKE-001 qa_failed>=2=-）—— 按 zhixing 规矩不许自动接手
2026-09-29 02:06:11 [96273] SKIP 需要人（escalated=DOC-PROOF-001,OCR-SPIKE-001 qa_failed>=2=-）—— 按 zhixing 规矩不许自动接手
2026-09-29 02:07:11 [98301] SKIP 需要人（escalated=DOC-PROOF-001,OCR-SPIKE-001 qa_failed>=2=-）—— 按 zhixing 规矩不许自动接手
2026-09-29 02:08:11 [481] SKIP 需要人（escalated=DOC-PROOF-001,OCR-SPIKE-001 qa_failed>=2=-）—— 按 zhixing 规矩不许自动接手
2026-09-29 02:09:11 [2493] SKIP 需要人（escalated=DOC-PROOF-001,OCR-SPIKE-001 qa_failed>=2=-）—— 按 zhixing 规矩不许自动接手
2026-09-29 02:10:11 [4456] SKIP 需要人（escalated=DOC-PROOF-001,OCR-SPIKE-001 qa_failed>=2=-）—— 按 zhixing 规矩不许自动接手
2026-09-29 02:11:11 [6481] SKIP 需要人（escalated=DOC-PROOF-001,OCR-SPIKE-001 qa_failed>=2=-）—— 按 zhixing 规矩不许自动接手
2026-09-29 02:12:11 [8442] SKIP 需要人（escalated=DOC-PROOF-001,OCR-SPIKE-001 qa_failed>=2=-）—— 按 zhixing 规矩不许自动接手
2026-09-29 02:13:11 [10395] SKIP 需要人（escalated=DOC-PROOF-001,OCR-SPIKE-001 qa_failed>=2=-）—— 按 zhixing 规矩不许自动接手
2026-09-29 02:14:12 [12357] SKIP 需要人（escalated=DOC-PROOF-001,OCR-SPIKE-001 qa_failed>=2=-）—— 按 zhixing 规矩不许自动接手
2026-09-29 02:15:12 [14381] SKIP 需要人（escalated=DOC-PROOF-001,OCR-SPIKE-001 qa_failed>=2=-）—— 按 zhixing 规矩不许自动接手
2026-09-29 02:16:12 [16335] SKIP 需要人（escalated=DOC-PROOF-001,OCR-SPIKE-001 qa_failed>=2=-）—— 按 zhixing 规矩不许自动接手
2026-09-29 02:17:12 [18302] SKIP 需要人（escalated=DOC-PROOF-001,OCR-SPIKE-001 qa_failed>=2=-）—— 按 zhixing 规矩不许自动接手
2026-09-29 02:18:12 [20538] SKIP 需要人（escalated=DOC-PROOF-001,OCR-SPIKE-001 qa_failed>=2=-）—— 按 zhixing 规矩不许自动接手
2026-09-29 02:19:12 [22585] SKIP 需要人（escalated=DOC-PROOF-001,OCR-SPIKE-001 qa_failed>=2=-）—— 按 zhixing 规矩不许自动接手
2026-09-29 02:20:12 [24547] SKIP 需要人（escalated=DOC-PROOF-001,OCR-SPIKE-001 qa_failed>=2=-）—— 按 zhixing 规矩不许自动接手
2026-09-29 02:21:12 [26512] SKIP 需要人（escalated=DOC-PROOF-001,OCR-SPIKE-001 qa_failed>=2=-）—— 按 zhixing 规矩不许自动接手
2026-09-29 02:22:12 [28502] SKIP 需要人（escalated=DOC-PROOF-001,OCR-SPIKE-001 qa_failed>=2=-）—— 按 zhixing 规矩不许自动接手
2026-09-29 02:23:12 [30656] SKIP 需要人（escalated=DOC-PROOF-001,OCR-SPIKE-001 qa_failed>=2=-）—— 按 zhixing 规矩不许自动接手
2026-09-29 02:24:13 [32624] SKIP 需要人（escalated=DOC-PROOF-001,OCR-SPIKE-001 qa_failed>=2=-）—— 按 zhixing 规矩不许自动接手
2026-09-29 02:25:13 [34579] SKIP 需要人（escalated=DOC-PROOF-001,OCR-SPIKE-001 qa_failed>=2=-）—— 按 zhixing 规矩不许自动接手
2026-09-29 02:26:13 [36551] SKIP 需要人（escalated=DOC-PROOF-001,OCR-SPIKE-001 qa_failed>=2=-）—— 按 zhixing 规矩不许自动接手
2026-09-29 02:27:13 [38582] SKIP 需要人（escalated=DOC-PROOF-001,OCR-SPIKE-001 qa_failed>=2=-）—— 按 zhixing 规矩不许自动接手
2026-09-29 02:28:13 [40547] SKIP 需要人（escalated=DOC-PROOF-001,OCR-SPIKE-001 qa_failed>=2=-）—— 按 zhixing 规矩不许自动接手
2026-09-29 02:29:13 [42500] SKIP 需要人（escalated=DOC-PROOF-001,OCR-SPIKE-001 qa_failed>=2=-）—— 按 zhixing 规矩不许自动接手
2026-09-29 02:30:13 [44456] SKIP 需要人（escalated=DOC-PROOF-001,OCR-SPIKE-001 qa_failed>=2=-）—— 按 zhixing 规矩不许自动接手
2026-09-29 02:31:13 [46481] SKIP 需要人（escalated=DOC-PROOF-001,OCR-SPIKE-001 qa_failed>=2=-）—— 按 zhixing 规矩不许自动接手
2026-09-29 02:32:13 [48431] SKIP 需要人（escalated=DOC-PROOF-001,OCR-SPIKE-001 qa_failed>=2=-）—— 按 zhixing 规矩不许自动接手
2026-09-29 02:33:13 [50404] SKIP 需要人（escalated=DOC-PROOF-001,OCR-SPIKE-001 qa_failed>=2=-）—— 按 zhixing 规矩不许自动接手
2026-09-29 02:34:13 [52389] SKIP 需要人（escalated=DOC-PROOF-001,OCR-SPIKE-001 qa_failed>=2=-）—— 按 zhixing 规矩不许自动接手
2026-09-29 02:35:14 [54433] SKIP 需要人（escalated=DOC-PROOF-001,OCR-SPIKE-001 qa_failed>=2=-）—— 按 zhixing 规矩不许自动接手
2026-09-29 02:36:14 [56399] SKIP 需要人（escalated=DOC-PROOF-001,OCR-SPIKE-001 qa_failed>=2=-）—— 按 zhixing 规矩不许自动接手
2026-09-29 02:37:14 [58349] SKIP 需要人（escalated=DOC-PROOF-001,OCR-SPIKE-001 qa_failed>=2=-）—— 按 zhixing 规矩不许自动接手
2026-09-29 02:38:14 [60366] SKIP 需要人（escalated=DOC-PROOF-001,OCR-SPIKE-001 qa_failed>=2=-）—— 按 zhixing 规矩不许自动接手
2026-09-29 02:39:14 [62342] SKIP 需要人（escalated=DOC-PROOF-001,OCR-SPIKE-001 qa_failed>=2=-）—— 按 zhixing 规矩不许自动接手
2026-09-29 02:40:14 [64361] SKIP 需要人（escalated=DOC-PROOF-001,OCR-SPIKE-001 qa_failed>=2=-）—— 按 zhixing 规矩不许自动接手
2026-09-29 02:41:14 [66317] SKIP 需要人（escalated=DOC-PROOF-001,OCR-SPIKE-001 qa_failed>=2=-）—— 按 zhixing 规矩不许自动接手
2026-09-29 02:42:14 [68288] SKIP 需要人（escalated=DOC-PROOF-001,OCR-SPIKE-001 qa_failed>=2=-）—— 按 zhixing 规矩不许自动接手
2026-09-29 02:43:14 [70237] SKIP 需要人（escalated=DOC-PROOF-001,OCR-SPIKE-001 qa_failed>=2=-）—— 按 zhixing 规矩不许自动接手
2026-09-29 02:44:14 [72288] SKIP 需要人（escalated=DOC-PROOF-001,OCR-SPIKE-001 qa_failed>=2=-）—— 按 zhixing 规矩不许自动接手
2026-09-29 02:45:14 [74236] SKIP 需要人（escalated=DOC-PROOF-001,OCR-SPIKE-001 qa_failed>=2=-）—— 按 zhixing 规矩不许自动接手
2026-09-29 02:46:15 [76189] SKIP 需要人（escalated=DOC-PROOF-001,OCR-SPIKE-001 qa_failed>=2=-）—— 按 zhixing 规矩不许自动接手
2026-09-29 02:47:15 [78147] SKIP 需要人（escalated=DOC-PROOF-001,OCR-SPIKE-001 qa_failed>=2=-）—— 按 zhixing 规矩不许自动接手
2026-09-29 02:48:15 [80170] SKIP 需要人（escalated=DOC-PROOF-001,OCR-SPIKE-001 qa_failed>=2=-）—— 按 zhixing 规矩不许自动接手
2026-09-29 02:49:15 [82133] SKIP 需要人（escalated=DOC-PROOF-001,OCR-SPIKE-001 qa_failed>=2=-）—— 按 zhixing 规矩不许自动接手
2026-09-29 02:50:15 [84088] SKIP 需要人（escalated=DOC-PROOF-001,OCR-SPIKE-001 qa_failed>=2=-）—— 按 zhixing 规矩不许自动接手
2026-09-29 02:51:15 [86039] SKIP 需要人（escalated=DOC-PROOF-001,OCR-SPIKE-001 qa_failed>=2=-）—— 按 zhixing 规矩不许自动接手
2026-09-29 02:52:15 [88061] SKIP 需要人（escalated=DOC-PROOF-001,OCR-SPIKE-001 qa_failed>=2=-）—— 按 zhixing 规矩不许自动接手
2026-09-29 02:53:15 [90086] SKIP 需要人（escalated=DOC-PROOF-001,OCR-SPIKE-001 qa_failed>=2=-）—— 按 zhixing 规矩不许自动接手
2026-09-29 02:54:15 [92049] SKIP 需要人（escalated=DOC-PROOF-001,OCR-SPIKE-001 qa_failed>=2=-）—— 按 zhixing 规矩不许自动接手
2026-09-29 02:55:15 [94003] SKIP 需要人（escalated=DOC-PROOF-001,OCR-SPIKE-001 qa_failed>=2=-）—— 按 zhixing 规矩不许自动接手
2026-09-29 02:56:16 [96021] SKIP 需要人（escalated=DOC-PROOF-001,OCR-SPIKE-001 qa_failed>=2=-）—— 按 zhixing 规矩不许自动接手
2026-09-29 02:57:16 [97969] SKIP 需要人（escalated=DOC-PROOF-001,OCR-SPIKE-001 qa_failed>=2=-）—— 按 zhixing 规矩不许自动接手
2026-09-29 02:58:16 [99951] SKIP 需要人（escalated=DOC-PROOF-001,OCR-SPIKE-001 qa_failed>=2=-）—— 按 zhixing 规矩不许自动接手
2026-09-29 02:59:16 [2120] SKIP 需要人（escalated=DOC-PROOF-001,OCR-SPIKE-001 qa_failed>=2=-）—— 按 zhixing 规矩不许自动接手
2026-09-29 03:00:16 [4151] SKIP 需要人（escalated=DOC-PROOF-001,OCR-SPIKE-001 qa_failed>=2=-）—— 按 zhixing 规矩不许自动接手
2026-09-29 03:01:16 [6115] SKIP 需要人（escalated=DOC-PROOF-001,OCR-SPIKE-001 qa_failed>=2=-）—— 按 zhixing 规矩不许自动接手
2026-09-29 03:02:16 [8066] SKIP 需要人（escalated=DOC-PROOF-001,OCR-SPIKE-001 qa_failed>=2=-）—— 按 zhixing 规矩不许自动接手
2026-09-29 03:03:16 [10023] SKIP 需要人（escalated=DOC-PROOF-001,OCR-SPIKE-001 qa_failed>=2=-）—— 按 zhixing 规矩不许自动接手
2026-09-29 03:04:16 [12045] SKIP 需要人（escalated=DOC-PROOF-001,OCR-SPIKE-001 qa_failed>=2=-）—— 按 zhixing 规矩不许自动接手
2026-09-29 03:05:16 [14023] SKIP 需要人（escalated=DOC-PROOF-001,OCR-SPIKE-001 qa_failed>=2=-）—— 按 zhixing 规矩不许自动接手
2026-09-29 03:06:17 [15977] SKIP 需要人（escalated=DOC-PROOF-001,OCR-SPIKE-001 qa_failed>=2=-）—— 按 zhixing 规矩不许自动接手
2026-09-29 03:07:17 [17927] SKIP 需要人（escalated=DOC-PROOF-001,OCR-SPIKE-001 qa_failed>=2=-）—— 按 zhixing 规矩不许自动接手
2026-09-29 03:08:17 [20272] SKIP 需要人（escalated=DOC-PROOF-001,OCR-SPIKE-001 qa_failed>=2=-）—— 按 zhixing 规矩不许自动接手
2026-09-29 03:09:17 [22297] SKIP 需要人（escalated=DOC-PROOF-001,OCR-SPIKE-001 qa_failed>=2=-）—— 按 zhixing 规矩不许自动接手
2026-09-29 03:10:17 [24262] SKIP 需要人（escalated=DOC-PROOF-001,OCR-SPIKE-001 qa_failed>=2=-）—— 按 zhixing 规矩不许自动接手
2026-09-29 03:11:17 [26229] SKIP 需要人（escalated=DOC-PROOF-001,OCR-SPIKE-001 qa_failed>=2=-）—— 按 zhixing 规矩不许自动接手
2026-09-29 03:12:17 [28268] SKIP 需要人（escalated=DOC-PROOF-001,OCR-SPIKE-001 qa_failed>=2=-）—— 按 zhixing 规矩不许自动接手
2026-09-29 03:13:17 [30283] SKIP 需要人（escalated=DOC-PROOF-001,OCR-SPIKE-001 qa_failed>=2=-）—— 按 zhixing 规矩不许自动接手
2026-09-29 03:14:17 [32256] SKIP 需要人（escalated=DOC-PROOF-001,OCR-SPIKE-001 qa_failed>=2=-）—— 按 zhixing 规矩不许自动接手
2026-09-29 03:15:17 [34207] SKIP 需要人（escalated=DOC-PROOF-001,OCR-SPIKE-001 qa_failed>=2=-）—— 按 zhixing 规矩不许自动接手
2026-09-29 03:16:17 [36248] SKIP 需要人（escalated=DOC-PROOF-001,OCR-SPIKE-001 qa_failed>=2=-）—— 按 zhixing 规矩不许自动接手
2026-09-29 03:17:18 [38217] SKIP 需要人（escalated=DOC-PROOF-001,OCR-SPIKE-001 qa_failed>=2=-）—— 按 zhixing 规矩不许自动接手
2026-09-29 03:18:18 [40176] SKIP 需要人（escalated=DOC-PROOF-001,OCR-SPIKE-001 qa_failed>=2=-）—— 按 zhixing 规矩不许自动接手
2026-09-29 03:19:18 [42127] SKIP 需要人（escalated=DOC-PROOF-001,OCR-SPIKE-001 qa_failed>=2=-）—— 按 zhixing 规矩不许自动接手
2026-09-29 03:20:18 [44078] SKIP 需要人（escalated=DOC-PROOF-001,OCR-SPIKE-001 qa_failed>=2=-）—— 按 zhixing 规矩不许自动接手
2026-09-29 03:21:18 [46115] SKIP 需要人（escalated=DOC-PROOF-001,OCR-SPIKE-001 qa_failed>=2=-）—— 按 zhixing 规矩不许自动接手
2026-09-29 03:22:18 [48064] SKIP 需要人（escalated=DOC-PROOF-001,OCR-SPIKE-001 qa_failed>=2=-）—— 按 zhixing 规矩不许自动接手
2026-09-29 03:23:18 [50112] SKIP 需要人（escalated=DOC-PROOF-001,OCR-SPIKE-001 qa_failed>=2=-）—— 按 zhixing 规矩不许自动接手
2026-09-29 03:24:18 [52101] SKIP 需要人（escalated=DOC-PROOF-001,OCR-SPIKE-001 qa_failed>=2=-）—— 按 zhixing 规矩不许自动接手
2026-09-29 03:25:18 [54118] SKIP 需要人（escalated=DOC-PROOF-001,OCR-SPIKE-001 qa_failed>=2=-）—— 按 zhixing 规矩不许自动接手
2026-09-29 03:26:18 [56088] SKIP 需要人（escalated=DOC-PROOF-001,OCR-SPIKE-001 qa_failed>=2=-）—— 按 zhixing 规矩不许自动接手
2026-09-29 03:27:18 [58042] SKIP 需要人（escalated=DOC-PROOF-001,OCR-SPIKE-001 qa_failed>=2=-）—— 按 zhixing 规矩不许自动接手
2026-09-29 03:28:19 [59994] SKIP 需要人（escalated=DOC-PROOF-001,OCR-SPIKE-001 qa_failed>=2=-）—— 按 zhixing 规矩不许自动接手
2026-09-29 03:29:19 [62019] SKIP 需要人（escalated=DOC-PROOF-001,OCR-SPIKE-001 qa_failed>=2=-）—— 按 zhixing 规矩不许自动接手
2026-09-29 03:30:19 [63974] SKIP 需要人（escalated=DOC-PROOF-001,OCR-SPIKE-001 qa_failed>=2=-）—— 按 zhixing 规矩不许自动接手
2026-09-29 03:31:19 [65936] SKIP 需要人（escalated=DOC-PROOF-001,OCR-SPIKE-001 qa_failed>=2=-）—— 按 zhixing 规矩不许自动接手
2026-09-29 03:32:19 [67908] SKIP 需要人（escalated=DOC-PROOF-001,OCR-SPIKE-001 qa_failed>=2=-）—— 按 zhixing 规矩不许自动接手
2026-09-29 03:33:19 [69925] SKIP 需要人（escalated=DOC-PROOF-001,OCR-SPIKE-001 qa_failed>=2=-）—— 按 zhixing 规矩不许自动接手
2026-09-29 03:34:19 [71896] SKIP 需要人（escalated=DOC-PROOF-001,OCR-SPIKE-001 qa_failed>=2=-）—— 按 zhixing 规矩不许自动接手
2026-09-29 03:35:19 [73892] SKIP 需要人（escalated=DOC-PROOF-001,OCR-SPIKE-001 qa_failed>=2=-）—— 按 zhixing 规矩不许自动接手
2026-09-29 03:36:19 [75843] SKIP 需要人（escalated=DOC-PROOF-001,OCR-SPIKE-001 qa_failed>=2=-）—— 按 zhixing 规矩不许自动接手
2026-09-29 03:37:19 [77871] SKIP 需要人（escalated=DOC-PROOF-001,OCR-SPIKE-001 qa_failed>=2=-）—— 按 zhixing 规矩不许自动接手
2026-09-29 03:38:20 [79891] SKIP 需要人（escalated=DOC-PROOF-001,OCR-SPIKE-001 qa_failed>=2=-）—— 按 zhixing 规矩不许自动接手
2026-09-29 03:39:20 [81857] SKIP 需要人（escalated=DOC-PROOF-001,OCR-SPIKE-001 qa_failed>=2=-）—— 按 zhixing 规矩不许自动接手
2026-09-29 03:40:20 [83813] SKIP 需要人（escalated=DOC-PROOF-001,OCR-SPIKE-001 qa_failed>=2=-）—— 按 zhixing 规矩不许自动接手
2026-09-29 03:41:20 [85831] SKIP 需要人（escalated=DOC-PROOF-001,OCR-SPIKE-001 qa_failed>=2=-）—— 按 zhixing 规矩不许自动接手
2026-09-29 03:42:20 [87792] SKIP 需要人（escalated=DOC-PROOF-001,OCR-SPIKE-001 qa_failed>=2=-）—— 按 zhixing 规矩不许自动接手
2026-09-29 03:43:20 [89744] SKIP 需要人（escalated=DOC-PROOF-001,OCR-SPIKE-001 qa_failed>=2=-）—— 按 zhixing 规矩不许自动接手
2026-09-29 03:44:20 [91703] SKIP 需要人（escalated=DOC-PROOF-001,OCR-SPIKE-001 qa_failed>=2=-）—— 按 zhixing 规矩不许自动接手
2026-09-29 03:45:20 [93725] SKIP 需要人（escalated=DOC-PROOF-001,OCR-SPIKE-001 qa_failed>=2=-）—— 按 zhixing 规矩不许自动接手
2026-09-29 03:46:20 [95677] SKIP 需要人（escalated=DOC-PROOF-001,OCR-SPIKE-001 qa_failed>=2=-）—— 按 zhixing 规矩不许自动接手
2026-09-29 03:47:20 [97642] SKIP 需要人（escalated=DOC-PROOF-001,OCR-SPIKE-001 qa_failed>=2=-）—— 按 zhixing 规矩不许自动接手
2026-09-29 03:48:20 [99614] SKIP 需要人（escalated=DOC-PROOF-001,OCR-SPIKE-001 qa_failed>=2=-）—— 按 zhixing 规矩不许自动接手
2026-09-29 03:49:21 [1848] SKIP 需要人（escalated=DOC-PROOF-001,OCR-SPIKE-001 qa_failed>=2=-）—— 按 zhixing 规矩不许自动接手
2026-09-29 03:50:21 [3806] SKIP 需要人（escalated=DOC-PROOF-001,OCR-SPIKE-001 qa_failed>=2=-）—— 按 zhixing 规矩不许自动接手
2026-09-29 03:51:21 [5768] SKIP 需要人（escalated=DOC-PROOF-001,OCR-SPIKE-001 qa_failed>=2=-）—— 按 zhixing 规矩不许自动接手
2026-09-29 03:52:21 [7732] SKIP 需要人（escalated=DOC-PROOF-001,OCR-SPIKE-001 qa_failed>=2=-）—— 按 zhixing 规矩不许自动接手
2026-09-29 03:53:21 [9762] SKIP 需要人（escalated=DOC-PROOF-001,OCR-SPIKE-001 qa_failed>=2=-）—— 按 zhixing 规矩不许自动接手
2026-09-29 03:54:21 [11783] SKIP 需要人（escalated=DOC-PROOF-001,OCR-SPIKE-001 qa_failed>=2=-）—— 按 zhixing 规矩不许自动接手
2026-09-29 03:55:21 [13743] SKIP 需要人（escalated=DOC-PROOF-001,OCR-SPIKE-001 qa_failed>=2=-）—— 按 zhixing 规矩不许自动接手
2026-09-29 03:56:21 [15700] SKIP 需要人（escalated=DOC-PROOF-001,OCR-SPIKE-001 qa_failed>=2=-）—— 按 zhixing 规矩不许自动接手
2026-09-29 03:57:21 [17649] SKIP 需要人（escalated=DOC-PROOF-001,OCR-SPIKE-001 qa_failed>=2=-）—— 按 zhixing 规矩不许自动接手
2026-09-29 03:58:21 [19933] SKIP 需要人（escalated=DOC-PROOF-001,OCR-SPIKE-001 qa_failed>=2=-）—— 按 zhixing 规矩不许自动接手
2026-09-29 03:59:22 [21949] SKIP 需要人（escalated=DOC-PROOF-001,OCR-SPIKE-001 qa_failed>=2=-）—— 按 zhixing 规矩不许自动接手
2026-09-29 04:00:22 [23904] SKIP 需要人（escalated=DOC-PROOF-001,OCR-SPIKE-001 qa_failed>=2=-）—— 按 zhixing 规矩不许自动接手
2026-09-29 04:01:22 [25875] SKIP 需要人（escalated=DOC-PROOF-001,OCR-SPIKE-001 qa_failed>=2=-）—— 按 zhixing 规矩不许自动接手
2026-09-29 04:02:22 [27912] SKIP 需要人（escalated=DOC-PROOF-001,OCR-SPIKE-001 qa_failed>=2=-）—— 按 zhixing 规矩不许自动接手
2026-09-29 04:03:22 [29926] SKIP 需要人（escalated=DOC-PROOF-001,OCR-SPIKE-001 qa_failed>=2=-）—— 按 zhixing 规矩不许自动接手
2026-09-29 04:04:22 [31901] SKIP 需要人（escalated=DOC-PROOF-001,OCR-SPIKE-001 qa_failed>=2=-）—— 按 zhixing 规矩不许自动接手
2026-09-29 04:05:22 [33865] SKIP 需要人（escalated=DOC-PROOF-001,OCR-SPIKE-001 qa_failed>=2=-）—— 按 zhixing 规矩不许自动接手
2026-09-29 04:06:22 [35898] SKIP 需要人（escalated=DOC-PROOF-001,OCR-SPIKE-001 qa_failed>=2=-）—— 按 zhixing 规矩不许自动接手
2026-09-29 04:07:22 [37864] SKIP 需要人（escalated=DOC-PROOF-001,OCR-SPIKE-001 qa_failed>=2=-）—— 按 zhixing 规矩不许自动接手
2026-09-29 04:08:22 [39896] SKIP 需要人（escalated=DOC-PROOF-001,OCR-SPIKE-001 qa_failed>=2=-）—— 按 zhixing 规矩不许自动接手
2026-09-29 04:09:22 [41849] SKIP 需要人（escalated=DOC-PROOF-001,OCR-SPIKE-001 qa_failed>=2=-）—— 按 zhixing 规矩不许自动接手
2026-09-29 04:10:23 [43868] SKIP 需要人（escalated=DOC-PROOF-001,OCR-SPIKE-001 qa_failed>=2=-）—— 按 zhixing 规矩不许自动接手
2026-09-29 04:11:23 [45831] SKIP 需要人（escalated=DOC-PROOF-001,OCR-SPIKE-001 qa_failed>=2=-）—— 按 zhixing 规矩不许自动接手
2026-09-29 04:12:23 [47778] SKIP 需要人（escalated=DOC-PROOF-001,OCR-SPIKE-001 qa_failed>=2=-）—— 按 zhixing 规矩不许自动接手
2026-09-29 04:13:23 [49744] SKIP 需要人（escalated=DOC-PROOF-001,OCR-SPIKE-001 qa_failed>=2=-）—— 按 zhixing 规矩不许自动接手
2026-09-29 04:14:23 [51797] SKIP 需要人（escalated=DOC-PROOF-001,OCR-SPIKE-001 qa_failed>=2=-）—— 按 zhixing 规矩不许自动接手
2026-09-29 04:15:23 [53751] SKIP 需要人（escalated=DOC-PROOF-001,OCR-SPIKE-001 qa_failed>=2=-）—— 按 zhixing 规矩不许自动接手
2026-09-29 04:16:23 [55712] SKIP 需要人（escalated=DOC-PROOF-001,OCR-SPIKE-001 qa_failed>=2=-）—— 按 zhixing 规矩不许自动接手
2026-09-29 04:17:23 [57665] SKIP 需要人（escalated=DOC-PROOF-001,OCR-SPIKE-001 qa_failed>=2=-）—— 按 zhixing 规矩不许自动接手
2026-09-29 04:18:23 [59689] SKIP 需要人（escalated=DOC-PROOF-001,OCR-SPIKE-001 qa_failed>=2=-）—— 按 zhixing 规矩不许自动接手
2026-09-29 04:19:23 [61646] SKIP 需要人（escalated=DOC-PROOF-001,OCR-SPIKE-001 qa_failed>=2=-）—— 按 zhixing 规矩不许自动接手
2026-09-29 04:20:23 [63599] SKIP 需要人（escalated=DOC-PROOF-001,OCR-SPIKE-001 qa_failed>=2=-）—— 按 zhixing 规矩不许自动接手
2026-09-29 04:21:24 [65538] SKIP 需要人（escalated=DOC-PROOF-001,OCR-SPIKE-001 qa_failed>=2=-）—— 按 zhixing 规矩不许自动接手
2026-09-29 04:22:24 [67578] SKIP 需要人（escalated=DOC-PROOF-001,OCR-SPIKE-001 qa_failed>=2=-）—— 按 zhixing 规矩不许自动接手
2026-09-29 04:23:24 [69613] SKIP 需要人（escalated=DOC-PROOF-001,OCR-SPIKE-001 qa_failed>=2=-）—— 按 zhixing 规矩不许自动接手
2026-09-29 04:24:24 [71604] SKIP 需要人（escalated=DOC-PROOF-001,OCR-SPIKE-001 qa_failed>=2=-）—— 按 zhixing 规矩不许自动接手
2026-09-29 04:25:24 [73556] SKIP 需要人（escalated=DOC-PROOF-001,OCR-SPIKE-001 qa_failed>=2=-）—— 按 zhixing 规矩不许自动接手
2026-09-29 04:26:24 [75574] SKIP 需要人（escalated=DOC-PROOF-001,OCR-SPIKE-001 qa_failed>=2=-）—— 按 zhixing 规矩不许自动接手
2026-09-29 04:27:24 [77529] SKIP 需要人（escalated=DOC-PROOF-001,OCR-SPIKE-001 qa_failed>=2=-）—— 按 zhixing 规矩不许自动接手
2026-09-29 04:28:24 [79485] SKIP 需要人（escalated=DOC-PROOF-001,OCR-SPIKE-001 qa_failed>=2=-）—— 按 zhixing 规矩不许自动接手
2026-09-29 04:29:24 [81456] SKIP 需要人（escalated=DOC-PROOF-001,OCR-SPIKE-001 qa_failed>=2=-）—— 按 zhixing 规矩不许自动接手
2026-09-29 04:30:24 [83473] SKIP 需要人（escalated=DOC-PROOF-001,OCR-SPIKE-001 qa_failed>=2=-）—— 按 zhixing 规矩不许自动接手
2026-09-29 04:31:25 [85423] SKIP 需要人（escalated=DOC-PROOF-001,OCR-SPIKE-001 qa_failed>=2=-）—— 按 zhixing 规矩不许自动接手
2026-09-29 04:32:25 [87376] SKIP 需要人（escalated=DOC-PROOF-001,OCR-SPIKE-001 qa_failed>=2=-）—— 按 zhixing 规矩不许自动接手
2026-09-29 04:33:25 [89331] SKIP 需要人（escalated=DOC-PROOF-001,OCR-SPIKE-001 qa_failed>=2=-）—— 按 zhixing 规矩不许自动接手
2026-09-29 04:34:25 [91357] SKIP 需要人（escalated=DOC-PROOF-001,OCR-SPIKE-001 qa_failed>=2=-）—— 按 zhixing 规矩不许自动接手
2026-09-29 04:35:25 [93316] SKIP 需要人（escalated=DOC-PROOF-001,OCR-SPIKE-001 qa_failed>=2=-）—— 按 zhixing 规矩不许自动接手
2026-09-29 04:36:25 [95273] SKIP 需要人（escalated=DOC-PROOF-001,OCR-SPIKE-001 qa_failed>=2=-）—— 按 zhixing 规矩不许自动接手
2026-09-29 04:37:25 [97230] SKIP 需要人（escalated=DOC-PROOF-001,OCR-SPIKE-001 qa_failed>=2=-）—— 按 zhixing 规矩不许自动接手
2026-09-29 04:38:25 [99335] SKIP 需要人（escalated=DOC-PROOF-001,OCR-SPIKE-001 qa_failed>=2=-）—— 按 zhixing 规矩不许自动接手
2026-09-29 04:39:25 [1508] SKIP 需要人（escalated=DOC-PROOF-001,OCR-SPIKE-001 qa_failed>=2=-）—— 按 zhixing 规矩不许自动接手
2026-09-29 04:40:25 [3475] SKIP 需要人（escalated=DOC-PROOF-001,OCR-SPIKE-001 qa_failed>=2=-）—— 按 zhixing 规矩不许自动接手
2026-09-29 04:41:25 [5438] SKIP 需要人（escalated=DOC-PROOF-001,OCR-SPIKE-001 qa_failed>=2=-）—— 按 zhixing 规矩不许自动接手
2026-09-29 04:42:26 [7392] SKIP 需要人（escalated=DOC-PROOF-001,OCR-SPIKE-001 qa_failed>=2=-）—— 按 zhixing 规矩不许自动接手
2026-09-29 04:43:26 [9418] SKIP 需要人（escalated=DOC-PROOF-001,OCR-SPIKE-001 qa_failed>=2=-）—— 按 zhixing 规矩不许自动接手
2026-09-29 04:44:26 [11373] SKIP 需要人（escalated=DOC-PROOF-001,OCR-SPIKE-001 qa_failed>=2=-）—— 按 zhixing 规矩不许自动接手
2026-09-29 04:45:26 [13327] SKIP 需要人（escalated=DOC-PROOF-001,OCR-SPIKE-001 qa_failed>=2=-）—— 按 zhixing 规矩不许自动接手
2026-09-29 04:46:26 [15294] SKIP 需要人（escalated=DOC-PROOF-001,OCR-SPIKE-001 qa_failed>=2=-）—— 按 zhixing 规矩不许自动接手
2026-09-29 04:47:26 [17314] SKIP 需要人（escalated=DOC-PROOF-001,OCR-SPIKE-001 qa_failed>=2=-）—— 按 zhixing 规矩不许自动接手
2026-09-29 04:48:26 [19323] SKIP 需要人（escalated=DOC-PROOF-001,OCR-SPIKE-001 qa_failed>=2=-）—— 按 zhixing 规矩不许自动接手
2026-09-29 04:49:26 [21539] SKIP 需要人（escalated=DOC-PROOF-001,OCR-SPIKE-001 qa_failed>=2=-）—— 按 zhixing 规矩不许自动接手
2026-09-29 04:50:26 [23492] SKIP 需要人（escalated=DOC-PROOF-001,OCR-SPIKE-001 qa_failed>=2=-）—— 按 zhixing 规矩不许自动接手
2026-09-29 04:51:26 [25536] SKIP 需要人（escalated=DOC-PROOF-001,OCR-SPIKE-001 qa_failed>=2=-）—— 按 zhixing 规矩不许自动接手
2026-09-29 04:52:27 [27494] SKIP 需要人（escalated=DOC-PROOF-001,OCR-SPIKE-001 qa_failed>=2=-）—— 按 zhixing 规矩不许自动接手
2026-09-29 04:53:27 [29591] SKIP 需要人（escalated=DOC-PROOF-001,OCR-SPIKE-001 qa_failed>=2=-）—— 按 zhixing 规矩不许自动接手
2026-09-29 04:54:27 [31564] SKIP 需要人（escalated=DOC-PROOF-001,OCR-SPIKE-001 qa_failed>=2=-）—— 按 zhixing 规矩不许自动接手
2026-09-29 04:55:27 [33587] SKIP 需要人（escalated=DOC-PROOF-001,OCR-SPIKE-001 qa_failed>=2=-）—— 按 zhixing 规矩不许自动接手
2026-09-29 04:56:27 [35561] SKIP 需要人（escalated=DOC-PROOF-001,OCR-SPIKE-001 qa_failed>=2=-）—— 按 zhixing 规矩不许自动接手
2026-09-29 04:57:27 [37522] SKIP 需要人（escalated=DOC-PROOF-001,OCR-SPIKE-001 qa_failed>=2=-）—— 按 zhixing 规矩不许自动接手
2026-09-29 04:58:27 [39490] SKIP 需要人（escalated=DOC-PROOF-001,OCR-SPIKE-001 qa_failed>=2=-）—— 按 zhixing 规矩不许自动接手
2026-09-29 04:59:27 [41517] SKIP 需要人（escalated=DOC-PROOF-001,OCR-SPIKE-001 qa_failed>=2=-）—— 按 zhixing 规矩不许自动接手
2026-09-29 05:00:27 [43467] SKIP 需要人（escalated=DOC-PROOF-001,OCR-SPIKE-001 qa_failed>=2=-）—— 按 zhixing 规矩不许自动接手
2026-09-29 05:01:27 [45438] SKIP 需要人（escalated=DOC-PROOF-001,OCR-SPIKE-001 qa_failed>=2=-）—— 按 zhixing 规矩不许自动接手
2026-09-29 05:02:27 [47387] SKIP 需要人（escalated=DOC-PROOF-001,OCR-SPIKE-001 qa_failed>=2=-）—— 按 zhixing 规矩不许自动接手
2026-09-29 05:03:28 [49410] SKIP 需要人（escalated=DOC-PROOF-001,OCR-SPIKE-001 qa_failed>=2=-）—— 按 zhixing 规矩不许自动接手
2026-09-29 05:04:28 [51397] SKIP 需要人（escalated=DOC-PROOF-001,OCR-SPIKE-001 qa_failed>=2=-）—— 按 zhixing 规矩不许自动接手
2026-09-29 05:05:28 [53354] SKIP 需要人（escalated=DOC-PROOF-001,OCR-SPIKE-001 qa_failed>=2=-）—— 按 zhixing 规矩不许自动接手
2026-09-29 05:06:28 [55327] SKIP 需要人（escalated=DOC-PROOF-001,OCR-SPIKE-001 qa_failed>=2=-）—— 按 zhixing 规矩不许自动接手
2026-09-29 05:07:28 [57345] SKIP 需要人（escalated=DOC-PROOF-001,OCR-SPIKE-001 qa_failed>=2=-）—— 按 zhixing 规矩不许自动接手
2026-09-29 05:08:28 [59367] SKIP 需要人（escalated=DOC-PROOF-001,OCR-SPIKE-001 qa_failed>=2=-）—— 按 zhixing 规矩不许自动接手
2026-09-29 05:09:28 [61327] SKIP 需要人（escalated=DOC-PROOF-001,OCR-SPIKE-001 qa_failed>=2=-）—— 按 zhixing 规矩不许自动接手
2026-09-29 05:10:28 [63278] SKIP 需要人（escalated=DOC-PROOF-001,OCR-SPIKE-001 qa_failed>=2=-）—— 按 zhixing 规矩不许自动接手
2026-09-29 05:11:28 [65308] SKIP 需要人（escalated=DOC-PROOF-001,OCR-SPIKE-001 qa_failed>=2=-）—— 按 zhixing 规矩不许自动接手
2026-09-29 05:12:28 [67279] SKIP 需要人（escalated=DOC-PROOF-001,OCR-SPIKE-001 qa_failed>=2=-）—— 按 zhixing 规矩不许自动接手
2026-09-29 05:13:29 [69235] SKIP 需要人（escalated=DOC-PROOF-001,OCR-SPIKE-001 qa_failed>=2=-）—— 按 zhixing 规矩不许自动接手
2026-09-29 05:14:29 [71193] SKIP 需要人（escalated=DOC-PROOF-001,OCR-SPIKE-001 qa_failed>=2=-）—— 按 zhixing 规矩不许自动接手
2026-09-29 05:15:29 [73145] SKIP 需要人（escalated=DOC-PROOF-001,OCR-SPIKE-001 qa_failed>=2=-）—— 按 zhixing 规矩不许自动接手
2026-09-29 05:16:29 [75162] SKIP 需要人（escalated=DOC-PROOF-001,OCR-SPIKE-001 qa_failed>=2=-）—— 按 zhixing 规矩不许自动接手
2026-09-29 05:17:29 [77129] SKIP 需要人（escalated=DOC-PROOF-001,OCR-SPIKE-001 qa_failed>=2=-）—— 按 zhixing 规矩不许自动接手
2026-09-29 05:18:29 [79082] SKIP 需要人（escalated=DOC-PROOF-001,OCR-SPIKE-001 qa_failed>=2=-）—— 按 zhixing 规矩不许自动接手
2026-09-29 05:19:29 [81047] SKIP 需要人（escalated=DOC-PROOF-001,OCR-SPIKE-001 qa_failed>=2=-）—— 按 zhixing 规矩不许自动接手
2026-09-29 05:20:29 [83062] SKIP 需要人（escalated=DOC-PROOF-001,OCR-SPIKE-001 qa_failed>=2=-）—— 按 zhixing 规矩不许自动接手
2026-09-29 05:21:29 [85014] SKIP 需要人（escalated=DOC-PROOF-001,OCR-SPIKE-001 qa_failed>=2=-）—— 按 zhixing 规矩不许自动接手
2026-09-29 05:22:29 [86974] SKIP 需要人（escalated=DOC-PROOF-001,OCR-SPIKE-001 qa_failed>=2=-）—— 按 zhixing 规矩不许自动接手
2026-09-29 05:23:29 [88998] SKIP 需要人（escalated=DOC-PROOF-001,OCR-SPIKE-001 qa_failed>=2=-）—— 按 zhixing 规矩不许自动接手
2026-09-29 05:24:30 [91037] SKIP 需要人（escalated=DOC-PROOF-001,OCR-SPIKE-001 qa_failed>=2=-）—— 按 zhixing 规矩不许自动接手
2026-09-29 05:25:30 [92991] SKIP 需要人（escalated=DOC-PROOF-001,OCR-SPIKE-001 qa_failed>=2=-）—— 按 zhixing 规矩不许自动接手
2026-09-29 05:26:30 [94940] SKIP 需要人（escalated=DOC-PROOF-001,OCR-SPIKE-001 qa_failed>=2=-）—— 按 zhixing 规矩不许自动接手
2026-09-29 05:27:30 [96904] SKIP 需要人（escalated=DOC-PROOF-001,OCR-SPIKE-001 qa_failed>=2=-）—— 按 zhixing 规矩不许自动接手
2026-09-29 05:28:30 [98941] SKIP 需要人（escalated=DOC-PROOF-001,OCR-SPIKE-001 qa_failed>=2=-）—— 按 zhixing 规矩不许自动接手
2026-09-29 05:29:30 [1098] SKIP 需要人（escalated=DOC-PROOF-001,OCR-SPIKE-001 qa_failed>=2=-）—— 按 zhixing 规矩不许自动接手
2026-09-29 05:30:30 [3066] SKIP 需要人（escalated=DOC-PROOF-001,OCR-SPIKE-001 qa_failed>=2=-）—— 按 zhixing 规矩不许自动接手
2026-09-29 05:31:30 [5030] SKIP 需要人（escalated=DOC-PROOF-001,OCR-SPIKE-001 qa_failed>=2=-）—— 按 zhixing 规矩不许自动接手
2026-09-29 05:32:30 [7057] SKIP 需要人（escalated=DOC-PROOF-001,OCR-SPIKE-001 qa_failed>=2=-）—— 按 zhixing 规矩不许自动接手
2026-09-29 05:33:30 [9025] SKIP 需要人（escalated=DOC-PROOF-001,OCR-SPIKE-001 qa_failed>=2=-）—— 按 zhixing 规矩不许自动接手
2026-09-29 05:34:31 [10989] SKIP 需要人（escalated=DOC-PROOF-001,OCR-SPIKE-001 qa_failed>=2=-）—— 按 zhixing 规矩不许自动接手
2026-09-29 05:35:31 [12945] SKIP 需要人（escalated=DOC-PROOF-001,OCR-SPIKE-001 qa_failed>=2=-）—— 按 zhixing 规矩不许自动接手
2026-09-29 05:36:31 [14971] SKIP 需要人（escalated=DOC-PROOF-001,OCR-SPIKE-001 qa_failed>=2=-）—— 按 zhixing 规矩不许自动接手
2026-09-29 05:37:31 [16928] SKIP 需要人（escalated=DOC-PROOF-001,OCR-SPIKE-001 qa_failed>=2=-）—— 按 zhixing 规矩不许自动接手
2026-09-29 05:38:31 [18963] SKIP 需要人（escalated=DOC-PROOF-001,OCR-SPIKE-001 qa_failed>=2=-）—— 按 zhixing 规矩不许自动接手
2026-09-29 05:39:31 [21236] SKIP 需要人（escalated=DOC-PROOF-001,OCR-SPIKE-001 qa_failed>=2=-）—— 按 zhixing 规矩不许自动接手
2026-09-29 05:40:31 [23255] SKIP 需要人（escalated=DOC-PROOF-001,OCR-SPIKE-001 qa_failed>=2=-）—— 按 zhixing 规矩不许自动接手
2026-09-29 05:41:31 [25215] SKIP 需要人（escalated=DOC-PROOF-001,OCR-SPIKE-001 qa_failed>=2=-）—— 按 zhixing 规矩不许自动接手
2026-09-29 05:42:31 [27177] SKIP 需要人（escalated=DOC-PROOF-001,OCR-SPIKE-001 qa_failed>=2=-）—— 按 zhixing 规矩不许自动接手
2026-09-29 05:43:31 [29192] SKIP 需要人（escalated=DOC-PROOF-001,OCR-SPIKE-001 qa_failed>=2=-）—— 按 zhixing 规矩不许自动接手
2026-09-29 05:44:31 [31255] SKIP 需要人（escalated=DOC-PROOF-001,OCR-SPIKE-001 qa_failed>=2=-）—— 按 zhixing 规矩不许自动接手
2026-09-29 05:45:32 [33218] SKIP 需要人（escalated=DOC-PROOF-001,OCR-SPIKE-001 qa_failed>=2=-）—— 按 zhixing 规矩不许自动接手
2026-09-29 05:46:32 [35170] SKIP 需要人（escalated=DOC-PROOF-001,OCR-SPIKE-001 qa_failed>=2=-）—— 按 zhixing 规矩不许自动接手
2026-09-29 05:47:32 [37152] SKIP 需要人（escalated=DOC-PROOF-001,OCR-SPIKE-001 qa_failed>=2=-）—— 按 zhixing 规矩不许自动接手
2026-09-29 05:48:32 [39191] SKIP 需要人（escalated=DOC-PROOF-001,OCR-SPIKE-001 qa_failed>=2=-）—— 按 zhixing 规矩不许自动接手
2026-09-29 05:49:32 [41147] SKIP 需要人（escalated=DOC-PROOF-001,OCR-SPIKE-001 qa_failed>=2=-）—— 按 zhixing 规矩不许自动接手
2026-09-29 05:50:32 [43103] SKIP 需要人（escalated=DOC-PROOF-001,OCR-SPIKE-001 qa_failed>=2=-）—— 按 zhixing 规矩不许自动接手
2026-09-29 05:51:32 [45060] SKIP 需要人（escalated=DOC-PROOF-001,OCR-SPIKE-001 qa_failed>=2=-）—— 按 zhixing 规矩不许自动接手
2026-09-29 05:52:32 [47011] SKIP 需要人（escalated=DOC-PROOF-001,OCR-SPIKE-001 qa_failed>=2=-）—— 按 zhixing 规矩不许自动接手
2026-09-29 05:53:32 [49112] SKIP 需要人（escalated=DOC-PROOF-001,OCR-SPIKE-001 qa_failed>=2=-）—— 按 zhixing 规矩不许自动接手
2026-09-29 05:54:32 [51075] SKIP 需要人（escalated=DOC-PROOF-001,OCR-SPIKE-001 qa_failed>=2=-）—— 按 zhixing 规矩不许自动接手
2026-09-29 05:55:32 [53062] SKIP 需要人（escalated=DOC-PROOF-001,OCR-SPIKE-001 qa_failed>=2=-）—— 按 zhixing 规矩不许自动接手
2026-09-29 05:56:33 [55013] SKIP 需要人（escalated=DOC-PROOF-001,OCR-SPIKE-001 qa_failed>=2=-）—— 按 zhixing 规矩不许自动接手
2026-09-29 05:57:33 [57034] SKIP 需要人（escalated=DOC-PROOF-001,OCR-SPIKE-001 qa_failed>=2=-）—— 按 zhixing 规矩不许自动接手
2026-09-29 05:58:33 [58997] SKIP 需要人（escalated=DOC-PROOF-001,OCR-SPIKE-001 qa_failed>=2=-）—— 按 zhixing 规矩不许自动接手
2026-09-29 05:59:33 [60951] SKIP 需要人（escalated=DOC-PROOF-001,OCR-SPIKE-001 qa_failed>=2=-）—— 按 zhixing 规矩不许自动接手
2026-09-29 06:00:33 [62907] SKIP 需要人（escalated=DOC-PROOF-001,OCR-SPIKE-001 qa_failed>=2=-）—— 按 zhixing 规矩不许自动接手
2026-09-29 06:01:33 [64927] SKIP 需要人（escalated=DOC-PROOF-001,OCR-SPIKE-001 qa_failed>=2=-）—— 按 zhixing 规矩不许自动接手
2026-09-29 06:02:33 [66889] SKIP 需要人（escalated=DOC-PROOF-001,OCR-SPIKE-001 qa_failed>=2=-）—— 按 zhixing 规矩不许自动接手
2026-09-29 06:03:33 [68859] SKIP 需要人（escalated=DOC-PROOF-001,OCR-SPIKE-001 qa_failed>=2=-）—— 按 zhixing 规矩不许自动接手
2026-09-29 06:04:33 [70815] SKIP 需要人（escalated=DOC-PROOF-001,OCR-SPIKE-001 qa_failed>=2=-）—— 按 zhixing 规矩不许自动接手
2026-09-29 06:05:33 [72843] SKIP 需要人（escalated=DOC-PROOF-001,OCR-SPIKE-001 qa_failed>=2=-）—— 按 zhixing 规矩不许自动接手
2026-09-29 06:06:34 [74799] SKIP 需要人（escalated=DOC-PROOF-001,OCR-SPIKE-001 qa_failed>=2=-）—— 按 zhixing 规矩不许自动接手
2026-09-29 06:07:34 [76751] SKIP 需要人（escalated=DOC-PROOF-001,OCR-SPIKE-001 qa_failed>=2=-）—— 按 zhixing 规矩不许自动接手
2026-09-29 06:08:34 [78775] SKIP 需要人（escalated=DOC-PROOF-001,OCR-SPIKE-001 qa_failed>=2=-）—— 按 zhixing 规矩不许自动接手
2026-09-29 06:09:34 [80809] SKIP 需要人（escalated=DOC-PROOF-001,OCR-SPIKE-001 qa_failed>=2=-）—— 按 zhixing 规矩不许自动接手
2026-09-29 06:10:34 [82765] SKIP 需要人（escalated=DOC-PROOF-001,OCR-SPIKE-001 qa_failed>=2=-）—— 按 zhixing 规矩不许自动接手
2026-09-29 06:11:34 [84717] SKIP 需要人（escalated=DOC-PROOF-001,OCR-SPIKE-001 qa_failed>=2=-）—— 按 zhixing 规矩不许自动接手
2026-09-29 06:12:34 [86667] SKIP 需要人（escalated=DOC-PROOF-001,OCR-SPIKE-001 qa_failed>=2=-）—— 按 zhixing 规矩不许自动接手
2026-09-29 06:13:34 [88690] SKIP 需要人（escalated=DOC-PROOF-001,OCR-SPIKE-001 qa_failed>=2=-）—— 按 zhixing 规矩不许自动接手
2026-09-29 06:14:34 [90651] SKIP 需要人（escalated=DOC-PROOF-001,OCR-SPIKE-001 qa_failed>=2=-）—— 按 zhixing 规矩不许自动接手
2026-09-29 06:15:34 [92604] SKIP 需要人（escalated=DOC-PROOF-001,OCR-SPIKE-001 qa_failed>=2=-）—— 按 zhixing 规矩不许自动接手
2026-09-29 06:16:34 [94560] SKIP 需要人（escalated=DOC-PROOF-001,OCR-SPIKE-001 qa_failed>=2=-）—— 按 zhixing 规矩不许自动接手
2026-09-29 06:17:35 [96579] SKIP 需要人（escalated=DOC-PROOF-001,OCR-SPIKE-001 qa_failed>=2=-）—— 按 zhixing 规矩不许自动接手
2026-09-29 06:18:35 [98555] SKIP 需要人（escalated=DOC-PROOF-001,OCR-SPIKE-001 qa_failed>=2=-）—— 按 zhixing 规矩不许自动接手
2026-09-29 06:19:35 [699] SKIP 需要人（escalated=DOC-PROOF-001,OCR-SPIKE-001 qa_failed>=2=-）—— 按 zhixing 规矩不许自动接手
2026-09-29 06:20:35 [2683] SKIP 需要人（escalated=DOC-PROOF-001,OCR-SPIKE-001 qa_failed>=2=-）—— 按 zhixing 规矩不许自动接手
2026-09-29 06:21:35 [4715] SKIP 需要人（escalated=DOC-PROOF-001,OCR-SPIKE-001 qa_failed>=2=-）—— 按 zhixing 规矩不许自动接手
2026-09-29 06:22:35 [6670] SKIP 需要人（escalated=DOC-PROOF-001,OCR-SPIKE-001 qa_failed>=2=-）—— 按 zhixing 规矩不许自动接手
2026-09-29 06:23:35 [8694] SKIP 需要人（escalated=DOC-PROOF-001,OCR-SPIKE-001 qa_failed>=2=-）—— 按 zhixing 规矩不许自动接手
2026-09-29 06:24:35 [10669] SKIP 需要人（escalated=DOC-PROOF-001,OCR-SPIKE-001 qa_failed>=2=-）—— 按 zhixing 规矩不许自动接手
2026-09-29 06:25:35 [12701] SKIP 需要人（escalated=DOC-PROOF-001,OCR-SPIKE-001 qa_failed>=2=-）—— 按 zhixing 规矩不许自动接手
2026-09-29 06:26:36 [14652] SKIP 需要人（escalated=DOC-PROOF-001,OCR-SPIKE-001 qa_failed>=2=-）—— 按 zhixing 规矩不许自动接手
2026-09-29 06:27:36 [16611] SKIP 需要人（escalated=DOC-PROOF-001,OCR-SPIKE-001 qa_failed>=2=-）—— 按 zhixing 规矩不许自动接手
2026-09-29 06:28:36 [18566] SKIP 需要人（escalated=DOC-PROOF-001,OCR-SPIKE-001 qa_failed>=2=-）—— 按 zhixing 规矩不许自动接手
2026-09-29 06:29:36 [20896] SKIP 需要人（escalated=DOC-PROOF-001,OCR-SPIKE-001 qa_failed>=2=-）—— 按 zhixing 规矩不许自动接手
2026-09-29 06:30:36 [22864] SKIP 需要人（escalated=DOC-PROOF-001,OCR-SPIKE-001 qa_failed>=2=-）—— 按 zhixing 规矩不许自动接手
2026-09-29 06:31:36 [24823] SKIP 需要人（escalated=DOC-PROOF-001,OCR-SPIKE-001 qa_failed>=2=-）—— 按 zhixing 规矩不许自动接手
2026-09-29 06:32:36 [26791] SKIP 需要人（escalated=DOC-PROOF-001,OCR-SPIKE-001 qa_failed>=2=-）—— 按 zhixing 规矩不许自动接手
2026-09-29 06:33:36 [28817] SKIP 需要人（escalated=DOC-PROOF-001,OCR-SPIKE-001 qa_failed>=2=-）—— 按 zhixing 规矩不许自动接手
2026-09-29 06:34:36 [30883] SKIP 需要人（escalated=DOC-PROOF-001,OCR-SPIKE-001 qa_failed>=2=-）—— 按 zhixing 规矩不许自动接手
2026-09-29 06:35:36 [32845] SKIP 需要人（escalated=DOC-PROOF-001,OCR-SPIKE-001 qa_failed>=2=-）—— 按 zhixing 规矩不许自动接手
2026-09-29 06:36:36 [34804] SKIP 需要人（escalated=DOC-PROOF-001,OCR-SPIKE-001 qa_failed>=2=-）—— 按 zhixing 规矩不许自动接手
2026-09-29 06:37:37 [36841] SKIP 需要人（escalated=DOC-PROOF-001,OCR-SPIKE-001 qa_failed>=2=-）—— 按 zhixing 规矩不许自动接手
2026-09-29 06:38:37 [38884] SKIP 需要人（escalated=DOC-PROOF-001,OCR-SPIKE-001 qa_failed>=2=-）—— 按 zhixing 规矩不许自动接手
2026-09-29 06:39:37 [40844] SKIP 需要人（escalated=DOC-PROOF-001,OCR-SPIKE-001 qa_failed>=2=-）—— 按 zhixing 规矩不许自动接手
2026-09-29 06:40:37 [42795] SKIP 需要人（escalated=DOC-PROOF-001,OCR-SPIKE-001 qa_failed>=2=-）—— 按 zhixing 规矩不许自动接手
2026-09-29 06:41:37 [44847] SKIP 需要人（escalated=DOC-PROOF-001,OCR-SPIKE-001 qa_failed>=2=-）—— 按 zhixing 规矩不许自动接手
2026-09-29 06:42:37 [46968] SKIP 需要人（escalated=DOC-PROOF-001,OCR-SPIKE-001 qa_failed>=2=-）—— 按 zhixing 规矩不许自动接手
2026-09-29 06:43:37 [48932] SKIP 需要人（escalated=DOC-PROOF-001,OCR-SPIKE-001 qa_failed>=2=-）—— 按 zhixing 规矩不许自动接手
2026-09-29 06:44:37 [50987] SKIP 需要人（escalated=DOC-PROOF-001,OCR-SPIKE-001 qa_failed>=2=-）—— 按 zhixing 规矩不许自动接手
2026-09-29 06:45:37 [53016] SKIP 需要人（escalated=DOC-PROOF-001,OCR-SPIKE-001 qa_failed>=2=-）—— 按 zhixing 规矩不许自动接手
2026-09-29 06:46:37 [54992] SKIP 需要人（escalated=DOC-PROOF-001,OCR-SPIKE-001 qa_failed>=2=-）—— 按 zhixing 规矩不许自动接手
2026-09-29 06:47:37 [59806] SKIP 需要人（escalated=DOC-PROOF-001,OCR-SPIKE-001 qa_failed>=2=-）—— 按 zhixing 规矩不许自动接手
2026-09-29 06:48:38 [61828] SKIP 需要人（escalated=DOC-PROOF-001,OCR-SPIKE-001 qa_failed>=2=-）—— 按 zhixing 规矩不许自动接手
2026-09-29 06:49:38 [64038] SKIP 需要人（escalated=DOC-PROOF-001,OCR-SPIKE-001 qa_failed>=2=-）—— 按 zhixing 规矩不许自动接手
2026-09-29 06:50:38 [66023] SKIP 需要人（escalated=DOC-PROOF-001,OCR-SPIKE-001 qa_failed>=2=-）—— 按 zhixing 规矩不许自动接手
2026-09-29 06:51:38 [68001] SKIP 需要人（escalated=DOC-PROOF-001,OCR-SPIKE-001 qa_failed>=2=-）—— 按 zhixing 规矩不许自动接手
2026-09-29 06:52:38 [70018] SKIP 需要人（escalated=DOC-PROOF-001,OCR-SPIKE-001 qa_failed>=2=-）—— 按 zhixing 规矩不许自动接手
2026-09-29 06:53:38 [72051] SKIP 需要人（escalated=DOC-PROOF-001,OCR-SPIKE-001 qa_failed>=2=-）—— 按 zhixing 规矩不许自动接手
2026-09-29 06:54:38 [74005] SKIP 需要人（escalated=DOC-PROOF-001,OCR-SPIKE-001 qa_failed>=2=-）—— 按 zhixing 规矩不许自动接手
2026-09-29 06:55:38 [75958] SKIP 需要人（escalated=DOC-PROOF-001,OCR-SPIKE-001 qa_failed>=2=-）—— 按 zhixing 规矩不许自动接手
2026-09-29 06:56:38 [77913] SKIP 需要人（escalated=DOC-PROOF-001,OCR-SPIKE-001 qa_failed>=2=-）—— 按 zhixing 规矩不许自动接手
2026-09-29 06:57:38 [79873] SKIP 需要人（escalated=DOC-PROOF-001,OCR-SPIKE-001 qa_failed>=2=-）—— 按 zhixing 规矩不许自动接手
2026-09-29 06:58:38 [81901] SKIP 需要人（escalated=DOC-PROOF-001,OCR-SPIKE-001 qa_failed>=2=-）—— 按 zhixing 规矩不许自动接手
2026-09-29 06:59:38 [83841] SKIP 需要人（escalated=DOC-PROOF-001,OCR-SPIKE-001 qa_failed>=2=-）—— 按 zhixing 规矩不许自动接手
2026-09-29 07:00:39 [85792] SKIP 需要人（escalated=DOC-PROOF-001,OCR-SPIKE-001 qa_failed>=2=-）—— 按 zhixing 规矩不许自动接手
2026-09-29 07:01:39 [87896] SKIP 需要人（escalated=DOC-PROOF-001,OCR-SPIKE-001 qa_failed>=2=-）—— 按 zhixing 规矩不许自动接手
2026-09-29 07:02:39 [89911] SKIP 需要人（escalated=DOC-PROOF-001,OCR-SPIKE-001 qa_failed>=2=-）—— 按 zhixing 规矩不许自动接手
2026-09-29 07:03:39 [91870] SKIP 需要人（escalated=DOC-PROOF-001,OCR-SPIKE-001 qa_failed>=2=-）—— 按 zhixing 规矩不许自动接手
2026-09-29 07:04:39 [93848] SKIP 需要人（escalated=DOC-PROOF-001,OCR-SPIKE-001 qa_failed>=2=-）—— 按 zhixing 规矩不许自动接手
2026-09-29 07:05:39 [95805] SKIP 需要人（escalated=DOC-PROOF-001,OCR-SPIKE-001 qa_failed>=2=-）—— 按 zhixing 规矩不许自动接手
2026-09-29 07:06:39 [97765] SKIP 需要人（escalated=DOC-PROOF-001,OCR-SPIKE-001 qa_failed>=2=-）—— 按 zhixing 规矩不许自动接手
2026-09-29 07:07:39 [99807] SKIP 需要人（escalated=DOC-PROOF-001,OCR-SPIKE-001 qa_failed>=2=-）—— 按 zhixing 规矩不许自动接手
2026-09-29 07:08:39 [2035] SKIP 需要人（escalated=DOC-PROOF-001,OCR-SPIKE-001 qa_failed>=2=-）—— 按 zhixing 规矩不许自动接手
2026-09-29 07:09:39 [3989] SKIP 需要人（escalated=DOC-PROOF-001,OCR-SPIKE-001 qa_failed>=2=-）—— 按 zhixing 规矩不许自动接手
2026-09-29 07:10:39 [5957] SKIP 需要人（escalated=DOC-PROOF-001,OCR-SPIKE-001 qa_failed>=2=-）—— 按 zhixing 规矩不许自动接手
2026-09-29 07:11:40 [7908] SKIP 需要人（escalated=DOC-PROOF-001,OCR-SPIKE-001 qa_failed>=2=-）—— 按 zhixing 规矩不许自动接手
2026-09-29 07:12:40 [9864] SKIP 需要人（escalated=DOC-PROOF-001,OCR-SPIKE-001 qa_failed>=2=-）—— 按 zhixing 规矩不许自动接手
2026-09-29 07:13:40 [11886] SKIP 需要人（escalated=DOC-PROOF-001,OCR-SPIKE-001 qa_failed>=2=-）—— 按 zhixing 规矩不许自动接手
2026-09-29 07:14:40 [13846] SKIP 需要人（escalated=DOC-PROOF-001,OCR-SPIKE-001 qa_failed>=2=-）—— 按 zhixing 规矩不许自动接手
2026-09-29 07:15:40 [15804] SKIP 需要人（escalated=DOC-PROOF-001,OCR-SPIKE-001 qa_failed>=2=-）—— 按 zhixing 规矩不许自动接手
2026-09-29 07:16:40 [17761] SKIP 需要人（escalated=DOC-PROOF-001,OCR-SPIKE-001 qa_failed>=2=-）—— 按 zhixing 规矩不许自动接手
2026-09-29 07:17:40 [19967] SKIP 需要人（escalated=DOC-PROOF-001,OCR-SPIKE-001 qa_failed>=2=-）—— 按 zhixing 规矩不许自动接手
2026-09-29 07:18:40 [22208] SKIP 需要人（escalated=DOC-PROOF-001,OCR-SPIKE-001 qa_failed>=2=-）—— 按 zhixing 规矩不许自动接手
2026-09-29 07:19:40 [24162] SKIP 需要人（escalated=DOC-PROOF-001,OCR-SPIKE-001 qa_failed>=2=-）—— 按 zhixing 规矩不许自动接手
2026-09-29 07:20:40 [26129] SKIP 需要人（escalated=DOC-PROOF-001,OCR-SPIKE-001 qa_failed>=2=-）—— 按 zhixing 规矩不许自动接手
2026-09-29 07:21:40 [29307] SKIP 需要人（escalated=DOC-PROOF-001,OCR-SPIKE-001 qa_failed>=2=-）—— 按 zhixing 规矩不许自动接手
2026-09-29 07:22:41 [31293] SKIP 需要人（escalated=DOC-PROOF-001,OCR-SPIKE-001 qa_failed>=2=-）—— 按 zhixing 规矩不许自动接手
2026-09-29 07:23:41 [33394] SKIP 需要人（escalated=DOC-PROOF-001,OCR-SPIKE-001 qa_failed>=2=-）—— 按 zhixing 规矩不许自动接手
2026-09-29 07:24:41 [35388] SKIP 需要人（escalated=DOC-PROOF-001,OCR-SPIKE-001 qa_failed>=2=-）—— 按 zhixing 规矩不许自动接手
2026-09-29 07:25:41 [37355] SKIP 需要人（escalated=DOC-PROOF-001,OCR-SPIKE-001 qa_failed>=2=-）—— 按 zhixing 规矩不许自动接手
2026-09-29 07:26:41 [39320] SKIP 需要人（escalated=DOC-PROOF-001,OCR-SPIKE-001 qa_failed>=2=-）—— 按 zhixing 规矩不许自动接手
2026-09-29 07:27:41 [41276] SKIP 需要人（escalated=DOC-PROOF-001,OCR-SPIKE-001 qa_failed>=2=-）—— 按 zhixing 规矩不许自动接手
2026-09-29 07:28:41 [43227] SKIP 需要人（escalated=DOC-PROOF-001,OCR-SPIKE-001 qa_failed>=2=-）—— 按 zhixing 规矩不许自动接手
2026-09-29 07:29:41 [45352] SKIP 需要人（escalated=DOC-PROOF-001,OCR-SPIKE-001 qa_failed>=2=-）—— 按 zhixing 规矩不许自动接手
2026-09-29 07:30:41 [47750] SKIP 需要人（escalated=DOC-PROOF-001,OCR-SPIKE-001 qa_failed>=2=-）—— 按 zhixing 规矩不许自动接手
2026-09-29 07:31:41 [50267] SKIP 需要人（escalated=DOC-PROOF-001,OCR-SPIKE-001 qa_failed>=2=-）—— 按 zhixing 规矩不许自动接手
2026-09-29 07:32:42 [52356] SKIP 需要人（escalated=DOC-PROOF-001,OCR-SPIKE-001 qa_failed>=2=-）—— 按 zhixing 规矩不许自动接手
2026-09-29 07:33:42 [54323] SKIP 需要人（escalated=DOC-PROOF-001,OCR-SPIKE-001 qa_failed>=2=-）—— 按 zhixing 规矩不许自动接手
2026-09-29 07:34:42 [57043] SKIP 需要人（escalated=DOC-PROOF-001,OCR-SPIKE-001 qa_failed>=2=-）—— 按 zhixing 规矩不许自动接手
2026-09-29 07:35:42 [59499] SKIP 需要人（escalated=DOC-PROOF-001,OCR-SPIKE-001 qa_failed>=2=-）—— 按 zhixing 规矩不许自动接手
2026-09-29 07:36:42 [61479] SKIP 需要人（escalated=DOC-PROOF-001,OCR-SPIKE-001 qa_failed>=2=-）—— 按 zhixing 规矩不许自动接手
2026-09-29 07:37:42 [63434] SKIP 需要人（escalated=DOC-PROOF-001,OCR-SPIKE-001 qa_failed>=2=-）—— 按 zhixing 规矩不许自动接手
2026-09-29 07:38:42 [65457] SKIP 需要人（escalated=DOC-PROOF-001,OCR-SPIKE-001 qa_failed>=2=-）—— 按 zhixing 规矩不许自动接手
2026-09-29 07:39:42 [67438] SKIP 需要人（escalated=DOC-PROOF-001,OCR-SPIKE-001 qa_failed>=2=-）—— 按 zhixing 规矩不许自动接手
2026-09-29 07:40:42 [69383] SKIP 需要人（escalated=DOC-PROOF-001,OCR-SPIKE-001 qa_failed>=2=-）—— 按 zhixing 规矩不许自动接手
2026-09-29 07:41:42 [71441] SKIP 需要人（escalated=DOC-PROOF-001,OCR-SPIKE-001 qa_failed>=2=-）—— 按 zhixing 规矩不许自动接手
2026-09-29 07:42:43 [73393] SKIP 需要人（escalated=DOC-PROOF-001,OCR-SPIKE-001 qa_failed>=2=-）—— 按 zhixing 规矩不许自动接手
2026-09-29 07:43:43 [75346] SKIP 需要人（escalated=DOC-PROOF-001,OCR-SPIKE-001 qa_failed>=2=-）—— 按 zhixing 规矩不许自动接手
2026-09-29 07:44:43 [77300] SKIP 需要人（escalated=DOC-PROOF-001,OCR-SPIKE-001 qa_failed>=2=-）—— 按 zhixing 规矩不许自动接手
2026-09-29 07:45:43 [79261] SKIP 需要人（escalated=DOC-PROOF-001,OCR-SPIKE-001 qa_failed>=2=-）—— 按 zhixing 规矩不许自动接手
2026-09-29 07:46:43 [81222] SKIP 需要人（escalated=DOC-PROOF-001,OCR-SPIKE-001 qa_failed>=2=-）—— 按 zhixing 规矩不许自动接手
2026-09-29 07:47:43 [83173] SKIP 需要人（escalated=DOC-PROOF-001,OCR-SPIKE-001 qa_failed>=2=-）—— 按 zhixing 规矩不许自动接手
2026-09-29 07:48:43 [85190] SKIP 需要人（escalated=DOC-PROOF-001,OCR-SPIKE-001 qa_failed>=2=-）—— 按 zhixing 规矩不许自动接手
2026-09-29 07:49:43 [87140] SKIP 需要人（escalated=DOC-PROOF-001,OCR-SPIKE-001 qa_failed>=2=-）—— 按 zhixing 规矩不许自动接手
2026-09-29 07:50:43 [89093] SKIP 需要人（escalated=DOC-PROOF-001,OCR-SPIKE-001 qa_failed>=2=-）—— 按 zhixing 规矩不许自动接手
2026-09-29 07:51:44 [91045] SKIP 需要人（escalated=DOC-PROOF-001,OCR-SPIKE-001 qa_failed>=2=-）—— 按 zhixing 规矩不许自动接手
2026-09-29 07:52:44 [93014] SKIP 需要人（escalated=DOC-PROOF-001,OCR-SPIKE-001 qa_failed>=2=-）—— 按 zhixing 规矩不许自动接手
2026-09-29 07:53:44 [95042] SKIP 需要人（escalated=DOC-PROOF-001,OCR-SPIKE-001 qa_failed>=2=-）—— 按 zhixing 规矩不许自动接手
2026-09-29 07:54:44 [97444] SKIP 需要人（escalated=DOC-PROOF-001,OCR-SPIKE-001 qa_failed>=2=-）—— 按 zhixing 规矩不许自动接手
2026-09-29 07:55:44 [99495] SKIP 需要人（escalated=DOC-PROOF-001,OCR-SPIKE-001 qa_failed>=2=-）—— 按 zhixing 规矩不许自动接手
2026-09-29 07:56:44 [1667] SKIP 需要人（escalated=DOC-PROOF-001,OCR-SPIKE-001 qa_failed>=2=-）—— 按 zhixing 规矩不许自动接手
2026-09-29 07:57:44 [3620] SKIP 需要人（escalated=DOC-PROOF-001,OCR-SPIKE-001 qa_failed>=2=-）—— 按 zhixing 规矩不许自动接手
2026-09-29 07:58:44 [5587] SKIP 需要人（escalated=DOC-PROOF-001,OCR-SPIKE-001 qa_failed>=2=-）—— 按 zhixing 规矩不许自动接手
2026-09-29 07:59:44 [7539] SKIP 需要人（escalated=DOC-PROOF-001,OCR-SPIKE-001 qa_failed>=2=-）—— 按 zhixing 规矩不许自动接手
2026-09-29 08:00:44 [9496] SKIP 需要人（escalated=DOC-PROOF-001,OCR-SPIKE-001 qa_failed>=2=-）—— 按 zhixing 规矩不许自动接手
2026-09-29 08:01:45 [11450] SKIP 需要人（escalated=DOC-PROOF-001,OCR-SPIKE-001 qa_failed>=2=-）—— 按 zhixing 规矩不许自动接手
2026-09-29 08:02:45 [13473] SKIP 需要人（escalated=DOC-PROOF-001,OCR-SPIKE-001 qa_failed>=2=-）—— 按 zhixing 规矩不许自动接手
2026-09-29 08:03:45 [15429] SKIP 需要人（escalated=DOC-PROOF-001,OCR-SPIKE-001 qa_failed>=2=-）—— 按 zhixing 规矩不许自动接手
2026-09-29 08:04:45 [17386] SKIP 需要人（escalated=DOC-PROOF-001,OCR-SPIKE-001 qa_failed>=2=-）—— 按 zhixing 规矩不许自动接手
2026-09-29 08:05:45 [19501] SKIP 需要人（escalated=DOC-PROOF-001,OCR-SPIKE-001 qa_failed>=2=-）—— 按 zhixing 规矩不许自动接手
2026-09-29 08:06:45 [21613] SKIP 需要人（escalated=DOC-PROOF-001,OCR-SPIKE-001 qa_failed>=2=-）—— 按 zhixing 规矩不许自动接手
2026-09-29 08:07:45 [23568] SKIP 需要人（escalated=DOC-PROOF-001,OCR-SPIKE-001 qa_failed>=2=-）—— 按 zhixing 规矩不许自动接手
2026-09-29 08:08:45 [25602] SKIP 需要人（escalated=DOC-PROOF-001,OCR-SPIKE-001 qa_failed>=2=-）—— 按 zhixing 规矩不许自动接手
2026-09-29 08:09:45 [27654] SKIP 需要人（escalated=DOC-PROOF-001,OCR-SPIKE-001 qa_failed>=2=-）—— 按 zhixing 规矩不许自动接手
2026-09-29 08:10:45 [29668] SKIP 需要人（escalated=DOC-PROOF-001,OCR-SPIKE-001 qa_failed>=2=-）—— 按 zhixing 规矩不许自动接手
2026-09-29 08:11:46 [31644] SKIP 需要人（escalated=DOC-PROOF-001,OCR-SPIKE-001 qa_failed>=2=-）—— 按 zhixing 规矩不许自动接手
2026-09-29 08:12:46 [33600] SKIP 需要人（escalated=DOC-PROOF-001,OCR-SPIKE-001 qa_failed>=2=-）—— 按 zhixing 规矩不许自动接手
2026-09-29 08:13:46 [35562] SKIP 需要人（escalated=DOC-PROOF-001,OCR-SPIKE-001 qa_failed>=2=-）—— 按 zhixing 规矩不许自动接手
2026-09-29 08:14:46 [39654] SKIP 需要人（escalated=DOC-PROOF-001,OCR-SPIKE-001 qa_failed>=2=-）—— 按 zhixing 规矩不许自动接手
2026-09-29 08:15:46 [41811] SKIP 需要人（escalated=DOC-PROOF-001,OCR-SPIKE-001 qa_failed>=2=-）—— 按 zhixing 规矩不许自动接手
2026-09-29 08:16:46 [44075] SKIP 需要人（escalated=DOC-PROOF-001,OCR-SPIKE-001 qa_failed>=2=-）—— 按 zhixing 规矩不许自动接手
2026-09-29 08:17:46 [46312] SKIP 需要人（escalated=DOC-PROOF-001,OCR-SPIKE-001 qa_failed>=2=-）—— 按 zhixing 规矩不许自动接手
2026-09-29 08:18:46 [48833] SKIP 需要人（escalated=DOC-PROOF-001,OCR-SPIKE-001 qa_failed>=2=-）—— 按 zhixing 规矩不许自动接手
2026-09-29 08:19:46 [51277] SKIP 需要人（escalated=DOC-PROOF-001,OCR-SPIKE-001 qa_failed>=2=-）—— 按 zhixing 规矩不许自动接手
2026-09-29 08:20:46 [54041] SKIP 需要人（escalated=DOC-PROOF-001,OCR-SPIKE-001 qa_failed>=2=-）—— 按 zhixing 规矩不许自动接手
2026-09-29 08:21:47 [56026] SKIP 需要人（escalated=DOC-PROOF-001,OCR-SPIKE-001 qa_failed>=2=-）—— 按 zhixing 规矩不许自动接手
2026-09-29 08:22:47 [57763] SKIP 需要人（escalated=DOC-PROOF-001,OCR-SPIKE-001 qa_failed>=2=-）—— 按 zhixing 规矩不许自动接手
2026-09-29 08:23:47 [60667] SKIP 需要人（escalated=DOC-PROOF-001,OCR-SPIKE-001 qa_failed>=2=-）—— 按 zhixing 规矩不许自动接手
2026-09-29 08:24:47 [62326] SKIP 需要人（escalated=DOC-PROOF-001,OCR-SPIKE-001 qa_failed>=2=-）—— 按 zhixing 规矩不许自动接手
2026-09-29 08:25:47 [64290] SKIP 需要人（escalated=DOC-PROOF-001,OCR-SPIKE-001 qa_failed>=2=-）—— 按 zhixing 规矩不许自动接手
2026-09-29 08:26:47 [66539] SKIP 需要人（escalated=DOC-PROOF-001,OCR-SPIKE-001 qa_failed>=2=-）—— 按 zhixing 规矩不许自动接手
2026-09-29 08:27:47 [68660] SKIP 需要人（escalated=DOC-PROOF-001,OCR-SPIKE-001 qa_failed>=2=-）—— 按 zhixing 规矩不许自动接手
2026-09-29 08:28:47 [70557] SKIP 需要人（escalated=DOC-PROOF-001,OCR-SPIKE-001 qa_failed>=2=-）—— 按 zhixing 规矩不许自动接手
2026-09-29 08:29:47 [72409] SKIP 需要人（escalated=DOC-PROOF-001,OCR-SPIKE-001 qa_failed>=2=-）—— 按 zhixing 规矩不许自动接手
2026-09-29 08:30:47 [74044] SKIP 需要人（escalated=DOC-PROOF-001,OCR-SPIKE-001 qa_failed>=2=-）—— 按 zhixing 规矩不许自动接手
2026-09-29 08:31:48 [75683] SKIP 需要人（escalated=DOC-PROOF-001,OCR-SPIKE-001 qa_failed>=2=-）—— 按 zhixing 规矩不许自动接手
2026-09-29 08:32:48 [77539] SKIP 需要人（escalated=DOC-PROOF-001,OCR-SPIKE-001 qa_failed>=2=-）—— 按 zhixing 规矩不许自动接手
2026-09-29 08:33:48 [79178] SKIP 需要人（escalated=DOC-PROOF-001,OCR-SPIKE-001 qa_failed>=2=-）—— 按 zhixing 规矩不许自动接手
2026-09-29 08:34:48 [80818] SKIP 需要人（escalated=DOC-PROOF-001,OCR-SPIKE-001 qa_failed>=2=-）—— 按 zhixing 规矩不许自动接手
2026-09-29 08:35:48 [82647] SKIP 需要人（escalated=DOC-PROOF-001,OCR-SPIKE-001 qa_failed>=2=-）—— 按 zhixing 规矩不许自动接手
2026-09-29 08:36:48 [84288] SKIP 需要人（escalated=DOC-PROOF-001,OCR-SPIKE-001 qa_failed>=2=-）—— 按 zhixing 规矩不许自动接手
2026-09-29 08:37:48 [85927] SKIP 需要人（escalated=DOC-PROOF-001,OCR-SPIKE-001 qa_failed>=2=-）—— 按 zhixing 规矩不许自动接手
2026-09-29 08:38:48 [87807] SKIP 需要人（escalated=DOC-PROOF-001,OCR-SPIKE-001 qa_failed>=2=-）—— 按 zhixing 规矩不许自动接手
2026-09-29 08:39:48 [89449] SKIP 需要人（escalated=DOC-PROOF-001,OCR-SPIKE-001 qa_failed>=2=-）—— 按 zhixing 规矩不许自动接手
2026-09-29 08:40:48 [91085] SKIP 需要人（escalated=DOC-PROOF-001,OCR-SPIKE-001 qa_failed>=2=-）—— 按 zhixing 规矩不许自动接手
2026-09-29 08:41:49 [92854] SKIP 需要人（escalated=DOC-PROOF-001,OCR-SPIKE-001 qa_failed>=2=-）—— 按 zhixing 规矩不许自动接手
2026-09-29 08:42:49 [95117] SKIP 需要人（escalated=DOC-PROOF-001,OCR-SPIKE-001 qa_failed>=2=-）—— 按 zhixing 规矩不许自动接手
2026-09-29 08:43:49 [96806] SKIP 需要人（escalated=DOC-PROOF-001,OCR-SPIKE-001 qa_failed>=2=-）—— 按 zhixing 规矩不许自动接手
2026-09-29 08:44:49 [98484] SKIP 需要人（escalated=DOC-PROOF-001,OCR-SPIKE-001 qa_failed>=2=-）—— 按 zhixing 规矩不许自动接手
2026-09-29 08:45:49 [229] SKIP 需要人（escalated=DOC-PROOF-001,OCR-SPIKE-001 qa_failed>=2=-）—— 按 zhixing 规矩不许自动接手
2026-09-29 08:46:49 [2036] SKIP 需要人（escalated=DOC-PROOF-001,OCR-SPIKE-001 qa_failed>=2=-）—— 按 zhixing 规矩不许自动接手
2026-09-29 08:47:49 [4213] SKIP 需要人（escalated=DOC-PROOF-001,OCR-SPIKE-001 qa_failed>=2=-）—— 按 zhixing 规矩不许自动接手
2026-09-29 08:48:49 [5925] SKIP 需要人（escalated=DOC-PROOF-001,OCR-SPIKE-001 qa_failed>=2=-）—— 按 zhixing 规矩不许自动接手
2026-09-29 08:49:49 [7726] SKIP 需要人（escalated=DOC-PROOF-001,OCR-SPIKE-001 qa_failed>=2=-）—— 按 zhixing 规矩不许自动接手
2026-09-29 08:50:49 [9970] SKIP 需要人（escalated=DOC-PROOF-001,OCR-SPIKE-001 qa_failed>=2=-）—— 按 zhixing 规矩不许自动接手
2026-09-29 08:51:49 [11783] SKIP 需要人（escalated=DOC-PROOF-001,OCR-SPIKE-001 qa_failed>=2=-）—— 按 zhixing 规矩不许自动接手
2026-09-29 08:52:50 [13430] SKIP 需要人（escalated=DOC-PROOF-001,OCR-SPIKE-001 qa_failed>=2=-）—— 按 zhixing 规矩不许自动接手
2026-09-29 08:53:50 [15215] SKIP 需要人（escalated=DOC-PROOF-001,OCR-SPIKE-001 qa_failed>=2=-）—— 按 zhixing 规矩不许自动接手
2026-09-29 08:54:50 [17312] SKIP 需要人（escalated=DOC-PROOF-001,OCR-SPIKE-001 qa_failed>=2=-）—— 按 zhixing 规矩不许自动接手
2026-09-29 08:55:50 [19727] SKIP 需要人（escalated=DOC-PROOF-001,OCR-SPIKE-001 qa_failed>=2=-）—— 按 zhixing 规矩不许自动接手
2026-09-29 08:56:50 [21551] SKIP 需要人（escalated=DOC-PROOF-001,OCR-SPIKE-001 qa_failed>=2=-）—— 按 zhixing 规矩不许自动接手
2026-09-29 08:57:50 [23506] SKIP 需要人（escalated=DOC-PROOF-001,OCR-SPIKE-001 qa_failed>=2=-）—— 按 zhixing 规矩不许自动接手
2026-09-29 08:58:50 [25520] SKIP 需要人（escalated=DOC-PROOF-001,OCR-SPIKE-001 qa_failed>=2=-）—— 按 zhixing 规矩不许自动接手
2026-09-29 08:59:50 [27416] SKIP 需要人（escalated=DOC-PROOF-001,OCR-SPIKE-001 qa_failed>=2=-）—— 按 zhixing 规矩不许自动接手
2026-09-29 09:00:50 [29827] SKIP 需要人（escalated=DOC-PROOF-001,OCR-SPIKE-001 qa_failed>=2=-）—— 按 zhixing 规矩不许自动接手
2026-09-29 09:01:50 [31507] SKIP 需要人（escalated=DOC-PROOF-001,OCR-SPIKE-001 qa_failed>=2=-）—— 按 zhixing 规矩不许自动接手
2026-09-29 09:02:51 [33183] SKIP 需要人（escalated=DOC-PROOF-001,OCR-SPIKE-001 qa_failed>=2=-）—— 按 zhixing 规矩不许自动接手
2026-09-29 09:03:51 [34895] SKIP 需要人（escalated=DOC-PROOF-001,OCR-SPIKE-001 qa_failed>=2=-）—— 按 zhixing 规矩不许自动接手
2026-09-29 09:04:51 [36562] SKIP 需要人（escalated=DOC-PROOF-001,OCR-SPIKE-001 qa_failed>=2=-）—— 按 zhixing 规矩不许自动接手
2026-09-29 09:05:51 [38249] SKIP 需要人（escalated=DOC-PROOF-001,OCR-SPIKE-001 qa_failed>=2=-）—— 按 zhixing 规矩不许自动接手
2026-09-29 09:06:51 [39947] SKIP 需要人（escalated=DOC-PROOF-001,OCR-SPIKE-001 qa_failed>=2=-）—— 按 zhixing 规矩不许自动接手
2026-09-29 09:07:51 [41693] SKIP 需要人（escalated=DOC-PROOF-001,OCR-SPIKE-001 qa_failed>=2=-）—— 按 zhixing 规矩不许自动接手
2026-09-29 09:08:51 [43394] SKIP 需要人（escalated=DOC-PROOF-001,OCR-SPIKE-001 qa_failed>=2=-）—— 按 zhixing 规矩不许自动接手
2026-09-29 09:09:51 [45040] SKIP 需要人（escalated=DOC-PROOF-001,OCR-SPIKE-001 qa_failed>=2=-）—— 按 zhixing 规矩不许自动接手
2026-09-29 09:10:51 [46733] SKIP 需要人（escalated=DOC-PROOF-001,OCR-SPIKE-001 qa_failed>=2=-）—— 按 zhixing 规矩不许自动接手
2026-09-29 09:11:51 [48365] SKIP 需要人（escalated=DOC-PROOF-001,OCR-SPIKE-001 qa_failed>=2=-）—— 按 zhixing 规矩不许自动接手
2026-09-29 09:12:51 [50021] SKIP 需要人（escalated=DOC-PROOF-001,OCR-SPIKE-001 qa_failed>=2=-）—— 按 zhixing 规矩不许自动接手
2026-09-29 09:13:52 [51714] SKIP 需要人（escalated=DOC-PROOF-001,OCR-SPIKE-001 qa_failed>=2=-）—— 按 zhixing 规矩不许自动接手
2026-09-29 09:14:52 [53408] SKIP 需要人（escalated=DOC-PROOF-001,OCR-SPIKE-001 qa_failed>=2=-）—— 按 zhixing 规矩不许自动接手
2026-09-29 09:15:52 [55083] SKIP 需要人（escalated=DOC-PROOF-001,OCR-SPIKE-001 qa_failed>=2=-）—— 按 zhixing 规矩不许自动接手
2026-09-29 09:16:52 [56735] SKIP 需要人（escalated=DOC-PROOF-001,OCR-SPIKE-001 qa_failed>=2=-）—— 按 zhixing 规矩不许自动接手
2026-09-29 09:17:52 [58394] SKIP 需要人（escalated=DOC-PROOF-001,OCR-SPIKE-001 qa_failed>=2=-）—— 按 zhixing 规矩不许自动接手
2026-09-29 09:18:52 [60144] SKIP 需要人（escalated=DOC-PROOF-001,OCR-SPIKE-001 qa_failed>=2=-）—— 按 zhixing 规矩不许自动接手
2026-09-29 09:19:52 [61790] SKIP 需要人（escalated=DOC-PROOF-001,OCR-SPIKE-001 qa_failed>=2=-）—— 按 zhixing 规矩不许自动接手
2026-09-29 09:20:52 [63937] SKIP 需要人（escalated=DOC-PROOF-001,OCR-SPIKE-001 qa_failed>=2=-）—— 按 zhixing 规矩不许自动接手
2026-09-29 09:21:52 [65645] SKIP 需要人（escalated=DOC-PROOF-001,OCR-SPIKE-001 qa_failed>=2=-）—— 按 zhixing 规矩不许自动接手
2026-09-29 09:22:53 [67307] SKIP 需要人（escalated=DOC-PROOF-001,OCR-SPIKE-001 qa_failed>=2=-）—— 按 zhixing 规矩不许自动接手
2026-09-29 09:23:53 [69045] SKIP 需要人（escalated=DOC-PROOF-001,OCR-SPIKE-001 qa_failed>=2=-）—— 按 zhixing 规矩不许自动接手
2026-09-29 09:24:53 [70943] SKIP 需要人（escalated=DOC-PROOF-001,OCR-SPIKE-001 qa_failed>=2=-）—— 按 zhixing 规矩不许自动接手
2026-09-29 09:25:53 [72666] SKIP 需要人（escalated=DOC-PROOF-001,OCR-SPIKE-001 qa_failed>=2=-）—— 按 zhixing 规矩不许自动接手
2026-09-29 09:26:53 [74339] SKIP 需要人（escalated=DOC-PROOF-001,OCR-SPIKE-001 qa_failed>=2=-）—— 按 zhixing 规矩不许自动接手
2026-09-29 09:27:53 [75998] SKIP 需要人（escalated=DOC-PROOF-001,OCR-SPIKE-001 qa_failed>=2=-）—— 按 zhixing 规矩不许自动接手
2026-09-29 09:28:53 [77686] SKIP 需要人（escalated=DOC-PROOF-001,OCR-SPIKE-001 qa_failed>=2=-）—— 按 zhixing 规矩不许自动接手
2026-09-29 09:29:53 [79334] SKIP 需要人（escalated=DOC-PROOF-001,OCR-SPIKE-001 qa_failed>=2=-）—— 按 zhixing 规矩不许自动接手
2026-09-29 09:30:53 [81449] SKIP 需要人（escalated=DOC-PROOF-001,OCR-SPIKE-001 qa_failed>=2=-）—— 按 zhixing 规矩不许自动接手
2026-09-29 09:31:53 [83089] SKIP 需要人（escalated=DOC-PROOF-001,OCR-SPIKE-001 qa_failed>=2=-）—— 按 zhixing 规矩不许自动接手
2026-09-29 09:32:53 [84780] SKIP 需要人（escalated=DOC-PROOF-001,OCR-SPIKE-001 qa_failed>=2=-）—— 按 zhixing 规矩不许自动接手
2026-09-29 09:33:54 [86425] SKIP 需要人（escalated=DOC-PROOF-001,OCR-SPIKE-001 qa_failed>=2=-）—— 按 zhixing 规矩不许自动接手
2026-09-29 09:34:54 [88088] SKIP 需要人（escalated=DOC-PROOF-001,OCR-SPIKE-001 qa_failed>=2=-）—— 按 zhixing 规矩不许自动接手
2026-09-29 09:35:54 [89734] SKIP 需要人（escalated=DOC-PROOF-001,OCR-SPIKE-001 qa_failed>=2=-）—— 按 zhixing 规矩不许自动接手
2026-09-29 09:36:54 [91476] SKIP 需要人（escalated=DOC-PROOF-001,OCR-SPIKE-001 qa_failed>=2=-）—— 按 zhixing 规矩不许自动接手
2026-09-29 09:37:54 [93346] SKIP 需要人（escalated=DOC-PROOF-001,OCR-SPIKE-001 qa_failed>=2=-）—— 按 zhixing 规矩不许自动接手
2026-09-29 09:38:54 [95225] SKIP 需要人（escalated=DOC-PROOF-001,OCR-SPIKE-001 qa_failed>=2=-）—— 按 zhixing 规矩不许自动接手
2026-09-29 09:39:54 [97051] SKIP 需要人（escalated=DOC-PROOF-001,OCR-SPIKE-001 qa_failed>=2=-）—— 按 zhixing 规矩不许自动接手
2026-09-29 09:40:54 [99000] SKIP 需要人（escalated=DOC-PROOF-001,OCR-SPIKE-001 qa_failed>=2=-）—— 按 zhixing 规矩不许自动接手
2026-09-29 09:41:54 [982] SKIP 需要人（escalated=DOC-PROOF-001,OCR-SPIKE-001 qa_failed>=2=-）—— 按 zhixing 规矩不许自动接手
2026-09-29 09:42:54 [2639] SKIP 需要人（escalated=DOC-PROOF-001,OCR-SPIKE-001 qa_failed>=2=-）—— 按 zhixing 规矩不许自动接手
2026-09-29 09:43:54 [4349] SKIP 需要人（escalated=DOC-PROOF-001,OCR-SPIKE-001 qa_failed>=2=-）—— 按 zhixing 规矩不许自动接手
2026-09-29 09:44:55 [6022] SKIP 需要人（escalated=DOC-PROOF-001,OCR-SPIKE-001 qa_failed>=2=-）—— 按 zhixing 规矩不许自动接手
2026-09-29 09:45:55 [7695] SKIP 需要人（escalated=DOC-PROOF-001,OCR-SPIKE-001 qa_failed>=2=-）—— 按 zhixing 规矩不许自动接手
2026-09-29 09:46:55 [10425] SKIP 需要人（escalated=DOC-PROOF-001,OCR-SPIKE-001 qa_failed>=2=-）—— 按 zhixing 规矩不许自动接手
2026-09-29 09:47:55 [12107] SKIP 需要人（escalated=DOC-PROOF-001,OCR-SPIKE-001 qa_failed>=2=-）—— 按 zhixing 规矩不许自动接手
2026-09-29 09:48:55 [14273] SKIP 需要人（escalated=DOC-PROOF-001,OCR-SPIKE-001 qa_failed>=2=-）—— 按 zhixing 规矩不许自动接手
2026-09-29 09:49:55 [16503] SKIP 需要人（escalated=DOC-PROOF-001,OCR-SPIKE-001 qa_failed>=2=-）—— 按 zhixing 规矩不许自动接手
2026-09-29 09:50:55 [18673] SKIP 需要人（escalated=DOC-PROOF-001,OCR-SPIKE-001 qa_failed>=2=-）—— 按 zhixing 规矩不许自动接手
2026-09-29 09:51:55 [20819] SKIP 需要人（escalated=DOC-PROOF-001,OCR-SPIKE-001 qa_failed>=2=-）—— 按 zhixing 规矩不许自动接手
2026-09-29 09:52:56 [22700] SKIP 需要人（escalated=DOC-PROOF-001,OCR-SPIKE-001 qa_failed>=2=-）—— 按 zhixing 规矩不许自动接手
2026-09-29 09:53:56 [24543] SKIP 需要人（escalated=DOC-PROOF-001,OCR-SPIKE-001 qa_failed>=2=-）—— 按 zhixing 规矩不许自动接手
2026-09-29 09:54:56 [26486] SKIP 需要人（escalated=DOC-PROOF-001,OCR-SPIKE-001 qa_failed>=2=-）—— 按 zhixing 规矩不许自动接手
2026-09-29 09:55:56 [28258] SKIP 需要人（escalated=DOC-PROOF-001,OCR-SPIKE-001 qa_failed>=2=-）—— 按 zhixing 规矩不许自动接手
2026-09-29 09:56:56 [30061] SKIP 需要人（escalated=DOC-PROOF-001,OCR-SPIKE-001 qa_failed>=2=-）—— 按 zhixing 规矩不许自动接手
2026-09-29 09:57:56 [31906] SKIP 需要人（escalated=DOC-PROOF-001,OCR-SPIKE-001 qa_failed>=2=-）—— 按 zhixing 规矩不许自动接手
2026-09-29 09:58:56 [33551] SKIP 需要人（escalated=DOC-PROOF-001,OCR-SPIKE-001 qa_failed>=2=-）—— 按 zhixing 规矩不许自动接手
2026-09-29 09:59:56 [35361] SKIP 需要人（escalated=DOC-PROOF-001,OCR-SPIKE-001 qa_failed>=2=-）—— 按 zhixing 规矩不许自动接手
2026-09-29 10:00:56 [37266] SKIP 需要人（escalated=DOC-PROOF-001,OCR-SPIKE-001 qa_failed>=2=-）—— 按 zhixing 规矩不许自动接手
2026-09-29 10:01:57 [38949] SKIP 需要人（escalated=DOC-PROOF-001,OCR-SPIKE-001 qa_failed>=2=-）—— 按 zhixing 规矩不许自动接手
2026-09-29 10:02:57 [40758] SKIP 需要人（escalated=DOC-PROOF-001,OCR-SPIKE-001 qa_failed>=2=-）—— 按 zhixing 规矩不许自动接手
2026-09-29 10:03:57 [42754] SKIP 需要人（escalated=DOC-PROOF-001,OCR-SPIKE-001 qa_failed>=2=-）—— 按 zhixing 规矩不许自动接手
2026-09-29 10:04:57 [44557] SKIP 需要人（escalated=DOC-PROOF-001,OCR-SPIKE-001 qa_failed>=2=-）—— 按 zhixing 规矩不许自动接手
2026-09-29 10:05:57 [46373] SKIP 需要人（escalated=DOC-PROOF-001,OCR-SPIKE-001 qa_failed>=2=-）—— 按 zhixing 规矩不许自动接手
2026-09-29 10:06:57 [48437] SKIP 需要人（escalated=DOC-PROOF-001,OCR-SPIKE-001 qa_failed>=2=-）—— 按 zhixing 规矩不许自动接手
2026-09-29 10:07:57 [50407] SKIP 需要人（escalated=DOC-PROOF-001,OCR-SPIKE-001 qa_failed>=2=-）—— 按 zhixing 规矩不许自动接手
2026-09-29 10:08:57 [52275] SKIP 需要人（escalated=DOC-PROOF-001,OCR-SPIKE-001 qa_failed>=2=-）—— 按 zhixing 规矩不许自动接手
2026-09-29 10:09:57 [54675] SKIP 需要人（escalated=DOC-PROOF-001,OCR-SPIKE-001 qa_failed>=2=-）—— 按 zhixing 规矩不许自动接手
2026-09-29 10:10:58 [56486] SKIP 需要人（escalated=DOC-PROOF-001,OCR-SPIKE-001 qa_failed>=2=-）—— 按 zhixing 规矩不许自动接手
2026-09-29 10:11:58 [58360] SKIP 需要人（escalated=DOC-PROOF-001,OCR-SPIKE-001 qa_failed>=2=-）—— 按 zhixing 规矩不许自动接手
2026-09-29 10:12:58 [60817] SKIP 需要人（escalated=DOC-PROOF-001,OCR-SPIKE-001 qa_failed>=2=-）—— 按 zhixing 规矩不许自动接手
2026-09-29 10:13:58 [62499] SKIP 需要人（escalated=DOC-PROOF-001,OCR-SPIKE-001 qa_failed>=2=-）—— 按 zhixing 规矩不许自动接手
2026-09-29 10:14:58 [64311] SKIP 需要人（escalated=DOC-PROOF-001,OCR-SPIKE-001 qa_failed>=2=-）—— 按 zhixing 规矩不许自动接手
2026-09-29 10:15:58 [66227] SKIP 需要人（escalated=DOC-PROOF-001,OCR-SPIKE-001 qa_failed>=2=-）—— 按 zhixing 规矩不许自动接手
2026-09-29 10:16:58 [67973] SKIP 需要人（escalated=DOC-PROOF-001,OCR-SPIKE-001 qa_failed>=2=-）—— 按 zhixing 规矩不许自动接手
2026-09-29 10:17:58 [69920] SKIP 需要人（escalated=DOC-PROOF-001,OCR-SPIKE-001 qa_failed>=2=-）—— 按 zhixing 规矩不许自动接手
2026-09-29 10:18:58 [71735] SKIP 需要人（escalated=DOC-PROOF-001,OCR-SPIKE-001 qa_failed>=2=-）—— 按 zhixing 规矩不许自动接手
2026-09-29 10:19:58 [73421] SKIP 需要人（escalated=DOC-PROOF-001,OCR-SPIKE-001 qa_failed>=2=-）—— 按 zhixing 规矩不许自动接手
2026-09-29 10:20:58 [75237] SKIP 需要人（escalated=DOC-PROOF-001,OCR-SPIKE-001 qa_failed>=2=-）—— 按 zhixing 规矩不许自动接手
2026-09-29 10:21:58 [77090] SKIP 需要人（escalated=DOC-PROOF-001,OCR-SPIKE-001 qa_failed>=2=-）—— 按 zhixing 规矩不许自动接手
2026-09-29 10:22:59 [78992] SKIP 需要人（escalated=DOC-PROOF-001,OCR-SPIKE-001 qa_failed>=2=-）—— 按 zhixing 规矩不许自动接手
2026-09-29 10:23:59 [80721] SKIP 需要人（escalated=DOC-PROOF-001,OCR-SPIKE-001 qa_failed>=2=-）—— 按 zhixing 规矩不许自动接手
2026-09-29 10:24:59 [82645] SKIP 需要人（escalated=DOC-PROOF-001,OCR-SPIKE-001 qa_failed>=2=-）—— 按 zhixing 规矩不许自动接手
2026-09-29 10:25:59 [84806] SKIP 需要人（escalated=DOC-PROOF-001,OCR-SPIKE-001 qa_failed>=2=-）—— 按 zhixing 规矩不许自动接手
2026-09-29 10:26:59 [86557] SKIP 需要人（escalated=DOC-PROOF-001,OCR-SPIKE-001 qa_failed>=2=-）—— 按 zhixing 规矩不许自动接手
2026-09-29 10:27:59 [88538] SKIP 需要人（escalated=DOC-PROOF-001,OCR-SPIKE-001 qa_failed>=2=-）—— 按 zhixing 规矩不许自动接手
2026-09-29 10:28:59 [90266] SKIP 需要人（escalated=DOC-PROOF-001,OCR-SPIKE-001 qa_failed>=2=-）—— 按 zhixing 规矩不许自动接手
2026-09-29 10:29:59 [92061] SKIP 需要人（escalated=DOC-PROOF-001,OCR-SPIKE-001 qa_failed>=2=-）—— 按 zhixing 规矩不许自动接手
2026-09-29 10:30:59 [94238] SKIP 需要人（escalated=DOC-PROOF-001,OCR-SPIKE-001 qa_failed>=2=-）—— 按 zhixing 规矩不许自动接手
2026-09-29 10:31:59 [96036] SKIP 需要人（escalated=DOC-PROOF-001,OCR-SPIKE-001 qa_failed>=2=-）—— 按 zhixing 规矩不许自动接手
2026-09-29 10:32:59 [97779] SKIP 需要人（escalated=DOC-PROOF-001,OCR-SPIKE-001 qa_failed>=2=-）—— 按 zhixing 规矩不许自动接手
2026-09-29 10:34:00 [99949] SKIP 需要人（escalated=DOC-PROOF-001,OCR-SPIKE-001 qa_failed>=2=-）—— 按 zhixing 规矩不许自动接手
2026-09-29 10:35:01 [3368] SKIP 需要人（escalated=DOC-PROOF-001,OCR-SPIKE-001 qa_failed>=2=-）—— 按 zhixing 规矩不许自动接手
2026-09-29 10:36:01 [5796] SKIP 需要人（escalated=DOC-PROOF-001,OCR-SPIKE-001 qa_failed>=2=-）—— 按 zhixing 规矩不许自动接手
2026-09-29 10:37:01 [8696] SKIP 需要人（escalated=DOC-PROOF-001,OCR-SPIKE-001 qa_failed>=2=-）—— 按 zhixing 规矩不许自动接手
2026-09-29 10:38:01 [12097] SKIP 需要人（escalated=DOC-PROOF-001,OCR-SPIKE-001 qa_failed>=2=-）—— 按 zhixing 规矩不许自动接手
2026-09-29 10:39:01 [14073] SKIP 需要人（escalated=DOC-PROOF-001,OCR-SPIKE-001 qa_failed>=2=-）—— 按 zhixing 规矩不许自动接手
2026-09-29 10:40:02 [15840] SKIP 需要人（escalated=DOC-PROOF-001,OCR-SPIKE-001 qa_failed>=2=-）—— 按 zhixing 规矩不许自动接手
2026-09-29 10:41:02 [18064] SKIP 需要人（escalated=DOC-PROOF-001,OCR-SPIKE-001 qa_failed>=2=-）—— 按 zhixing 规矩不许自动接手
2026-09-29 10:42:02 [19971] SKIP 需要人（escalated=DOC-PROOF-001,OCR-SPIKE-001 qa_failed>=2=-）—— 按 zhixing 规矩不许自动接手
2026-09-29 10:43:02 [21718] SKIP 需要人（escalated=DOC-PROOF-001,OCR-SPIKE-001 qa_failed>=2=-）—— 按 zhixing 规矩不许自动接手
2026-09-29 10:44:02 [23479] SKIP 需要人（escalated=DOC-PROOF-001,OCR-SPIKE-001 qa_failed>=2=-）—— 按 zhixing 规矩不许自动接手
2026-09-29 10:45:02 [25514] SKIP 需要人（escalated=DOC-PROOF-001,OCR-SPIKE-001 qa_failed>=2=-）—— 按 zhixing 规矩不许自动接手
2026-09-29 10:46:02 [27229] SKIP 需要人（escalated=DOC-PROOF-001,OCR-SPIKE-001 qa_failed>=2=-）—— 按 zhixing 规矩不许自动接手
2026-09-29 10:47:02 [28979] SKIP 需要人（escalated=DOC-PROOF-001,OCR-SPIKE-001 qa_failed>=2=-）—— 按 zhixing 规矩不许自动接手
2026-09-29 10:48:02 [30681] SKIP 需要人（escalated=DOC-PROOF-001,OCR-SPIKE-001 qa_failed>=2=-）—— 按 zhixing 规矩不许自动接手
2026-09-29 10:49:02 [32369] SKIP 需要人（escalated=DOC-PROOF-001,OCR-SPIKE-001 qa_failed>=2=-）—— 按 zhixing 规矩不许自动接手
2026-09-29 10:50:03 [34098] SKIP 需要人（escalated=DOC-PROOF-001,OCR-SPIKE-001 qa_failed>=2=-）—— 按 zhixing 规矩不许自动接手
2026-09-29 10:51:03 [36229] SKIP 需要人（escalated=DOC-PROOF-001,OCR-SPIKE-001 qa_failed>=2=-）—— 按 zhixing 规矩不许自动接手
2026-09-29 10:52:03 [38079] SKIP 需要人（escalated=DOC-PROOF-001,OCR-SPIKE-001 qa_failed>=2=-）—— 按 zhixing 规矩不许自动接手
2026-09-29 10:53:03 [39876] SKIP 需要人（escalated=DOC-PROOF-001,OCR-SPIKE-001 qa_failed>=2=-）—— 按 zhixing 规矩不许自动接手
2026-09-29 10:54:03 [41646] SKIP 需要人（escalated=DOC-PROOF-001,OCR-SPIKE-001 qa_failed>=2=-）—— 按 zhixing 规矩不许自动接手
2026-09-29 10:55:03 [43372] SKIP 需要人（escalated=DOC-PROOF-001,OCR-SPIKE-001 qa_failed>=2=-）—— 按 zhixing 规矩不许自动接手
2026-09-29 10:56:03 [45071] SKIP 需要人（escalated=DOC-PROOF-001,OCR-SPIKE-001 qa_failed>=2=-）—— 按 zhixing 规矩不许自动接手
2026-09-29 10:57:03 [46763] SKIP 需要人（escalated=DOC-PROOF-001,OCR-SPIKE-001 qa_failed>=2=-）—— 按 zhixing 规矩不许自动接手
2026-09-29 10:58:03 [48697] SKIP 需要人（escalated=DOC-PROOF-001,OCR-SPIKE-001 qa_failed>=2=-）—— 按 zhixing 规矩不许自动接手
2026-09-29 10:59:03 [50408] SKIP 需要人（escalated=DOC-PROOF-001,OCR-SPIKE-001 qa_failed>=2=-）—— 按 zhixing 规矩不许自动接手
2026-09-29 11:00:03 [52566] SKIP 需要人（escalated=DOC-PROOF-001,OCR-SPIKE-001 qa_failed>=2=-）—— 按 zhixing 规矩不许自动接手
2026-09-29 11:01:04 [54295] SKIP 需要人（escalated=DOC-PROOF-001,OCR-SPIKE-001 qa_failed>=2=-）—— 按 zhixing 规矩不许自动接手
2026-09-29 11:02:04 [56035] SKIP 需要人（escalated=DOC-PROOF-001,OCR-SPIKE-001 qa_failed>=2=-）—— 按 zhixing 规矩不许自动接手
2026-09-29 11:03:04 [58004] SKIP 需要人（escalated=DOC-PROOF-001,OCR-SPIKE-001 qa_failed>=2=-）—— 按 zhixing 规矩不许自动接手
2026-09-29 11:04:04 [59688] SKIP 需要人（escalated=DOC-PROOF-001,OCR-SPIKE-001 qa_failed>=2=-）—— 按 zhixing 规矩不许自动接手
2026-09-29 11:05:04 [61427] SKIP 需要人（escalated=DOC-PROOF-001,OCR-SPIKE-001 qa_failed>=2=-）—— 按 zhixing 规矩不许自动接手
2026-09-29 11:06:04 [63252] SKIP 需要人（escalated=DOC-PROOF-001,OCR-SPIKE-001 qa_failed>=2=-）—— 按 zhixing 规矩不许自动接手
2026-09-29 11:07:04 [64934] SKIP 需要人（escalated=DOC-PROOF-001,OCR-SPIKE-001 qa_failed>=2=-）—— 按 zhixing 规矩不许自动接手
2026-09-29 11:08:04 [66898] SKIP 需要人（escalated=DOC-PROOF-001,OCR-SPIKE-001 qa_failed>=2=-）—— 按 zhixing 规矩不许自动接手
2026-09-29 11:09:04 [68999] SKIP 需要人（escalated=DOC-PROOF-001,OCR-SPIKE-001 qa_failed>=2=-）—— 按 zhixing 规矩不许自动接手
2026-09-29 11:10:04 [70808] SKIP 需要人（escalated=DOC-PROOF-001,OCR-SPIKE-001 qa_failed>=2=-）—— 按 zhixing 规矩不许自动接手
2026-09-29 11:11:05 [72540] SKIP 需要人（escalated=DOC-PROOF-001,OCR-SPIKE-001 qa_failed>=2=-）—— 按 zhixing 规矩不许自动接手
2026-09-29 11:12:05 [74212] SKIP 需要人（escalated=DOC-PROOF-001,OCR-SPIKE-001 qa_failed>=2=-）—— 按 zhixing 规矩不许自动接手
2026-09-29 11:13:05 [75884] SKIP 需要人（escalated=DOC-PROOF-001,OCR-SPIKE-001 qa_failed>=2=-）—— 按 zhixing 规矩不许自动接手
2026-09-29 11:14:05 [78232] SKIP 需要人（escalated=DOC-PROOF-001,OCR-SPIKE-001 qa_failed>=2=-）—— 按 zhixing 规矩不许自动接手
2026-09-29 11:15:05 [79922] SKIP 需要人（escalated=DOC-PROOF-001,OCR-SPIKE-001 qa_failed>=2=-）—— 按 zhixing 规矩不许自动接手
2026-09-29 11:16:05 [81615] SKIP 需要人（escalated=DOC-PROOF-001,OCR-SPIKE-001 qa_failed>=2=-）—— 按 zhixing 规矩不许自动接手
2026-09-29 11:17:05 [83424] SKIP 需要人（escalated=DOC-PROOF-001,OCR-SPIKE-001 qa_failed>=2=-）—— 按 zhixing 规矩不许自动接手
2026-09-29 11:18:05 [85165] SKIP 需要人（escalated=DOC-PROOF-001,OCR-SPIKE-001 qa_failed>=2=-）—— 按 zhixing 规矩不许自动接手
2026-09-29 11:19:05 [86842] SKIP 需要人（escalated=DOC-PROOF-001,OCR-SPIKE-001 qa_failed>=2=-）—— 按 zhixing 规矩不许自动接手
2026-09-29 11:20:05 [89257] SKIP 需要人（escalated=DOC-PROOF-001,OCR-SPIKE-001 qa_failed>=2=-）—— 按 zhixing 规矩不许自动接手
2026-09-29 11:21:06 [91035] SKIP 需要人（escalated=DOC-PROOF-001,OCR-SPIKE-001 qa_failed>=2=-）—— 按 zhixing 规矩不许自动接手
2026-09-29 11:22:06 [92719] SKIP 需要人（escalated=DOC-PROOF-001,OCR-SPIKE-001 qa_failed>=2=-）—— 按 zhixing 规矩不许自动接手
2026-09-29 11:23:06 [94594] SKIP 需要人（escalated=DOC-PROOF-001,OCR-SPIKE-001 qa_failed>=2=-）—— 按 zhixing 规矩不许自动接手
2026-09-29 11:24:06 [96289] SKIP 需要人（escalated=DOC-PROOF-001,OCR-SPIKE-001 qa_failed>=2=-）—— 按 zhixing 规矩不许自动接手
2026-09-29 11:25:06 [98064] SKIP 需要人（escalated=DOC-PROOF-001,OCR-SPIKE-001 qa_failed>=2=-）—— 按 zhixing 规矩不许自动接手
2026-09-29 11:26:06 [99907] SKIP 需要人（escalated=DOC-PROOF-001,OCR-SPIKE-001 qa_failed>=2=-）—— 按 zhixing 规矩不许自动接手
2026-09-29 11:27:06 [2087] SKIP 需要人（escalated=DOC-PROOF-001,OCR-SPIKE-001 qa_failed>=2=-）—— 按 zhixing 规矩不许自动接手
2026-09-29 11:28:06 [3830] SKIP 需要人（escalated=DOC-PROOF-001,OCR-SPIKE-001 qa_failed>=2=-）—— 按 zhixing 规矩不许自动接手
2026-09-29 11:29:06 [5671] SKIP 需要人（escalated=DOC-PROOF-001,OCR-SPIKE-001 qa_failed>=2=-）—— 按 zhixing 规矩不许自动接手
2026-09-29 11:30:06 [7503] SKIP 需要人（escalated=DOC-PROOF-001,OCR-SPIKE-001 qa_failed>=2=-）—— 按 zhixing 规矩不许自动接手
2026-09-29 11:31:06 [9788] SKIP 需要人（escalated=DOC-PROOF-001,OCR-SPIKE-001 qa_failed>=2=-）—— 按 zhixing 规矩不许自动接手
2026-09-29 11:32:07 [11494] SKIP 需要人（escalated=DOC-PROOF-001,OCR-SPIKE-001 qa_failed>=2=-）—— 按 zhixing 规矩不许自动接手
2026-09-29 11:33:07 [13172] SKIP 需要人（escalated=DOC-PROOF-001,OCR-SPIKE-001 qa_failed>=2=-）—— 按 zhixing 规矩不许自动接手
2026-09-29 11:34:07 [14857] SKIP 需要人（escalated=DOC-PROOF-001,OCR-SPIKE-001 qa_failed>=2=-）—— 按 zhixing 规矩不许自动接手
2026-09-29 11:35:07 [16598] SKIP 需要人（escalated=DOC-PROOF-001,OCR-SPIKE-001 qa_failed>=2=-）—— 按 zhixing 规矩不许自动接手
2026-09-29 11:36:07 [18281] SKIP 需要人（escalated=DOC-PROOF-001,OCR-SPIKE-001 qa_failed>=2=-）—— 按 zhixing 规矩不许自动接手
2026-09-29 11:37:07 [20169] SKIP 需要人（escalated=DOC-PROOF-001,OCR-SPIKE-001 qa_failed>=2=-）—— 按 zhixing 规矩不许自动接手
2026-09-29 11:38:07 [21982] SKIP 需要人（escalated=DOC-PROOF-001,OCR-SPIKE-001 qa_failed>=2=-）—— 按 zhixing 规矩不许自动接手
2026-09-29 11:39:07 [23701] SKIP 需要人（escalated=DOC-PROOF-001,OCR-SPIKE-001 qa_failed>=2=-）—— 按 zhixing 规矩不许自动接手
2026-09-29 11:40:07 [25382] SKIP 需要人（escalated=DOC-PROOF-001,OCR-SPIKE-001 qa_failed>=2=-）—— 按 zhixing 规矩不许自动接手
2026-09-29 11:41:07 [27106] SKIP 需要人（escalated=DOC-PROOF-001,OCR-SPIKE-001 qa_failed>=2=-）—— 按 zhixing 规矩不许自动接手
2026-09-29 11:42:08 [29347] SKIP 需要人（escalated=DOC-PROOF-001,OCR-SPIKE-001 qa_failed>=2=-）—— 按 zhixing 规矩不许自动接手
2026-09-29 11:43:08 [31073] SKIP 需要人（escalated=DOC-PROOF-001,OCR-SPIKE-001 qa_failed>=2=-）—— 按 zhixing 规矩不许自动接手
2026-09-29 11:44:08 [32947] SKIP 需要人（escalated=DOC-PROOF-001,OCR-SPIKE-001 qa_failed>=2=-）—— 按 zhixing 规矩不许自动接手
2026-09-29 11:45:08 [34633] SKIP 需要人（escalated=DOC-PROOF-001,OCR-SPIKE-001 qa_failed>=2=-）—— 按 zhixing 规矩不许自动接手
2026-09-29 11:46:08 [36736] SKIP 需要人（escalated=DOC-PROOF-001,OCR-SPIKE-001 qa_failed>=2=-）—— 按 zhixing 规矩不许自动接手
2026-09-29 11:47:08 [38808] SKIP 需要人（escalated=DOC-PROOF-001,OCR-SPIKE-001 qa_failed>=2=-）—— 按 zhixing 规矩不许自动接手
2026-09-29 11:48:08 [40701] SKIP 需要人（escalated=DOC-PROOF-001,OCR-SPIKE-001 qa_failed>=2=-）—— 按 zhixing 规矩不许自动接手
2026-09-29 11:49:08 [42877] SKIP 需要人（escalated=DOC-PROOF-001,OCR-SPIKE-001 qa_failed>=2=-）—— 按 zhixing 规矩不许自动接手
2026-09-29 11:50:08 [44826] SKIP 需要人（escalated=DOC-PROOF-001,OCR-SPIKE-001 qa_failed>=2=-）—— 按 zhixing 规矩不许自动接手
2026-09-29 11:51:08 [47202] SKIP 需要人（escalated=DOC-PROOF-001,OCR-SPIKE-001 qa_failed>=2=-）—— 按 zhixing 规矩不许自动接手
2026-09-29 11:52:08 [49439] SKIP 需要人（escalated=DOC-PROOF-001,OCR-SPIKE-001 qa_failed>=2=-）—— 按 zhixing 规矩不许自动接手
2026-09-29 11:53:09 [51709] SKIP 需要人（escalated=DOC-PROOF-001,OCR-SPIKE-001 qa_failed>=2=-）—— 按 zhixing 规矩不许自动接手
2026-09-29 11:54:09 [53773] SKIP 需要人（escalated=DOC-PROOF-001,OCR-SPIKE-001 qa_failed>=2=-）—— 按 zhixing 规矩不许自动接手
2026-09-29 11:55:09 [56324] SKIP 需要人（escalated=DOC-PROOF-001,OCR-SPIKE-001 qa_failed>=2=-）—— 按 zhixing 规矩不许自动接手
2026-09-29 11:56:09 [58319] SKIP 需要人（escalated=DOC-PROOF-001,OCR-SPIKE-001 qa_failed>=2=-）—— 按 zhixing 规矩不许自动接手
2026-09-29 11:57:09 [60208] SKIP 需要人（escalated=DOC-PROOF-001,OCR-SPIKE-001 qa_failed>=2=-）—— 按 zhixing 规矩不许自动接手
2026-09-29 11:58:09 [62629] SKIP 需要人（escalated=DOC-PROOF-001,OCR-SPIKE-001 qa_failed>=2=-）—— 按 zhixing 规矩不许自动接手
2026-09-29 11:59:09 [64823] SKIP 需要人（escalated=DOC-PROOF-001,OCR-SPIKE-001 qa_failed>=2=-）—— 按 zhixing 规矩不许自动接手
2026-09-29 12:00:09 [67482] SKIP 需要人（escalated=DOC-PROOF-001,OCR-SPIKE-001 qa_failed>=2=-）—— 按 zhixing 规矩不许自动接手
2026-09-29 12:01:09 [69754] SKIP 需要人（escalated=DOC-PROOF-001,OCR-SPIKE-001 qa_failed>=2=-）—— 按 zhixing 规矩不许自动接手
2026-09-29 12:02:09 [72166] SKIP 需要人（escalated=DOC-PROOF-001,OCR-SPIKE-001 qa_failed>=2=-）—— 按 zhixing 规矩不许自动接手
2026-09-29 12:03:10 [74536] SKIP 需要人（escalated=DOC-PROOF-001,OCR-SPIKE-001 qa_failed>=2=-）—— 按 zhixing 规矩不许自动接手
2026-09-29 12:04:10 [77059] SKIP 需要人（escalated=DOC-PROOF-001,OCR-SPIKE-001 qa_failed>=2=-）—— 按 zhixing 规矩不许自动接手
2026-09-29 12:05:10 [79190] SKIP 需要人（escalated=DOC-PROOF-001,OCR-SPIKE-001 qa_failed>=2=-）—— 按 zhixing 规矩不许自动接手
2026-09-29 12:06:10 [80968] SKIP 需要人（escalated=DOC-PROOF-001,OCR-SPIKE-001 qa_failed>=2=-）—— 按 zhixing 规矩不许自动接手
2026-09-29 12:07:10 [83073] SKIP 需要人（escalated=DOC-PROOF-001,OCR-SPIKE-001 qa_failed>=2=-）—— 按 zhixing 规矩不许自动接手
2026-09-29 12:08:10 [85384] SKIP 需要人（escalated=DOC-PROOF-001,OCR-SPIKE-001 qa_failed>=2=-）—— 按 zhixing 规矩不许自动接手
2026-09-29 12:09:10 [87876] SKIP 需要人（escalated=DOC-PROOF-001,OCR-SPIKE-001 qa_failed>=2=-）—— 按 zhixing 规矩不许自动接手
2026-09-29 12:10:10 [90757] SKIP 需要人（escalated=DOC-PROOF-001,OCR-SPIKE-001 qa_failed>=2=-）—— 按 zhixing 规矩不许自动接手
2026-09-29 12:11:10 [93071] SKIP 需要人（escalated=DOC-PROOF-001,OCR-SPIKE-001 qa_failed>=2=-）—— 按 zhixing 规矩不许自动接手
2026-09-29 12:12:10 [94966] SKIP 需要人（escalated=DOC-PROOF-001,OCR-SPIKE-001 qa_failed>=2=-）—— 按 zhixing 规矩不许自动接手
2026-09-29 12:13:11 [97336] SKIP 需要人（escalated=DOC-PROOF-001,OCR-SPIKE-001 qa_failed>=2=-）—— 按 zhixing 规矩不许自动接手
2026-09-29 12:14:11 [99839] SKIP 需要人（escalated=DOC-PROOF-001,OCR-SPIKE-001 qa_failed>=2=-）—— 按 zhixing 规矩不许自动接手
2026-09-29 12:15:11 [2672] SKIP 需要人（escalated=DOC-PROOF-001,OCR-SPIKE-001 qa_failed>=2=-）—— 按 zhixing 规矩不许自动接手
2026-09-29 12:16:11 [4847] SKIP 需要人（escalated=DOC-PROOF-001,OCR-SPIKE-001 qa_failed>=2=-）—— 按 zhixing 规矩不许自动接手
2026-09-29 12:17:11 [7286] SKIP 需要人（escalated=DOC-PROOF-001,OCR-SPIKE-001 qa_failed>=2=-）—— 按 zhixing 规矩不许自动接手
2026-09-29 12:18:11 [9454] SKIP 需要人（escalated=DOC-PROOF-001,OCR-SPIKE-001 qa_failed>=2=-）—— 按 zhixing 规矩不许自动接手
2026-09-29 12:19:11 [12134] SKIP 需要人（escalated=DOC-PROOF-001,OCR-SPIKE-001 qa_failed>=2=-）—— 按 zhixing 规矩不许自动接手
2026-09-29 12:20:11 [15149] SKIP 需要人（escalated=DOC-PROOF-001,OCR-SPIKE-001 qa_failed>=2=-）—— 按 zhixing 规矩不许自动接手
2026-09-29 12:21:11 [17700] SKIP 需要人（escalated=DOC-PROOF-001,OCR-SPIKE-001 qa_failed>=2=-）—— 按 zhixing 规矩不许自动接手
2026-09-29 12:22:11 [19970] SKIP 需要人（escalated=DOC-PROOF-001,OCR-SPIKE-001 qa_failed>=2=-）—— 按 zhixing 规矩不许自动接手
2026-09-29 12:23:12 [22503] SKIP 需要人（escalated=DOC-PROOF-001,OCR-SPIKE-001 qa_failed>=2=-）—— 按 zhixing 规矩不许自动接手
2026-09-29 12:24:12 [24197] SKIP 需要人（escalated=DOC-PROOF-001,OCR-SPIKE-001 qa_failed>=2=-）—— 按 zhixing 规矩不许自动接手
2026-09-29 12:25:12 [27244] SKIP 需要人（escalated=DOC-PROOF-001,OCR-SPIKE-001 qa_failed>=2=-）—— 按 zhixing 规矩不许自动接手
2026-09-29 12:26:12 [29570] SKIP 需要人（escalated=DOC-PROOF-001,OCR-SPIKE-001 qa_failed>=2=-）—— 按 zhixing 规矩不许自动接手
2026-09-29 12:27:12 [31654] SKIP 需要人（escalated=DOC-PROOF-001,OCR-SPIKE-001 qa_failed>=2=-）—— 按 zhixing 规矩不许自动接手
2026-09-29 12:28:12 [33806] SKIP 需要人（escalated=DOC-PROOF-001,OCR-SPIKE-001 qa_failed>=2=-）—— 按 zhixing 规矩不许自动接手
2026-09-29 12:29:12 [35772] SKIP 需要人（escalated=DOC-PROOF-001,OCR-SPIKE-001 qa_failed>=2=-）—— 按 zhixing 规矩不许自动接手
2026-09-29 12:30:12 [38262] SKIP 需要人（escalated=DOC-PROOF-001,OCR-SPIKE-001 qa_failed>=2=-）—— 按 zhixing 规矩不许自动接手
2026-09-29 12:31:12 [40429] SKIP 需要人（escalated=DOC-PROOF-001,OCR-SPIKE-001 qa_failed>=2=-）—— 按 zhixing 规矩不许自动接手
2026-09-29 12:32:13 [42453] SKIP 需要人（escalated=DOC-PROOF-001,OCR-SPIKE-001 qa_failed>=2=-）—— 按 zhixing 规矩不许自动接手
2026-09-29 12:33:13 [44820] SKIP 需要人（escalated=DOC-PROOF-001,OCR-SPIKE-001 qa_failed>=2=-）—— 按 zhixing 规矩不许自动接手
2026-09-29 12:34:13 [46928] SKIP 需要人（escalated=DOC-PROOF-001,OCR-SPIKE-001 qa_failed>=2=-）—— 按 zhixing 规矩不许自动接手
2026-09-29 12:35:13 [49438] SKIP 需要人（escalated=DOC-PROOF-001,OCR-SPIKE-001 qa_failed>=2=-）—— 按 zhixing 规矩不许自动接手
2026-09-29 12:36:13 [51929] SKIP 需要人（escalated=DOC-PROOF-001,OCR-SPIKE-001 qa_failed>=2=-）—— 按 zhixing 规矩不许自动接手
2026-09-29 12:37:13 [54111] SKIP 需要人（escalated=DOC-PROOF-001,OCR-SPIKE-001 qa_failed>=2=-）—— 按 zhixing 规矩不许自动接手
2026-09-29 12:38:13 [56123] SKIP 需要人（escalated=DOC-PROOF-001,OCR-SPIKE-001 qa_failed>=2=-）—— 按 zhixing 规矩不许自动接手
2026-09-29 12:39:13 [58424] SKIP 需要人（escalated=DOC-PROOF-001,OCR-SPIKE-001 qa_failed>=2=-）—— 按 zhixing 规矩不许自动接手
2026-09-29 12:40:13 [60532] SKIP 需要人（escalated=DOC-PROOF-001,OCR-SPIKE-001 qa_failed>=2=-）—— 按 zhixing 规矩不许自动接手
2026-09-29 12:41:13 [62900] SKIP 需要人（escalated=DOC-PROOF-001,OCR-SPIKE-001 qa_failed>=2=-）—— 按 zhixing 规矩不许自动接手
2026-09-29 12:42:14 [64768] SKIP 需要人（escalated=DOC-PROOF-001,OCR-SPIKE-001 qa_failed>=2=-）—— 按 zhixing 规矩不许自动接手
2026-09-29 12:43:14 [66879] SKIP 需要人（escalated=DOC-PROOF-001,OCR-SPIKE-001 qa_failed>=2=-）—— 按 zhixing 规矩不许自动接手
2026-09-29 12:44:14 [68868] SKIP 需要人（escalated=DOC-PROOF-001,OCR-SPIKE-001 qa_failed>=2=-）—— 按 zhixing 规矩不许自动接手
2026-09-29 12:45:14 [70576] SKIP 需要人（escalated=DOC-PROOF-001,OCR-SPIKE-001 qa_failed>=2=-）—— 按 zhixing 规矩不许自动接手
2026-09-29 12:46:14 [72295] SKIP 需要人（escalated=DOC-PROOF-001,OCR-SPIKE-001 qa_failed>=2=-）—— 按 zhixing 规矩不许自动接手
2026-09-29 12:47:14 [74017] SKIP 需要人（escalated=DOC-PROOF-001,OCR-SPIKE-001 qa_failed>=2=-）—— 按 zhixing 规矩不许自动接手
2026-09-29 12:48:14 [75685] SKIP 需要人（escalated=DOC-PROOF-001,OCR-SPIKE-001 qa_failed>=2=-）—— 按 zhixing 规矩不许自动接手
2026-09-29 12:49:14 [77353] SKIP 需要人（escalated=DOC-PROOF-001,OCR-SPIKE-001 qa_failed>=2=-）—— 按 zhixing 规矩不许自动接手
2026-09-29 12:50:14 [79060] SKIP 需要人（escalated=DOC-PROOF-001,OCR-SPIKE-001 qa_failed>=2=-）—— 按 zhixing 规矩不许自动接手
2026-09-29 12:51:14 [80786] SKIP 需要人（escalated=DOC-PROOF-001,OCR-SPIKE-001 qa_failed>=2=-）—— 按 zhixing 规矩不许自动接手
2026-09-29 12:52:14 [82886] SKIP 需要人（escalated=DOC-PROOF-001,OCR-SPIKE-001 qa_failed>=2=-）—— 按 zhixing 规矩不许自动接手
2026-09-29 12:53:15 [85278] SKIP 需要人（escalated=DOC-PROOF-001,OCR-SPIKE-001 qa_failed>=2=-）—— 按 zhixing 规矩不许自动接手
2026-09-29 12:54:15 [87058] SKIP 需要人（escalated=DOC-PROOF-001,OCR-SPIKE-001 qa_failed>=2=-）—— 按 zhixing 规矩不许自动接手
2026-09-29 12:55:15 [88782] SKIP 需要人（escalated=DOC-PROOF-001,OCR-SPIKE-001 qa_failed>=2=-）—— 按 zhixing 规矩不许自动接手
2026-09-29 12:56:15 [90514] SKIP 需要人（escalated=DOC-PROOF-001,OCR-SPIKE-001 qa_failed>=2=-）—— 按 zhixing 规矩不许自动接手
2026-09-29 12:57:15 [92193] SKIP 需要人（escalated=DOC-PROOF-001,OCR-SPIKE-001 qa_failed>=2=-）—— 按 zhixing 规矩不许自动接手
2026-09-29 12:58:15 [93922] SKIP 需要人（escalated=DOC-PROOF-001,OCR-SPIKE-001 qa_failed>=2=-）—— 按 zhixing 规矩不许自动接手
2026-09-29 12:59:15 [95630] SKIP 需要人（escalated=DOC-PROOF-001,OCR-SPIKE-001 qa_failed>=2=-）—— 按 zhixing 规矩不许自动接手
2026-09-29 13:00:15 [97293] SKIP 需要人（escalated=DOC-PROOF-001,OCR-SPIKE-001 qa_failed>=2=-）—— 按 zhixing 规矩不许自动接手
2026-09-29 13:01:15 [98976] SKIP 需要人（escalated=DOC-PROOF-001,OCR-SPIKE-001 qa_failed>=2=-）—— 按 zhixing 规矩不许自动接手
2026-09-29 13:02:15 [910] SKIP 需要人（escalated=DOC-PROOF-001,OCR-SPIKE-001 qa_failed>=2=-）—— 按 zhixing 规矩不许自动接手
2026-09-29 13:03:15 [2718] SKIP 需要人（escalated=DOC-PROOF-001,OCR-SPIKE-001 qa_failed>=2=-）—— 按 zhixing 规矩不许自动接手
2026-09-29 13:04:16 [4413] SKIP 需要人（escalated=DOC-PROOF-001,OCR-SPIKE-001 qa_failed>=2=-）—— 按 zhixing 规矩不许自动接手
2026-09-29 13:05:16 [6109] SKIP 需要人（escalated=DOC-PROOF-001,OCR-SPIKE-001 qa_failed>=2=-）—— 按 zhixing 规矩不许自动接手
2026-09-29 13:06:16 [7838] SKIP 需要人（escalated=DOC-PROOF-001,OCR-SPIKE-001 qa_failed>=2=-）—— 按 zhixing 规矩不许自动接手
2026-09-29 13:07:16 [9509] SKIP 需要人（escalated=DOC-PROOF-001,OCR-SPIKE-001 qa_failed>=2=-）—— 按 zhixing 规矩不许自动接手
2026-09-29 13:08:16 [11249] SKIP 需要人（escalated=DOC-PROOF-001,OCR-SPIKE-001 qa_failed>=2=-）—— 按 zhixing 规矩不许自动接手
2026-09-29 13:09:16 [12925] SKIP 需要人（escalated=DOC-PROOF-001,OCR-SPIKE-001 qa_failed>=2=-）—— 按 zhixing 规矩不许自动接手
2026-09-29 13:10:16 [14661] SKIP 需要人（escalated=DOC-PROOF-001,OCR-SPIKE-001 qa_failed>=2=-）—— 按 zhixing 规矩不许自动接手
2026-09-29 13:11:16 [16343] SKIP 需要人（escalated=DOC-PROOF-001,OCR-SPIKE-001 qa_failed>=2=-）—— 按 zhixing 规矩不许自动接手
2026-09-29 13:12:16 [18019] SKIP 需要人（escalated=DOC-PROOF-001,OCR-SPIKE-001 qa_failed>=2=-）—— 按 zhixing 规矩不许自动接手
2026-09-29 13:13:16 [19896] SKIP 需要人（escalated=DOC-PROOF-001,OCR-SPIKE-001 qa_failed>=2=-）—— 按 zhixing 规矩不许自动接手
2026-09-29 13:14:17 [21630] SKIP 需要人（escalated=DOC-PROOF-001,OCR-SPIKE-001 qa_failed>=2=-）—— 按 zhixing 规矩不许自动接手
2026-09-29 13:15:17 [23301] SKIP 需要人（escalated=DOC-PROOF-001,OCR-SPIKE-001 qa_failed>=2=-）—— 按 zhixing 规矩不许自动接手
2026-09-29 13:16:17 [24986] SKIP 需要人（escalated=DOC-PROOF-001,OCR-SPIKE-001 qa_failed>=2=-）—— 按 zhixing 规矩不许自动接手
2026-09-29 13:17:17 [26736] SKIP 需要人（escalated=DOC-PROOF-001,OCR-SPIKE-001 qa_failed>=2=-）—— 按 zhixing 规矩不许自动接手
2026-09-29 13:18:17 [28437] SKIP 需要人（escalated=DOC-PROOF-001,OCR-SPIKE-001 qa_failed>=2=-）—— 按 zhixing 规矩不许自动接手
2026-09-29 13:19:17 [30132] SKIP 需要人（escalated=DOC-PROOF-001,OCR-SPIKE-001 qa_failed>=2=-）—— 按 zhixing 规矩不许自动接手
2026-09-29 13:20:17 [32263] SKIP 需要人（escalated=DOC-PROOF-001,OCR-SPIKE-001 qa_failed>=2=-）—— 按 zhixing 规矩不许自动接手
2026-09-29 13:21:17 [34003] SKIP 需要人（escalated=DOC-PROOF-001,OCR-SPIKE-001 qa_failed>=2=-）—— 按 zhixing 规矩不许自动接手
2026-09-29 13:22:17 [35682] SKIP 需要人（escalated=DOC-PROOF-001,OCR-SPIKE-001 qa_failed>=2=-）—— 按 zhixing 规矩不许自动接手
2026-09-29 13:23:17 [37436] SKIP 需要人（escalated=DOC-PROOF-001,OCR-SPIKE-001 qa_failed>=2=-）—— 按 zhixing 规矩不许自动接手
2026-09-29 13:24:18 [39108] SKIP 需要人（escalated=DOC-PROOF-001,OCR-SPIKE-001 qa_failed>=2=-）—— 按 zhixing 规矩不许自动接手
2026-09-29 13:25:18 [40864] SKIP 需要人（escalated=DOC-PROOF-001,OCR-SPIKE-001 qa_failed>=2=-）—— 按 zhixing 规矩不许自动接手
2026-09-29 13:26:18 [42534] SKIP 需要人（escalated=DOC-PROOF-001,OCR-SPIKE-001 qa_failed>=2=-）—— 按 zhixing 规矩不许自动接手
2026-09-29 13:27:18 [44207] SKIP 需要人（escalated=DOC-PROOF-001,OCR-SPIKE-001 qa_failed>=2=-）—— 按 zhixing 规矩不许自动接手
2026-09-29 13:28:18 [45873] SKIP 需要人（escalated=DOC-PROOF-001,OCR-SPIKE-001 qa_failed>=2=-）—— 按 zhixing 规矩不许自动接手
2026-09-29 13:29:18 [47596] SKIP 需要人（escalated=DOC-PROOF-001,OCR-SPIKE-001 qa_failed>=2=-）—— 按 zhixing 规矩不许自动接手
2026-09-29 13:30:18 [49275] SKIP 需要人（escalated=DOC-PROOF-001,OCR-SPIKE-001 qa_failed>=2=-）—— 按 zhixing 规矩不许自动接手
2026-09-29 13:31:18 [50955] SKIP 需要人（escalated=DOC-PROOF-001,OCR-SPIKE-001 qa_failed>=2=-）—— 按 zhixing 规矩不许自动接手
2026-09-29 13:32:18 [52649] SKIP 需要人（escalated=DOC-PROOF-001,OCR-SPIKE-001 qa_failed>=2=-）—— 按 zhixing 规矩不许自动接手
2026-09-29 13:33:18 [54379] SKIP 需要人（escalated=DOC-PROOF-001,OCR-SPIKE-001 qa_failed>=2=-）—— 按 zhixing 规矩不许自动接手
2026-09-29 13:34:18 [56064] SKIP 需要人（escalated=DOC-PROOF-001,OCR-SPIKE-001 qa_failed>=2=-）—— 按 zhixing 规矩不许自动接手
2026-09-29 13:35:19 [57747] SKIP 需要人（escalated=DOC-PROOF-001,OCR-SPIKE-001 qa_failed>=2=-）—— 按 zhixing 规矩不许自动接手
2026-09-29 13:36:19 [59448] SKIP 需要人（escalated=DOC-PROOF-001,OCR-SPIKE-001 qa_failed>=2=-）—— 按 zhixing 规矩不许自动接手
2026-09-29 13:37:19 [61192] SKIP 需要人（escalated=DOC-PROOF-001,OCR-SPIKE-001 qa_failed>=2=-）—— 按 zhixing 规矩不许自动接手
2026-09-29 13:38:19 [62928] SKIP 需要人（escalated=DOC-PROOF-001,OCR-SPIKE-001 qa_failed>=2=-）—— 按 zhixing 规矩不许自动接手
2026-09-29 13:39:19 [64597] SKIP 需要人（escalated=DOC-PROOF-001,OCR-SPIKE-001 qa_failed>=2=-）—— 按 zhixing 规矩不许自动接手
2026-09-29 13:40:19 [66346] SKIP 需要人（escalated=DOC-PROOF-001,OCR-SPIKE-001 qa_failed>=2=-）—— 按 zhixing 规矩不许自动接手
2026-09-29 13:41:19 [68021] SKIP 需要人（escalated=DOC-PROOF-001,OCR-SPIKE-001 qa_failed>=2=-）—— 按 zhixing 规矩不许自动接手
2026-09-29 13:42:19 [69691] SKIP 需要人（escalated=DOC-PROOF-001,OCR-SPIKE-001 qa_failed>=2=-）—— 按 zhixing 规矩不许自动接手
2026-09-29 13:43:19 [71833] SKIP 需要人（escalated=DOC-PROOF-001,OCR-SPIKE-001 qa_failed>=2=-）—— 按 zhixing 规矩不许自动接手
2026-09-29 13:44:19 [73614] SKIP 需要人（escalated=DOC-PROOF-001,OCR-SPIKE-001 qa_failed>=2=-）—— 按 zhixing 规矩不许自动接手
2026-09-29 13:45:20 [75282] SKIP 需要人（escalated=DOC-PROOF-001,OCR-SPIKE-001 qa_failed>=2=-）—— 按 zhixing 规矩不许自动接手
2026-09-29 13:46:20 [76966] SKIP 需要人（escalated=DOC-PROOF-001,OCR-SPIKE-001 qa_failed>=2=-）—— 按 zhixing 规矩不许自动接手
2026-09-29 13:47:20 [78638] SKIP 需要人（escalated=DOC-PROOF-001,OCR-SPIKE-001 qa_failed>=2=-）—— 按 zhixing 规矩不许自动接手
2026-09-29 13:48:20 [80363] SKIP 需要人（escalated=DOC-PROOF-001,OCR-SPIKE-001 qa_failed>=2=-）—— 按 zhixing 规矩不许自动接手
2026-09-29 13:49:20 [82051] SKIP 需要人（escalated=DOC-PROOF-001,OCR-SPIKE-001 qa_failed>=2=-）—— 按 zhixing 规矩不许自动接手
2026-09-29 13:50:20 [84223] SKIP 需要人（escalated=DOC-PROOF-001,OCR-SPIKE-001 qa_failed>=2=-）—— 按 zhixing 规矩不许自动接手
2026-09-29 13:51:20 [87023] SKIP 需要人（escalated=DOC-PROOF-001,OCR-SPIKE-001 qa_failed>=2=-）—— 按 zhixing 规矩不许自动接手
2026-09-29 13:52:20 [88884] SKIP 需要人（escalated=DOC-PROOF-001,OCR-SPIKE-001 qa_failed>=2=-）—— 按 zhixing 规矩不许自动接手
2026-09-29 13:53:20 [90648] SKIP 需要人（escalated=DOC-PROOF-001,OCR-SPIKE-001 qa_failed>=2=-）—— 按 zhixing 规矩不许自动接手
2026-09-29 13:54:20 [92451] SKIP 需要人（escalated=DOC-PROOF-001,OCR-SPIKE-001 qa_failed>=2=-）—— 按 zhixing 规矩不许自动接手
2026-09-29 13:55:20 [94357] SKIP 需要人（escalated=DOC-PROOF-001,OCR-SPIKE-001 qa_failed>=2=-）—— 按 zhixing 规矩不许自动接手
2026-09-29 13:56:20 [96401] SKIP 需要人（escalated=DOC-PROOF-001,OCR-SPIKE-001 qa_failed>=2=-）—— 按 zhixing 规矩不许自动接手
2026-09-29 13:57:21 [98170] SKIP 需要人（escalated=DOC-PROOF-001,OCR-SPIKE-001 qa_failed>=2=-）—— 按 zhixing 规矩不许自动接手
2026-09-29 13:58:21 [305] SKIP 需要人（escalated=DOC-PROOF-001,OCR-SPIKE-001 qa_failed>=2=-）—— 按 zhixing 规矩不许自动接手
2026-09-29 13:59:21 [2294] SKIP 需要人（escalated=DOC-PROOF-001,OCR-SPIKE-001 qa_failed>=2=-）—— 按 zhixing 规矩不许自动接手
2026-09-29 14:00:21 [4433] SKIP 需要人（escalated=DOC-PROOF-001,OCR-SPIKE-001 qa_failed>=2=-）—— 按 zhixing 规矩不许自动接手
2026-09-29 14:01:21 [6324] SKIP 需要人（escalated=DOC-PROOF-001,OCR-SPIKE-001 qa_failed>=2=-）—— 按 zhixing 规矩不许自动接手
2026-09-29 14:02:21 [8156] SKIP 需要人（escalated=DOC-PROOF-001,OCR-SPIKE-001 qa_failed>=2=-）—— 按 zhixing 规矩不许自动接手
2026-09-29 14:03:21 [10485] SKIP 需要人（escalated=DOC-PROOF-001,OCR-SPIKE-001 qa_failed>=2=-）—— 按 zhixing 规矩不许自动接手
2026-09-29 14:04:21 [12168] SKIP 需要人（escalated=DOC-PROOF-001,OCR-SPIKE-001 qa_failed>=2=-）—— 按 zhixing 规矩不许自动接手
2026-09-29 14:05:21 [13995] SKIP 需要人（escalated=DOC-PROOF-001,OCR-SPIKE-001 qa_failed>=2=-）—— 按 zhixing 规矩不许自动接手
2026-09-29 14:06:21 [15919] SKIP 需要人（escalated=DOC-PROOF-001,OCR-SPIKE-001 qa_failed>=2=-）—— 按 zhixing 规矩不许自动接手
2026-09-29 14:07:21 [17787] SKIP 需要人（escalated=DOC-PROOF-001,OCR-SPIKE-001 qa_failed>=2=-）—— 按 zhixing 规矩不许自动接手
2026-09-29 14:08:22 [19669] SKIP 需要人（escalated=DOC-PROOF-001,OCR-SPIKE-001 qa_failed>=2=-）—— 按 zhixing 规矩不许自动接手
2026-09-29 14:09:22 [21472] SKIP 需要人（escalated=DOC-PROOF-001,OCR-SPIKE-001 qa_failed>=2=-）—— 按 zhixing 规矩不许自动接手
2026-09-29 14:10:22 [23157] SKIP 需要人（escalated=DOC-PROOF-001,OCR-SPIKE-001 qa_failed>=2=-）—— 按 zhixing 规矩不许自动接手
2026-09-29 14:11:22 [25293] SKIP 需要人（escalated=DOC-PROOF-001,OCR-SPIKE-001 qa_failed>=2=-）—— 按 zhixing 规矩不许自动接手
2026-09-29 14:12:22 [27412] SKIP 需要人（escalated=DOC-PROOF-001,OCR-SPIKE-001 qa_failed>=2=-）—— 按 zhixing 规矩不许自动接手
2026-09-29 14:13:22 [29164] SKIP 需要人（escalated=DOC-PROOF-001,OCR-SPIKE-001 qa_failed>=2=-）—— 按 zhixing 规矩不许自动接手
2026-09-29 14:14:22 [30866] SKIP 需要人（escalated=DOC-PROOF-001,OCR-SPIKE-001 qa_failed>=2=-）—— 按 zhixing 规矩不许自动接手
2026-09-29 14:15:22 [32902] SKIP 需要人（escalated=DOC-PROOF-001,OCR-SPIKE-001 qa_failed>=2=-）—— 按 zhixing 规矩不许自动接手
2026-09-29 14:16:22 [34575] SKIP 需要人（escalated=DOC-PROOF-001,OCR-SPIKE-001 qa_failed>=2=-）—— 按 zhixing 规矩不许自动接手
2026-09-29 14:17:22 [36298] SKIP 需要人（escalated=DOC-PROOF-001,OCR-SPIKE-001 qa_failed>=2=-）—— 按 zhixing 规矩不许自动接手
2026-09-29 14:18:23 [37988] SKIP 需要人（escalated=DOC-PROOF-001,OCR-SPIKE-001 qa_failed>=2=-）—— 按 zhixing 规矩不许自动接手
2026-09-29 14:19:23 [39710] SKIP 需要人（escalated=DOC-PROOF-001,OCR-SPIKE-001 qa_failed>=2=-）—— 按 zhixing 规矩不许自动接手
2026-09-29 14:20:23 [41393] SKIP 需要人（escalated=DOC-PROOF-001,OCR-SPIKE-001 qa_failed>=2=-）—— 按 zhixing 规矩不许自动接手
2026-09-29 14:21:23 [43570] SKIP 需要人（escalated=DOC-PROOF-001,OCR-SPIKE-001 qa_failed>=2=-）—— 按 zhixing 规矩不许自动接手
2026-09-29 14:22:23 [45246] SKIP 需要人（escalated=DOC-PROOF-001,OCR-SPIKE-001 qa_failed>=2=-）—— 按 zhixing 规矩不许自动接手
2026-09-29 14:23:23 [47001] SKIP 需要人（escalated=DOC-PROOF-001,OCR-SPIKE-001 qa_failed>=2=-）—— 按 zhixing 规矩不许自动接手
2026-09-29 14:24:23 [48749] SKIP 需要人（escalated=DOC-PROOF-001,OCR-SPIKE-001 qa_failed>=2=-）—— 按 zhixing 规矩不许自动接手
2026-09-29 14:25:23 [50446] SKIP 需要人（escalated=DOC-PROOF-001,OCR-SPIKE-001 qa_failed>=2=-）—— 按 zhixing 规矩不许自动接手
2026-09-29 14:26:23 [52142] SKIP 需要人（escalated=DOC-PROOF-001,OCR-SPIKE-001 qa_failed>=2=-）—— 按 zhixing 规矩不许自动接手
2026-09-29 14:27:23 [53810] SKIP 需要人（escalated=DOC-PROOF-001,OCR-SPIKE-001 qa_failed>=2=-）—— 按 zhixing 规矩不许自动接手
2026-09-29 14:28:24 [55549] SKIP 需要人（escalated=DOC-PROOF-001,OCR-SPIKE-001 qa_failed>=2=-）—— 按 zhixing 规矩不许自动接手
2026-09-29 14:29:24 [57256] SKIP 需要人（escalated=DOC-PROOF-001,OCR-SPIKE-001 qa_failed>=2=-）—— 按 zhixing 规矩不许自动接手
2026-09-29 14:30:24 [59395] SKIP 需要人（escalated=DOC-PROOF-001,OCR-SPIKE-001 qa_failed>=2=-）—— 按 zhixing 规矩不许自动接手
2026-09-29 14:31:24 [61106] SKIP 需要人（escalated=DOC-PROOF-001,OCR-SPIKE-001 qa_failed>=2=-）—— 按 zhixing 规矩不许自动接手
2026-09-29 14:32:24 [62839] SKIP 需要人（escalated=DOC-PROOF-001,OCR-SPIKE-001 qa_failed>=2=-）—— 按 zhixing 规矩不许自动接手
2026-09-29 14:33:24 [64500] SKIP 需要人（escalated=DOC-PROOF-001,OCR-SPIKE-001 qa_failed>=2=-）—— 按 zhixing 规矩不许自动接手
2026-09-29 14:34:24 [66184] SKIP 需要人（escalated=DOC-PROOF-001,OCR-SPIKE-001 qa_failed>=2=-）—— 按 zhixing 规矩不许自动接手
2026-09-29 14:35:24 [67930] SKIP 需要人（escalated=DOC-PROOF-001,OCR-SPIKE-001 qa_failed>=2=-）—— 按 zhixing 规矩不许自动接手
2026-09-29 14:36:24 [69604] SKIP 需要人（escalated=DOC-PROOF-001,OCR-SPIKE-001 qa_failed>=2=-）—— 按 zhixing 规矩不许自动接手
2026-09-29 14:37:24 [71304] SKIP 需要人（escalated=DOC-PROOF-001,OCR-SPIKE-001 qa_failed>=2=-）—— 按 zhixing 规矩不许自动接手
2026-09-29 14:38:24 [73055] SKIP 需要人（escalated=DOC-PROOF-001,OCR-SPIKE-001 qa_failed>=2=-）—— 按 zhixing 规矩不许自动接手
2026-09-29 14:39:25 [74893] SKIP 需要人（escalated=DOC-PROOF-001,OCR-SPIKE-001 qa_failed>=2=-）—— 按 zhixing 规矩不许自动接手
2026-09-29 14:40:25 [77338] SKIP 需要人（escalated=DOC-PROOF-001,OCR-SPIKE-001 qa_failed>=2=-）—— 按 zhixing 规矩不许自动接手
2026-09-29 14:41:25 [79863] SKIP 需要人（escalated=DOC-PROOF-001,OCR-SPIKE-001 qa_failed>=2=-）—— 按 zhixing 规矩不许自动接手
2026-09-29 14:42:25 [81855] SKIP 需要人（escalated=DOC-PROOF-001,OCR-SPIKE-001 qa_failed>=2=-）—— 按 zhixing 规矩不许自动接手
2026-09-29 14:43:25 [84130] SKIP 需要人（escalated=DOC-PROOF-001,OCR-SPIKE-001 qa_failed>=2=-）—— 按 zhixing 规矩不许自动接手
2026-09-29 14:44:25 [86016] SKIP 需要人（escalated=DOC-PROOF-001,OCR-SPIKE-001 qa_failed>=2=-）—— 按 zhixing 规矩不许自动接手
2026-09-29 14:45:25 [87939] SKIP 需要人（escalated=DOC-PROOF-001,OCR-SPIKE-001 qa_failed>=2=-）—— 按 zhixing 规矩不许自动接手
2026-09-29 14:46:25 [89738] SKIP 需要人（escalated=DOC-PROOF-001,OCR-SPIKE-001 qa_failed>=2=-）—— 按 zhixing 规矩不许自动接手
2026-09-29 14:47:25 [91478] SKIP 需要人（escalated=DOC-PROOF-001,OCR-SPIKE-001 qa_failed>=2=-）—— 按 zhixing 规矩不许自动接手
2026-09-29 14:48:26 [93152] SKIP 需要人（escalated=DOC-PROOF-001,OCR-SPIKE-001 qa_failed>=2=-）—— 按 zhixing 规矩不许自动接手
2026-09-29 14:49:26 [94820] SKIP 需要人（escalated=DOC-PROOF-001,OCR-SPIKE-001 qa_failed>=2=-）—— 按 zhixing 规矩不许自动接手
2026-09-29 14:50:26 [96489] SKIP 需要人（escalated=DOC-PROOF-001,OCR-SPIKE-001 qa_failed>=2=-）—— 按 zhixing 规矩不许自动接手
2026-09-29 14:51:26 [98219] SKIP 需要人（escalated=DOC-PROOF-001,OCR-SPIKE-001 qa_failed>=2=-）—— 按 zhixing 规矩不许自动接手
2026-09-29 14:52:26 [99911] SKIP 需要人（escalated=DOC-PROOF-001,OCR-SPIKE-001 qa_failed>=2=-）—— 按 zhixing 规矩不许自动接手
2026-09-29 14:53:26 [1985] SKIP 需要人（escalated=DOC-PROOF-001,OCR-SPIKE-001 qa_failed>=2=-）—— 按 zhixing 规矩不许自动接手
2026-09-29 14:54:26 [3675] SKIP 需要人（escalated=DOC-PROOF-001,OCR-SPIKE-001 qa_failed>=2=-）—— 按 zhixing 规矩不许自动接手
2026-09-29 14:55:26 [5429] SKIP 需要人（escalated=DOC-PROOF-001,OCR-SPIKE-001 qa_failed>=2=-）—— 按 zhixing 规矩不许自动接手
2026-09-29 14:56:26 [7109] SKIP 需要人（escalated=DOC-PROOF-001,OCR-SPIKE-001 qa_failed>=2=-）—— 按 zhixing 规矩不许自动接手
2026-09-29 14:57:26 [8776] SKIP 需要人（escalated=DOC-PROOF-001,OCR-SPIKE-001 qa_failed>=2=-）—— 按 zhixing 规矩不许自动接手
2026-09-29 14:58:27 [10457] SKIP 需要人（escalated=DOC-PROOF-001,OCR-SPIKE-001 qa_failed>=2=-）—— 按 zhixing 规矩不许自动接手
2026-09-29 14:59:27 [12187] SKIP 需要人（escalated=DOC-PROOF-001,OCR-SPIKE-001 qa_failed>=2=-）—— 按 zhixing 规矩不许自动接手
2026-09-29 15:00:27 [13856] SKIP 需要人（escalated=DOC-PROOF-001,OCR-SPIKE-001 qa_failed>=2=-）—— 按 zhixing 规矩不许自动接手
2026-09-29 15:01:27 [15982] SKIP 需要人（escalated=DOC-PROOF-001,OCR-SPIKE-001 qa_failed>=2=-）—— 按 zhixing 规矩不许自动接手
2026-09-29 15:02:27 [17672] SKIP 需要人（escalated=DOC-PROOF-001,OCR-SPIKE-001 qa_failed>=2=-）—— 按 zhixing 规矩不许自动接手
2026-09-29 15:03:27 [19478] SKIP 需要人（escalated=DOC-PROOF-001,OCR-SPIKE-001 qa_failed>=2=-）—— 按 zhixing 规矩不许自动接手
2026-09-29 15:04:27 [21285] SKIP 需要人（escalated=DOC-PROOF-001,OCR-SPIKE-001 qa_failed>=2=-）—— 按 zhixing 规矩不许自动接手
2026-09-29 15:05:27 [22956] SKIP 需要人（escalated=DOC-PROOF-001,OCR-SPIKE-001 qa_failed>=2=-）—— 按 zhixing 规矩不许自动接手
2026-09-29 15:06:27 [24635] SKIP 需要人（escalated=DOC-PROOF-001,OCR-SPIKE-001 qa_failed>=2=-）—— 按 zhixing 规矩不许自动接手
2026-09-29 15:07:27 [26381] SKIP 需要人（escalated=DOC-PROOF-001,OCR-SPIKE-001 qa_failed>=2=-）—— 按 zhixing 规矩不许自动接手
2026-09-29 15:08:27 [28145] SKIP 需要人（escalated=DOC-PROOF-001,OCR-SPIKE-001 qa_failed>=2=-）—— 按 zhixing 规矩不许自动接手
2026-09-29 15:09:28 [29853] SKIP 需要人（escalated=DOC-PROOF-001,OCR-SPIKE-001 qa_failed>=2=-）—— 按 zhixing 规矩不许自动接手
2026-09-29 15:10:28 [31538] SKIP 需要人（escalated=DOC-PROOF-001,OCR-SPIKE-001 qa_failed>=2=-）—— 按 zhixing 规矩不许自动接手
2026-09-29 15:11:28 [33275] SKIP 需要人（escalated=DOC-PROOF-001,OCR-SPIKE-001 qa_failed>=2=-）—— 按 zhixing 规矩不许自动接手
2026-09-29 15:12:28 [35393] SKIP 需要人（escalated=DOC-PROOF-001,OCR-SPIKE-001 qa_failed>=2=-）—— 按 zhixing 规矩不许自动接手
2026-09-29 15:13:28 [37079] SKIP 需要人（escalated=DOC-PROOF-001,OCR-SPIKE-001 qa_failed>=2=-）—— 按 zhixing 规矩不许自动接手
2026-09-29 15:14:28 [38818] SKIP 需要人（escalated=DOC-PROOF-001,OCR-SPIKE-001 qa_failed>=2=-）—— 按 zhixing 规矩不许自动接手
2026-09-29 15:15:28 [40538] SKIP 需要人（escalated=DOC-PROOF-001,OCR-SPIKE-001 qa_failed>=2=-）—— 按 zhixing 规矩不许自动接手
2026-09-29 15:16:28 [42225] SKIP 需要人（escalated=DOC-PROOF-001,OCR-SPIKE-001 qa_failed>=2=-）—— 按 zhixing 规矩不许自动接手
2026-09-29 15:17:28 [43931] SKIP 需要人（escalated=DOC-PROOF-001,OCR-SPIKE-001 qa_failed>=2=-）—— 按 zhixing 规矩不许自动接手
2026-09-29 15:18:28 [45668] SKIP 需要人（escalated=DOC-PROOF-001,OCR-SPIKE-001 qa_failed>=2=-）—— 按 zhixing 规矩不许自动接手
2026-09-29 15:19:29 [47339] SKIP 需要人（escalated=DOC-PROOF-001,OCR-SPIKE-001 qa_failed>=2=-）—— 按 zhixing 规矩不许自动接手
2026-09-29 15:20:29 [49784] SKIP 需要人（escalated=DOC-PROOF-001,OCR-SPIKE-001 qa_failed>=2=-）—— 按 zhixing 规矩不许自动接手
2026-09-29 15:21:29 [51730] SKIP 需要人（escalated=DOC-PROOF-001,OCR-SPIKE-001 qa_failed>=2=-）—— 按 zhixing 规矩不许自动接手
